"","Rules","Class Label","Performance Score","Performance Score (Class)","Performance Score (Else Class)"
"1","x$EXO1<=24.0000000149012 & x$MYC<=80.0000000149012","BRCA.LumA",0.1,0.1,0
"2","x$EXO1>24.0000000149012 & x$FOXA1>82.0000000149012 & x$ESR1<=96.0000000149012 & x$CCNB1>56.0000000149012","BRCA.Her2",0.02,0.02,0
"3","x$EXO1>24.0000000149012 & x$FOXA1>82.0000000149012 & x$ESR1>96.0000000149012 & x$GRB7>54.0000000149012 & x$ACTR3B>20.0000000149012 & x$MMP11<=98.0000000149012","BRCA.LumA",0.02,0.02,0
"4","x$MLPH<=46.0000000149012","BRCA.Basal",0.02,0.02,0
"5","x$MLPH>46.0000000149012 & x$SFRP1<=20.0000000149012 & x$GRB7<=28.0000000149012","BRCA.LumA",0.02,0.02,0
"6","x$MLPH>46.0000000149012 & x$SFRP1<=20.0000000149012 & x$GRB7>28.0000000149012 & x$MELK<=24.0000000149012 & x$CEP55>32.0000000149012","BRCA.LumB",0.02,0.02,0
"7","x$MLPH>46.0000000149012 & x$SFRP1<=20.0000000149012 & x$GRB7>28.0000000149012 & x$MELK>24.0000000149012 & x$CDC6>24.0000000149012","BRCA.LumB",0.02,0.02,0
"8","x$MLPH>46.0000000149012 & x$SFRP1>20.0000000149012 & x$CDH3<=78.0000000149012","BRCA.LumA",0.12,0.12,0
"9","x$MELK<=34.0000000149012 & x$CCNB1<=74.0000000149012 & x$FOXA1>10.0000000149012 & x$MAPT<=90.0000000149012 & x$MAPT>14.0000000149012","BRCA.LumA",0.1,0.1,0
"10","x$MELK>34.0000000149012 & x$TMEM45B>2.00000001490116 & x$KIF2C<=32.0000000149012 & x$NAT1>46.0000000149012","BRCA.LumA",0.02,0.02,0
"11","x$MELK>34.0000000149012 & x$TMEM45B>2.00000001490116 & x$KIF2C>32.0000000149012 & x$SFRP1<=26.0000000149012 & x$MYBL2>28.0000000149012","BRCA.LumB",0.02,0.02,0
"12","x$MELK>34.0000000149012 & x$TMEM45B>2.00000001490116 & x$KIF2C>32.0000000149012 & x$SFRP1>26.0000000149012 & x$SLC39A6>88.0000000149012","BRCA.Normal",0.02,0.02,0
"13","x$MLPH<=50.0000000149012","BRCA.Basal",0.02,0.02,0
"14","x$MLPH>50.0000000149012 & x$BIRC5<=28.0000000149012 & x$TMEM45B<=4.00000001490116 & x$MAPT<=78.0000000149012","BRCA.LumA",0.02,0.02,0
"15","x$MLPH>50.0000000149012 & x$BIRC5<=28.0000000149012 & x$TMEM45B>4.00000001490116","BRCA.LumA",0.1,0.1,0
"16","x$MLPH>50.0000000149012 & x$BIRC5>28.0000000149012 & x$KRT14<=50.0000000149012 & x$TMEM45B<=38.0000000149012 & x$FOXC1<=18.0000000149012","BRCA.LumB",0.04,0.04,0
"17","x$MLPH>50.0000000149012 & x$BIRC5>28.0000000149012 & x$KRT14<=50.0000000149012 & x$TMEM45B>38.0000000149012 & x$CENPF>70.0000000149012","BRCA.Her2",0.02,0.02,0
"18","x$BCL2<=62.0000000149012 & x$CDC20<=62.0000000149012 & x$PGR<=14.0000000149012","BRCA.Her2",0.04,0.04,0
"19","x$BCL2<=62.0000000149012 & x$CDC20<=62.0000000149012 & x$PGR>14.0000000149012","BRCA.LumA",0.02,0.02,0
"20","x$BCL2>62.0000000149012 & x$SFRP1<=32.0000000149012 & x$BLVRA>38.0000000149012 & x$GPR160<=70.0000000149012","BRCA.LumB",0.02,0.02,0
"21","x$BCL2>62.0000000149012 & x$SFRP1<=32.0000000149012 & x$BLVRA>38.0000000149012 & x$GPR160>70.0000000149012 & x$EXO1>16.0000000149012","BRCA.LumB",0.02,0.02,0
"22","x$BCL2>62.0000000149012 & x$SFRP1>32.0000000149012 & x$CENPF<=88.0000000149012","BRCA.LumA",0.12,0.12,0
"23","x$GPR160<=44.0000000149012 & x$MKI67<=84.0000000149012 & x$KRT14>24.0000000149012","BRCA.LumA",0.02,0.02,0
"24","x$GPR160>44.0000000149012 & x$RRM2<=64.0000000149012","BRCA.LumA",0.04,0.04,0
"25","x$GPR160>44.0000000149012 & x$RRM2>64.0000000149012 & x$PGR<=4.00000001490116 & x$EGFR<=64.0000000149012","BRCA.Her2",0.02,0.02,0
"26","x$GPR160>44.0000000149012 & x$RRM2>64.0000000149012 & x$PGR>4.00000001490116 & x$TMEM45B>28.0000000149012 & x$UBE2T<=56.0000000149012","BRCA.LumA",0.02,0.02,0
"27","x$CDH3<=82.0000000149012 & x$KRT14<=26.0000000149012 & x$PTTG1<=60.0000000149012 & x$ACTR3B<=36.0000000149012","BRCA.LumB",0.02,0.02,0
"28","x$CDH3<=82.0000000149012 & x$KRT14<=26.0000000149012 & x$PTTG1<=60.0000000149012 & x$ACTR3B>36.0000000149012","BRCA.LumA",0.04,0.04,0
"29","x$CDH3<=82.0000000149012 & x$KRT14>26.0000000149012 & x$KRT17<=92.0000000149012 & x$CXXC5>40.0000000149012 & x$ANLN<=58.0000000149012","BRCA.LumA",0.06,0.06,0
"30","x$CDH3<=82.0000000149012 & x$KRT14>26.0000000149012 & x$KRT17<=92.0000000149012 & x$CXXC5>40.0000000149012 & x$ANLN>58.0000000149012 & x$BIRC5<=20.0000000149012","BRCA.LumB",0.02,0.02,0
"31","x$CDH3<=82.0000000149012 & x$KRT14>26.0000000149012 & x$KRT17<=92.0000000149012 & x$CXXC5>40.0000000149012 & x$ANLN>58.0000000149012 & x$BIRC5>20.0000000149012","BRCA.LumA",0.02,0.02,0
"32","x$CDH3>82.0000000149012 & x$NAT1<=32.0000000149012","BRCA.Basal",0.02,0.02,0
"33","x$ESR1<=30.0000000149012 & x$ERBB2<=94.0000000149012","BRCA.Basal",0.02,0.02,0
"34","x$ESR1<=30.0000000149012 & x$ERBB2>94.0000000149012 & x$TMEM45B>4.00000001490116","BRCA.Her2",0.02,0.02,0
"35","x$ESR1>30.0000000149012 & x$RRM2<=64.0000000149012 & x$CCNB1<=70.0000000149012","BRCA.LumA",0.08,0.08,0
"36","x$ESR1>30.0000000149012 & x$RRM2>64.0000000149012 & x$PHGDH<=80.0000000149012 & x$CDC6>28.0000000149012","BRCA.LumB",0.06,0.06,0
"37","x$ESR1>30.0000000149012 & x$RRM2>64.0000000149012 & x$PHGDH>80.0000000149012","BRCA.Her2",0.02,0.02,0
"38","x$MELK<=30.0000000149012 & x$FOXC1<=56.0000000149012 & x$CENPF<=84.0000000149012","BRCA.LumA",0.08,0.08,0
"39","x$MELK<=30.0000000149012 & x$FOXC1>56.0000000149012 & x$CDC6>32.0000000149012","BRCA.Basal",0.02,0.02,0
"40","x$MELK>30.0000000149012 & x$NAT1<=20.0000000149012 & x$SFRP1<=64.0000000149012 & x$CDC20<=84.0000000149012","BRCA.Her2",0.04,0.04,0
"41","x$MELK>30.0000000149012 & x$NAT1<=20.0000000149012 & x$SFRP1>64.0000000149012","BRCA.Basal",0.02,0.02,0
"42","x$MELK>30.0000000149012 & x$NAT1>20.0000000149012 & x$MYBL2>26.0000000149012 & x$KRT5<=30.0000000149012","BRCA.LumB",0.02,0.02,0
"43","x$MELK>30.0000000149012 & x$NAT1>20.0000000149012 & x$MYBL2>26.0000000149012 & x$KRT5>30.0000000149012","BRCA.LumA",0.02,0.02,0
"44","x$UBE2C<=66.0000000149012 & x$CEP55<=40.0000000149012 & x$UBE2C<=48.0000000149012","BRCA.LumA",0.08,0.08,0
"45","x$UBE2C<=66.0000000149012 & x$CEP55<=40.0000000149012 & x$UBE2C>48.0000000149012 & x$MKI67<=78.0000000149012 & x$BLVRA<=88.0000000149012","BRCA.LumA",0.02,0.02,0
"46","x$UBE2C<=66.0000000149012 & x$CEP55<=40.0000000149012 & x$UBE2C>48.0000000149012 & x$MKI67>78.0000000149012","BRCA.LumB",0.02,0.02,0
"47","x$UBE2C<=66.0000000149012 & x$CEP55>40.0000000149012 & x$GPR160>42.0000000149012 & x$EXO1>18.0000000149012","BRCA.LumB",0.04,0.04,0
"48","x$FOXC1<=52.0000000149012 & x$ESR1<=52.0000000149012 & x$MLPH>22.0000000149012","BRCA.Her2",0.04,0.04,0
"49","x$FOXC1<=52.0000000149012 & x$ESR1>52.0000000149012 & x$KIF2C<=32.0000000149012","BRCA.LumA",0.1,0.1,0
"50","x$FOXC1<=52.0000000149012 & x$ESR1>52.0000000149012 & x$KIF2C>32.0000000149012 & x$EGFR<=14.0000000149012 & x$CEP55>34.0000000149012","BRCA.LumB",0.04,0.04,0
"51","x$FOXC1<=52.0000000149012 & x$ESR1>52.0000000149012 & x$KIF2C>32.0000000149012 & x$EGFR>14.0000000149012 & x$MYC<=82.0000000149012","BRCA.LumA",0.02,0.02,0
"52","x$FOXC1>52.0000000149012","BRCA.Basal",0.1,0.1,0
"53","x$KIF2C<=46.0000000149012 & x$CENPF<=84.0000000149012 & x$GRB7>20.0000000149012","BRCA.LumA",0.1,0.1,0
"54","x$KIF2C<=46.0000000149012 & x$CENPF>84.0000000149012 & x$MELK>28.0000000149012 & x$KRT14>4.00000001490116","BRCA.Her2",0.02,0.02,0
"55","x$KIF2C>46.0000000149012 & x$FOXA1>56.0000000149012 & x$BCL2>22.0000000149012 & x$PTTG1>26.0000000149012","BRCA.LumB",0.02,0.02,0
"56","x$FOXA1<=72.0000000149012","BRCA.Basal",0.04,0.04,0
"57","x$FOXA1>72.0000000149012 & x$KRT14<=22.0000000149012 & x$NAT1>14.0000000149012 & x$FGFR4<=14.0000000149012 & x$CCNB1<=72.0000000149012","BRCA.LumA",0.02,0.02,0
"58","x$FOXA1>72.0000000149012 & x$KRT14>22.0000000149012","BRCA.LumA",0.1,0.1,0
"59","x$CEP55<=38.0000000149012 & x$MYBL2<=62.0000000149012 & x$GRB7<=66.0000000149012","BRCA.LumA",0.1,0.1,0
"60","x$CEP55>38.0000000149012 & x$MIA>8.00000001490116","BRCA.Basal",0.02,0.02,0
"61","x$CXXC5<=34.0000000149012 & x$BCL2>54.0000000149012 & x$FOXA1<=86.0000000149012","BRCA.LumA",0.02,0.02,0
"62","x$CXXC5>34.0000000149012 & x$NUF2<=24.0000000149012","BRCA.LumA",0.08,0.08,0
"63","x$CXXC5>34.0000000149012 & x$NUF2>24.0000000149012 & x$KRT5<=24.0000000149012 & x$BCL2<=78.0000000149012","BRCA.LumB",0.02,0.02,0
"64","x$CXXC5>34.0000000149012 & x$NUF2>24.0000000149012 & x$KRT5<=24.0000000149012 & x$BCL2>78.0000000149012 & x$FOXC1<=10.0000000149012","BRCA.LumB",0.02,0.02,0
"65","x$CXXC5>34.0000000149012 & x$NUF2>24.0000000149012 & x$KRT5>24.0000000149012","BRCA.LumA",0.02,0.02,0
"66","x$CXXC5>28.0000000149012 & x$NDC80<=28.0000000149012 & x$MELK<=50.0000000149012 & x$KRT17>4.00000001490116 & x$EGFR<=54.0000000149012 & x$PHGDH<=78.0000000149012 & x$KIF2C>16.0000000149012","BRCA.LumA",0.1,0.1,0
"67","x$CXXC5>28.0000000149012 & x$NDC80<=28.0000000149012 & x$MELK<=50.0000000149012 & x$KRT17>4.00000001490116 & x$EGFR>54.0000000149012","BRCA.Normal",0.02,0.02,0
"68","x$CXXC5>28.0000000149012 & x$NDC80>28.0000000149012 & x$CCNE1<=24.0000000149012 & x$ESR1<=92.0000000149012 & x$FOXA1>90.0000000149012","BRCA.LumB",0.02,0.02,0
"69","x$CXXC5>28.0000000149012 & x$NDC80>28.0000000149012 & x$CCNE1<=24.0000000149012 & x$ESR1>92.0000000149012","BRCA.LumB",0.02,0.02,0
"70","x$SLC39A6<=84.0000000149012","BRCA.Basal",0.02,0.02,0
"71","x$SLC39A6>84.0000000149012 & x$MKI67<=80.0000000149012 & x$KRT17>28.0000000149012","BRCA.LumA",0.08,0.08,0
"72","x$SLC39A6>84.0000000149012 & x$MKI67>80.0000000149012 & x$ERBB2<=98.0000000149012 & x$BIRC5>28.0000000149012","BRCA.LumB",0.04,0.04,0
"73","x$SLC39A6>84.0000000149012 & x$MKI67>80.0000000149012 & x$ERBB2>98.0000000149012","BRCA.Her2",0.02,0.02,0
"74","x$ESR1<=64.0000000149012 & x$FGFR4<=38.0000000149012","BRCA.Basal",0.04,0.04,0
"75","x$ESR1<=64.0000000149012 & x$FGFR4>38.0000000149012","BRCA.Her2",0.04,0.04,0
"76","x$ESR1>64.0000000149012 & x$ORC6L<=22.0000000149012 & x$NAT1>34.0000000149012","BRCA.LumA",0.1,0.1,0
"77","x$ESR1>64.0000000149012 & x$ORC6L>22.0000000149012 & x$CCNE1>2.00000001490116","BRCA.LumB",0.02,0.02,0
"78","x$ESR1<=20.0000000149012 & x$UBE2T<=72.0000000149012","BRCA.Basal",0.02,0.02,0
"79","x$ESR1>20.0000000149012 & x$KRT14<=36.0000000149012 & x$BCL2<=76.0000000149012","BRCA.LumB",0.02,0.02,0
"80","x$ESR1>20.0000000149012 & x$KRT14>36.0000000149012 & x$NUF2<=30.0000000149012","BRCA.LumA",0.1,0.1,0
"81","x$ESR1>20.0000000149012 & x$KRT14>36.0000000149012 & x$NUF2>30.0000000149012","BRCA.LumB",0.02,0.02,0
"82","x$MELK<=38.0000000149012 & x$CCNE1<=12.0000000149012 & x$MMP11>58.0000000149012 & x$MAPT>16.0000000149012","BRCA.LumA",0.1,0.1,0
"83","x$MELK<=38.0000000149012 & x$CCNE1>12.0000000149012 & x$ESR1<=72.0000000149012 & x$TYMS>56.0000000149012","BRCA.Her2",0.02,0.02,0
"84","x$MELK>38.0000000149012 & x$BLVRA<=56.0000000149012","BRCA.Basal",0.02,0.02,0
"85","x$MELK>38.0000000149012 & x$BLVRA>56.0000000149012 & x$NUF2<=34.0000000149012 & x$ESR1<=38.0000000149012","BRCA.Her2",0.02,0.02,0
"86","x$MELK>38.0000000149012 & x$BLVRA>56.0000000149012 & x$NUF2<=34.0000000149012 & x$ESR1>38.0000000149012 & x$RRM2>44.0000000149012","BRCA.LumB",0.02,0.02,0
"87","x$MELK<=30.0000000149012 & x$EGFR<=52.0000000149012 & x$BCL2<=44.0000000149012","BRCA.Her2",0.02,0.02,0
"88","x$MELK<=30.0000000149012 & x$EGFR<=52.0000000149012 & x$BCL2>44.0000000149012","BRCA.LumA",0.04,0.04,0
"89","x$MELK<=30.0000000149012 & x$EGFR>52.0000000149012 & x$MYC<=66.0000000149012","BRCA.Basal",0.02,0.02,0
"90","x$MELK>30.0000000149012 & x$MYC<=60.0000000149012 & x$SLC39A6>68.0000000149012 & x$CCNE1<=8.00000001490116","BRCA.LumA",0.02,0.02,0
"91","x$MELK>30.0000000149012 & x$MYC<=60.0000000149012 & x$SLC39A6>68.0000000149012 & x$CCNE1>8.00000001490116","BRCA.LumB",0.04,0.04,0
"92","x$MELK>30.0000000149012 & x$MYC>60.0000000149012 & x$MLPH>50.0000000149012 & x$NAT1<=68.0000000149012 & x$NAT1<=20.0000000149012 & x$BAG1<=76.0000000149012","BRCA.Her2",0.02,0.02,0
"93","x$MELK>30.0000000149012 & x$MYC>60.0000000149012 & x$MLPH>50.0000000149012 & x$NAT1>68.0000000149012","BRCA.LumA",0.04,0.04,0
"94","x$UBE2C<=50.0000000149012 & x$MAPT>32.0000000149012 & x$KIF2C<=14.0000000149012","BRCA.Normal",0.02,0.02,0
"95","x$UBE2C<=50.0000000149012 & x$MAPT>32.0000000149012 & x$KIF2C>14.0000000149012 & x$RRM2<=64.0000000149012","BRCA.LumA",0.06,0.06,0
"96","x$UBE2C>50.0000000149012 & x$MDM2>64.0000000149012 & x$CCNB1<=68.0000000149012 & x$NUF2<=30.0000000149012","BRCA.LumA",0.02,0.02,0
"97","x$UBE2C>50.0000000149012 & x$MDM2>64.0000000149012 & x$CCNB1<=68.0000000149012 & x$NUF2>30.0000000149012 & x$MDM2<=82.0000000149012","BRCA.Her2",0.06,0.06,0
"98","x$MELK<=42.0000000149012 & x$UBE2C<=54.0000000149012 & x$ERBB2<=98.0000000149012 & x$SFRP1<=82.0000000149012 & x$TMEM45B<=74.0000000149012","BRCA.LumA",0.1,0.1,0
"99","x$MELK<=42.0000000149012 & x$UBE2C<=54.0000000149012 & x$ERBB2<=98.0000000149012 & x$SFRP1>82.0000000149012","BRCA.Normal",0.02,0.02,0
"100","x$MELK<=42.0000000149012 & x$UBE2C<=54.0000000149012 & x$ERBB2>98.0000000149012 & x$RRM2>34.0000000149012","BRCA.Her2",0.02,0.02,0
"101","x$MELK>42.0000000149012 & x$ESR1<=20.0000000149012","BRCA.Basal",0.02,0.02,0
"102","x$MELK>42.0000000149012 & x$ESR1>20.0000000149012 & x$PGR<=4.00000001490116","BRCA.Her2",0.02,0.02,0
"103","x$MELK>42.0000000149012 & x$ESR1>20.0000000149012 & x$PGR>4.00000001490116","BRCA.LumB",0.04,0.04,0
"104","x$CCNE1<=10.0000000149012 & x$EXO1<=18.0000000149012","BRCA.LumA",0.1,0.1,0
"105","x$CCNE1<=10.0000000149012 & x$EXO1>18.0000000149012 & x$MYBL2<=62.0000000149012 & x$RRM2>52.0000000149012","BRCA.LumA",0.02,0.02,0
"106","x$CCNE1<=10.0000000149012 & x$EXO1>18.0000000149012 & x$MYBL2>62.0000000149012","BRCA.LumB",0.02,0.02,0
"107","x$CDC20<=54.0000000149012 & x$KIF2C<=48.0000000149012 & x$BCL2<=66.0000000149012 & x$ERBB2>84.0000000149012","BRCA.LumA",0.04,0.04,0
"108","x$CDC20<=54.0000000149012 & x$KIF2C<=48.0000000149012 & x$BCL2>66.0000000149012","BRCA.LumA",0.1,0.1,0
"109","x$CDC20>54.0000000149012 & x$CDH3<=26.0000000149012 & x$CCNE1<=24.0000000149012 & x$MYBL2>44.0000000149012","BRCA.LumB",0.02,0.02,0
"110","x$CDC20>54.0000000149012 & x$CDH3>26.0000000149012 & x$TMEM45B>18.0000000149012","BRCA.Her2",0.02,0.02,0
"111","x$BIRC5<=36.0000000149012 & x$CEP55<=46.0000000149012 & x$CDC20<=56.0000000149012","BRCA.LumA",0.12,0.12,0
"112","x$BIRC5<=36.0000000149012 & x$CEP55<=46.0000000149012 & x$CDC20>56.0000000149012","BRCA.Her2",0.02,0.02,0
"113","x$BIRC5<=36.0000000149012 & x$CEP55>46.0000000149012","BRCA.LumB",0.02,0.02,0
"114","x$BIRC5>36.0000000149012 & x$FOXC1<=20.0000000149012 & x$MAPT<=86.0000000149012 & x$ESR1>12.0000000149012","BRCA.LumB",0.02,0.02,0
"115","x$BIRC5>36.0000000149012 & x$FOXC1<=20.0000000149012 & x$MAPT>86.0000000149012 & x$MELK<=30.0000000149012 & x$MMP11>78.0000000149012","BRCA.LumB",0.02,0.02,0
"116","x$BCL2>44.0000000149012 & x$MYBL2<=70.0000000149012 & x$ESR1>4.00000001490116 & x$BCL2<=66.0000000149012 & x$FGFR4>6.00000001490116","BRCA.LumA",0.02,0.02,0
"117","x$BCL2>44.0000000149012 & x$MYBL2<=70.0000000149012 & x$ESR1>4.00000001490116 & x$BCL2>66.0000000149012","BRCA.LumA",0.12,0.12,0
"118","x$GPR160<=22.0000000149012","BRCA.Basal",0.02,0.02,0
"119","x$GPR160>22.0000000149012 & x$CDC6<=44.0000000149012 & x$PGR<=10.0000000149012 & x$MYBL2<=52.0000000149012","BRCA.Basal",0.02,0.02,0
"120","x$GPR160>22.0000000149012 & x$CDC6<=44.0000000149012 & x$PGR<=10.0000000149012 & x$MYBL2>52.0000000149012","BRCA.Her2",0.02,0.02,0
"121","x$GPR160>22.0000000149012 & x$CDC6<=44.0000000149012 & x$PGR>10.0000000149012 & x$MYBL2<=64.0000000149012","BRCA.LumA",0.08,0.08,0
"122","x$GPR160>22.0000000149012 & x$CDC6>44.0000000149012 & x$CEP55>44.0000000149012 & x$NAT1<=22.0000000149012","BRCA.Her2",0.02,0.02,0
"123","x$KRT17<=56.0000000149012 & x$EGFR<=24.0000000149012 & x$ESR1>42.0000000149012 & x$ACTR3B<=26.0000000149012 & x$SFRP1<=28.0000000149012","BRCA.LumB",0.06,0.06,0
"124","x$KRT17<=56.0000000149012 & x$EGFR<=24.0000000149012 & x$ESR1>42.0000000149012 & x$ACTR3B>26.0000000149012","BRCA.LumA",0.02,0.02,0
"125","x$KRT17>56.0000000149012 & x$PGR<=8.00000001490116 & x$TMEM45B<=8.00000001490116","BRCA.Basal",0.04,0.04,0
"126","x$KRT17>56.0000000149012 & x$PGR<=8.00000001490116 & x$TMEM45B>8.00000001490116","BRCA.Her2",0.06,0.06,0
"127","x$KRT17>56.0000000149012 & x$PGR>8.00000001490116","BRCA.LumA",0.1,0.1,0
"128","x$CXXC5<=50.0000000149012 & x$KRT17>8.00000001490116 & x$BAG1>28.0000000149012","BRCA.Basal",0.08,0.08,0
"129","x$CXXC5>50.0000000149012 & x$GRB7<=70.0000000149012 & x$UBE2T<=48.0000000149012 & x$CENPF<=54.0000000149012 & x$FOXC1<=46.0000000149012","BRCA.LumA",0.04,0.04,0
"130","x$CXXC5>50.0000000149012 & x$GRB7<=70.0000000149012 & x$UBE2T<=48.0000000149012 & x$CENPF>54.0000000149012","BRCA.LumA",0.08,0.08,0
"131","x$CXXC5>50.0000000149012 & x$GRB7<=70.0000000149012 & x$UBE2T>48.0000000149012 & x$MELK>32.0000000149012","BRCA.LumB",0.02,0.02,0
"132","x$CXXC5>50.0000000149012 & x$GRB7>70.0000000149012","BRCA.Her2",0.02,0.02,0
"133","x$MYBL2<=58.0000000149012","BRCA.LumA",0.14,0.14,0
"134","x$MYBL2>58.0000000149012 & x$ESR1<=58.0000000149012 & x$MLPH>72.0000000149012","BRCA.Her2",0.04,0.04,0
"135","x$MYBL2>58.0000000149012 & x$ESR1>58.0000000149012 & x$NUF2>26.0000000149012 & x$GRB7<=84.0000000149012","BRCA.LumB",0.02,0.02,0
"136","x$SFRP1<=90.0000000149012 & x$NUF2<=22.0000000149012 & x$ORC6L<=16.0000000149012","BRCA.LumA",0.06,0.06,0
"137","x$SFRP1<=90.0000000149012 & x$NUF2<=22.0000000149012 & x$ORC6L>16.0000000149012 & x$ERBB2<=88.0000000149012","BRCA.LumB",0.02,0.02,0
"138","x$SFRP1<=90.0000000149012 & x$NUF2<=22.0000000149012 & x$ORC6L>16.0000000149012 & x$ERBB2>88.0000000149012","BRCA.Her2",0.06,0.06,0
"139","x$SFRP1<=90.0000000149012 & x$NUF2>22.0000000149012 & x$MKI67<=76.0000000149012 & x$UBE2C<=58.0000000149012 & x$MYC>34.0000000149012","BRCA.LumA",0.02,0.02,0
"140","x$SFRP1<=90.0000000149012 & x$NUF2>22.0000000149012 & x$MKI67>76.0000000149012 & x$KRT17<=46.0000000149012 & x$ESR1>6.00000001490116","BRCA.LumB",0.06,0.06,0
"141","x$SFRP1<=90.0000000149012 & x$NUF2>22.0000000149012 & x$MKI67>76.0000000149012 & x$KRT17>46.0000000149012 & x$CENPF<=84.0000000149012","BRCA.Her2",0.02,0.02,0
"142","x$SFRP1>90.0000000149012","BRCA.Basal",0.1,0.1,0
"143","x$UBE2C<=52.0000000149012 & x$CXXC5>12.0000000149012 & x$RRM2<=66.0000000149012","BRCA.LumA",0.1,0.1,0
"144","x$UBE2C<=52.0000000149012 & x$CXXC5>12.0000000149012 & x$RRM2>66.0000000149012 & x$CEP55<=26.0000000149012","BRCA.Her2",0.02,0.02,0
"145","x$UBE2C>52.0000000149012 & x$MYC<=74.0000000149012 & x$EXO1>20.0000000149012 & x$BAG1>28.0000000149012","BRCA.LumB",0.02,0.02,0
"146","x$NUF2<=28.0000000149012 & x$GPR160>28.0000000149012 & x$FOXC1<=10.0000000149012 & x$MLPH<=86.0000000149012","BRCA.LumB",0.02,0.02,0
"147","x$NUF2<=28.0000000149012 & x$GPR160>28.0000000149012 & x$FOXC1>10.0000000149012 & x$BIRC5<=42.0000000149012","BRCA.LumA",0.08,0.08,0
"148","x$NUF2>28.0000000149012 & x$MAPT>26.0000000149012 & x$CDC20<=40.0000000149012","BRCA.LumA",0.04,0.04,0
"149","x$NUF2>28.0000000149012 & x$MAPT>26.0000000149012 & x$CDC20>40.0000000149012 & x$FOXA1>78.0000000149012","BRCA.LumB",0.02,0.02,0
"150","x$MYBL2<=58.0000000149012 & x$ANLN<=60.0000000149012 & x$ESR1>26.0000000149012 & x$GPR160<=80.0000000149012","BRCA.LumA",0.1,0.1,0
"151","x$MYBL2<=58.0000000149012 & x$ANLN<=60.0000000149012 & x$ESR1>26.0000000149012 & x$GPR160>80.0000000149012","BRCA.LumB",0.04,0.04,0
"152","x$MYBL2>58.0000000149012 & x$CDC20<=56.0000000149012 & x$CDH3>56.0000000149012","BRCA.Her2",0.04,0.04,0
"153","x$MYBL2>58.0000000149012 & x$CDC20>56.0000000149012 & x$SLC39A6>90.0000000149012 & x$RRM2>40.0000000149012","BRCA.LumB",0.02,0.02,0
"154","x$CEP55<=40.0000000149012 & x$NAT1<=12.0000000149012 & x$CCNB1<=64.0000000149012","BRCA.Basal",0.06,0.06,0
"155","x$CEP55<=40.0000000149012 & x$NAT1>12.0000000149012 & x$KRT17<=34.0000000149012","BRCA.LumB",0.02,0.02,0
"156","x$CEP55<=40.0000000149012 & x$NAT1>12.0000000149012 & x$KRT17>34.0000000149012","BRCA.LumA",0.1,0.1,0
"157","x$CEP55>40.0000000149012 & x$GPR160>24.0000000149012 & x$MDM2>68.0000000149012 & x$SFRP1<=20.0000000149012","BRCA.LumB",0.02,0.02,0
"158","x$CEP55>40.0000000149012 & x$GPR160>24.0000000149012 & x$MDM2>68.0000000149012 & x$SFRP1>20.0000000149012 & x$PHGDH<=72.0000000149012 & x$NUF2<=26.0000000149012","BRCA.LumB",0.02,0.02,0
"159","x$MLPH>24.0000000149012 & x$CENPF<=84.0000000149012 & x$ACTR3B<=24.0000000149012 & x$ANLN<=50.0000000149012 & x$CDC20<=42.0000000149012","BRCA.LumA",0.02,0.02,0
"160","x$MLPH>24.0000000149012 & x$CENPF<=84.0000000149012 & x$ACTR3B<=24.0000000149012 & x$ANLN<=50.0000000149012 & x$CDC20>42.0000000149012","BRCA.LumB",0.04,0.04,0
"161","x$MLPH>24.0000000149012 & x$CENPF<=84.0000000149012 & x$ACTR3B<=24.0000000149012 & x$ANLN>50.0000000149012 & x$CCNB1<=66.0000000149012 & x$KRT5>6.00000001490116","BRCA.LumB",0.02,0.02,0
"162","x$MLPH>24.0000000149012 & x$CENPF<=84.0000000149012 & x$ACTR3B>24.0000000149012 & x$NUF2<=6.00000001490116 & x$NAT1>22.0000000149012","BRCA.LumA",0.02,0.02,0
"163","x$MLPH>24.0000000149012 & x$CENPF<=84.0000000149012 & x$ACTR3B>24.0000000149012 & x$NUF2>6.00000001490116","BRCA.LumA",0.06,0.06,0
"164","x$MLPH>24.0000000149012 & x$CENPF>84.0000000149012 & x$ERBB2>88.0000000149012 & x$GPR160<=86.0000000149012","BRCA.LumB",0.02,0.02,0
"165","x$SLC39A6<=88.0000000149012 & x$RRM2<=42.0000000149012","BRCA.Normal",0.02,0.02,0
"166","x$SLC39A6>88.0000000149012 & x$KRT5<=36.0000000149012 & x$ACTR3B<=34.0000000149012 & x$SFRP1<=28.0000000149012 & x$NAT1>8.00000001490116 & x$ESR1>94.0000000149012 & x$MMP11>50.0000000149012","BRCA.LumA",0.02,0.02,0
"167","x$SLC39A6>88.0000000149012 & x$KRT5<=36.0000000149012 & x$ACTR3B>34.0000000149012","BRCA.LumA",0.02,0.02,0
"168","x$SLC39A6>88.0000000149012 & x$KRT5>36.0000000149012","BRCA.LumA",0.08,0.08,0
"169","x$CCNE1<=8.00000001490116 & x$KRT17>46.0000000149012","BRCA.LumA",0.1,0.1,0
"170","x$CCNE1>8.00000001490116 & x$SLC39A6>94.0000000149012 & x$EXO1<=32.0000000149012 & x$BLVRA<=50.0000000149012","BRCA.LumB",0.02,0.02,0
"171","x$EXO1<=26.0000000149012 & x$TMEM45B<=4.00000001490116","BRCA.LumB",0.02,0.02,0
"172","x$EXO1<=26.0000000149012 & x$TMEM45B>4.00000001490116 & x$CENPF<=86.0000000149012 & x$BAG1<=84.0000000149012 & x$CDH3<=74.0000000149012","BRCA.LumA",0.06,0.06,0
"173","x$EXO1<=26.0000000149012 & x$TMEM45B>4.00000001490116 & x$CENPF<=86.0000000149012 & x$BAG1<=84.0000000149012 & x$CDH3>74.0000000149012 & x$TMEM45B<=66.0000000149012","BRCA.LumA",0.02,0.02,0
"174","x$EXO1>26.0000000149012 & x$FOXA1>62.0000000149012 & x$MKI67>76.0000000149012","BRCA.LumB",0.04,0.04,0
"175","x$MLPH<=58.0000000149012","BRCA.Basal",0.02,0.02,0
"176","x$MLPH>58.0000000149012 & x$KRT17<=50.0000000149012 & x$BAG1<=82.0000000149012 & x$SLC39A6>82.0000000149012 & x$CXXC5<=82.0000000149012 & x$ESR1>78.0000000149012","BRCA.LumB",0.04,0.04,0
"177","x$MLPH>58.0000000149012 & x$KRT17<=50.0000000149012 & x$BAG1<=82.0000000149012 & x$SLC39A6>82.0000000149012 & x$CXXC5>82.0000000149012","BRCA.LumA",0.02,0.02,0
"178","x$MLPH>58.0000000149012 & x$KRT17>50.0000000149012 & x$NUF2<=40.0000000149012","BRCA.LumA",0.08,0.08,0
"179","x$MLPH>58.0000000149012 & x$KRT17>50.0000000149012 & x$NUF2>40.0000000149012 & x$SLC39A6<=96.0000000149012","BRCA.Her2",0.04,0.04,0
"180","x$FOXA1<=60.0000000149012","BRCA.Basal",0.04,0.04,0
"181","x$FOXA1>60.0000000149012 & x$NUF2<=24.0000000149012 & x$UBE2C<=42.0000000149012 & x$PTTG1>8.00000001490116","BRCA.LumA",0.06,0.06,0
"182","x$FOXA1>60.0000000149012 & x$NUF2<=24.0000000149012 & x$UBE2C>42.0000000149012 & x$CDC20>30.0000000149012","BRCA.LumB",0.02,0.02,0
"183","x$FOXA1>60.0000000149012 & x$NUF2>24.0000000149012 & x$BIRC5<=34.0000000149012 & x$FGFR4<=34.0000000149012","BRCA.LumA",0.02,0.02,0
"184","x$FOXA1>60.0000000149012 & x$NUF2>24.0000000149012 & x$BIRC5<=34.0000000149012 & x$FGFR4>34.0000000149012","BRCA.Her2",0.02,0.02,0
"185","x$FOXA1>60.0000000149012 & x$NUF2>24.0000000149012 & x$BIRC5>34.0000000149012 & x$GRB7<=60.0000000149012 & x$TYMS<=40.0000000149012","BRCA.LumA",0.02,0.02,0
"186","x$FOXA1>60.0000000149012 & x$NUF2>24.0000000149012 & x$BIRC5>34.0000000149012 & x$GRB7<=60.0000000149012 & x$TYMS>40.0000000149012 & x$GPR160<=70.0000000149012","BRCA.LumB",0.02,0.02,0
"187","x$FOXA1>60.0000000149012 & x$NUF2>24.0000000149012 & x$BIRC5>34.0000000149012 & x$GRB7>60.0000000149012","BRCA.Her2",0.02,0.02,0
"188","x$MELK<=36.0000000149012 & x$MKI67<=90.0000000149012 & x$BCL2<=22.0000000149012 & x$PHGDH<=82.0000000149012","BRCA.Her2",0.02,0.02,0
"189","x$MELK<=36.0000000149012 & x$MKI67<=90.0000000149012 & x$BCL2>22.0000000149012 & x$KRT17>6.00000001490116 & x$FOXC1<=6.00000001490116 & x$TYMS<=58.0000000149012","BRCA.LumB",0.02,0.02,0
"190","x$MELK<=36.0000000149012 & x$MKI67<=90.0000000149012 & x$BCL2>22.0000000149012 & x$KRT17>6.00000001490116 & x$FOXC1>6.00000001490116","BRCA.LumA",0.1,0.1,0
"191","x$MELK>36.0000000149012 & x$CDC20<=68.0000000149012 & x$ERBB2>88.0000000149012","BRCA.LumB",0.02,0.02,0
"192","x$CDC20<=62.0000000149012 & x$CCNE1<=10.0000000149012 & x$NAT1<=26.0000000149012 & x$PHGDH>32.0000000149012","BRCA.Her2",0.02,0.02,0
"193","x$CDC20<=62.0000000149012 & x$CCNE1<=10.0000000149012 & x$NAT1>26.0000000149012 & x$UBE2T>14.0000000149012 & x$EGFR>4.00000001490116 & x$KRT5>6.00000001490116","BRCA.LumA",0.1,0.1,0
"194","x$CDC20<=62.0000000149012 & x$CCNE1>10.0000000149012 & x$CDH3>60.0000000149012 & x$MLPH>20.0000000149012 & x$BAG1<=66.0000000149012","BRCA.Her2",0.02,0.02,0
"195","x$NDC80<=28.0000000149012 & x$BCL2<=48.0000000149012 & x$CCNE1<=26.0000000149012","BRCA.Her2",0.06,0.06,0
"196","x$NDC80<=28.0000000149012 & x$BCL2>48.0000000149012 & x$NUF2<=10.0000000149012 & x$CDH3<=50.0000000149012","BRCA.LumA",0.02,0.02,0
"197","x$NDC80<=28.0000000149012 & x$BCL2>48.0000000149012 & x$NUF2>10.0000000149012 & x$EGFR<=54.0000000149012 & x$MKI67<=84.0000000149012","BRCA.LumA",0.1,0.1,0
"198","x$NDC80>28.0000000149012 & x$GPR160<=14.0000000149012","BRCA.Basal",0.02,0.02,0
"199","x$NDC80>28.0000000149012 & x$GPR160>14.0000000149012 & x$PTTG1<=40.0000000149012 & x$UBE2T>28.0000000149012","BRCA.LumB",0.06,0.06,0
"200","x$NDC80>28.0000000149012 & x$GPR160>14.0000000149012 & x$PTTG1>40.0000000149012 & x$GRB7<=68.0000000149012","BRCA.LumA",0.04,0.04,0
"201","x$MLPH<=66.0000000149012 & x$FOXC1>10.0000000149012","BRCA.Basal",0.02,0.02,0
"202","x$MLPH>66.0000000149012 & x$BCL2>52.0000000149012 & x$RRM2<=58.0000000149012 & x$KIF2C>14.0000000149012 & x$UBE2T<=46.0000000149012","BRCA.LumA",0.04,0.04,0
"203","x$MLPH>66.0000000149012 & x$BCL2>52.0000000149012 & x$RRM2>58.0000000149012 & x$CDC6<=52.0000000149012 & x$CDC20<=52.0000000149012 & x$EGFR>8.00000001490116","BRCA.LumA",0.04,0.04,0
"204","x$MYBL2<=50.0000000149012 & x$KRT17>8.00000001490116","BRCA.LumA",0.12,0.12,0
"205","x$MYBL2>50.0000000149012 & x$CCNE1<=26.0000000149012 & x$FOXA1<=84.0000000149012 & x$ERBB2>84.0000000149012 & x$ESR1<=14.0000000149012","BRCA.Her2",0.04,0.04,0
"206","x$MYBL2>50.0000000149012 & x$CCNE1<=26.0000000149012 & x$FOXA1>84.0000000149012 & x$BIRC5<=50.0000000149012 & x$KRT17>40.0000000149012 & x$NDC80<=20.0000000149012","BRCA.LumA",0.02,0.02,0
"207","x$MYBL2>50.0000000149012 & x$CCNE1<=26.0000000149012 & x$FOXA1>84.0000000149012 & x$BIRC5<=50.0000000149012 & x$KRT17>40.0000000149012 & x$NDC80>20.0000000149012 & x$PGR>40.0000000149012","BRCA.LumB",0.02,0.02,0
"208","x$MELK<=52.0000000149012 & x$ANLN<=60.0000000149012 & x$EXO1<=18.0000000149012","BRCA.LumA",0.06,0.06,0
"209","x$MELK<=52.0000000149012 & x$ANLN>60.0000000149012 & x$ESR1<=16.0000000149012 & x$FOXC1>8.00000001490116","BRCA.Basal",0.02,0.02,0
"210","x$MELK<=52.0000000149012 & x$ANLN>60.0000000149012 & x$ESR1>16.0000000149012 & x$MKI67<=78.0000000149012","BRCA.LumA",0.02,0.02,0
"211","x$MELK<=52.0000000149012 & x$ANLN>60.0000000149012 & x$ESR1>16.0000000149012 & x$MKI67>78.0000000149012 & x$PGR>56.0000000149012","BRCA.LumA",0.04,0.04,0
"212","x$GPR160<=30.0000000149012","BRCA.Basal",0.02,0.02,0
"213","x$GPR160>30.0000000149012 & x$ERBB2<=98.0000000149012 & x$NDC80<=28.0000000149012 & x$BLVRA<=60.0000000149012 & x$TYMS<=36.0000000149012","BRCA.LumA",0.02,0.02,0
"214","x$GPR160>30.0000000149012 & x$ERBB2<=98.0000000149012 & x$NDC80<=28.0000000149012 & x$BLVRA<=60.0000000149012 & x$TYMS>36.0000000149012","BRCA.Normal",0.06,0.06,0
"215","x$GPR160>30.0000000149012 & x$ERBB2<=98.0000000149012 & x$NDC80<=28.0000000149012 & x$BLVRA>60.0000000149012","BRCA.LumA",0.08,0.08,0
"216","x$MLPH<=78.0000000149012 & x$FOXA1<=90.0000000149012","BRCA.Basal",0.06,0.06,0
"217","x$MLPH>78.0000000149012 & x$ORC6L<=8.00000001490116","BRCA.LumA",0.1,0.1,0
"218","x$MLPH>78.0000000149012 & x$ORC6L>8.00000001490116 & x$CEP55<=48.0000000149012 & x$ACTR3B<=12.0000000149012","BRCA.Her2",0.02,0.02,0
"219","x$MLPH>78.0000000149012 & x$ORC6L>8.00000001490116 & x$CEP55<=48.0000000149012 & x$ACTR3B>12.0000000149012 & x$SFRP1<=18.0000000149012 & x$MMP11<=96.0000000149012","BRCA.LumB",0.02,0.02,0
"220","x$MLPH>78.0000000149012 & x$ORC6L>8.00000001490116 & x$CEP55<=48.0000000149012 & x$ACTR3B>12.0000000149012 & x$SFRP1>18.0000000149012","BRCA.LumA",0.02,0.02,0
"221","x$MLPH>78.0000000149012 & x$ORC6L>8.00000001490116 & x$CEP55>48.0000000149012 & x$CDC6<=58.0000000149012","BRCA.LumB",0.02,0.02,0
"222","x$SLC39A6<=86.0000000149012","BRCA.Basal",0.02,0.02,0
"223","x$SLC39A6>86.0000000149012 & x$CDH3<=74.0000000149012 & x$EXO1<=18.0000000149012 & x$MAPT>44.0000000149012","BRCA.LumA",0.1,0.1,0
"224","x$SLC39A6>86.0000000149012 & x$CDH3<=74.0000000149012 & x$EXO1>18.0000000149012 & x$ORC6L>14.0000000149012","BRCA.LumB",0.02,0.02,0
"225","x$FOXA1<=32.0000000149012","BRCA.Basal",0.02,0.02,0
"226","x$FOXA1>32.0000000149012 & x$ANLN<=60.0000000149012 & x$PGR<=64.0000000149012 & x$UBE2C<=42.0000000149012","BRCA.LumA",0.04,0.04,0
"227","x$FOXA1>32.0000000149012 & x$ANLN<=60.0000000149012 & x$PGR>64.0000000149012","BRCA.LumA",0.04,0.04,0
"228","x$FOXA1>32.0000000149012 & x$ANLN>60.0000000149012 & x$KRT17<=58.0000000149012 & x$MKI67<=90.0000000149012 & x$MAPT<=8.00000001490116","BRCA.Her2",0.02,0.02,0
"229","x$FOXA1>32.0000000149012 & x$ANLN>60.0000000149012 & x$KRT17<=58.0000000149012 & x$MKI67<=90.0000000149012 & x$MAPT>8.00000001490116","BRCA.LumB",0.04,0.04,0
"230","x$FOXA1>32.0000000149012 & x$ANLN>60.0000000149012 & x$KRT17>58.0000000149012","BRCA.LumA",0.02,0.02,0
"231","x$CDC20<=50.0000000149012 & x$NUF2<=30.0000000149012","BRCA.LumA",0.08,0.08,0
"232","x$CDC20<=50.0000000149012 & x$NUF2>30.0000000149012","BRCA.LumB",0.02,0.02,0
"233","x$CDC20>50.0000000149012 & x$CDH3<=60.0000000149012 & x$KIF2C>34.0000000149012 & x$PTTG1>22.0000000149012 & x$CDC6<=80.0000000149012 & x$ESR1>6.00000001490116","BRCA.LumB",0.02,0.02,0
"234","x$ANLN<=62.0000000149012 & x$SLC39A6>92.0000000149012 & x$MKI67<=76.0000000149012","BRCA.LumA",0.06,0.06,0
"235","x$ANLN<=62.0000000149012 & x$SLC39A6>92.0000000149012 & x$MKI67>76.0000000149012 & x$CDC6>30.0000000149012","BRCA.LumB",0.04,0.04,0
"236","x$ANLN>62.0000000149012 & x$FOXC1<=14.0000000149012 & x$PGR<=44.0000000149012 & x$ACTR3B>8.00000001490116","BRCA.Her2",0.04,0.04,0
"237","x$ANLN>62.0000000149012 & x$FOXC1<=14.0000000149012 & x$PGR>44.0000000149012","BRCA.LumB",0.04,0.04,0
"238","x$ANLN>62.0000000149012 & x$FOXC1>14.0000000149012 & x$ERBB2<=94.0000000149012","BRCA.Basal",0.04,0.04,0
"239","x$ESR1<=54.0000000149012 & x$ANLN>60.0000000149012 & x$TMEM45B<=6.00000001490116","BRCA.Basal",0.02,0.02,0
"240","x$ESR1<=54.0000000149012 & x$ANLN>60.0000000149012 & x$TMEM45B>6.00000001490116","BRCA.Her2",0.04,0.04,0
"241","x$ESR1>54.0000000149012 & x$BIRC5<=38.0000000149012 & x$PTTG1<=56.0000000149012","BRCA.LumA",0.1,0.1,0
"242","x$ESR1>54.0000000149012 & x$BIRC5>38.0000000149012 & x$CENPF>70.0000000149012","BRCA.LumB",0.02,0.02,0
"243","x$MYBL2<=66.0000000149012 & x$BCL2>26.0000000149012 & x$SFRP1<=60.0000000149012 & x$BAG1>62.0000000149012 & x$NAT1<=24.0000000149012 & x$TYMS>50.0000000149012","BRCA.Normal",0.02,0.02,0
"244","x$MYBL2<=66.0000000149012 & x$BCL2>26.0000000149012 & x$SFRP1<=60.0000000149012 & x$BAG1>62.0000000149012 & x$NAT1>24.0000000149012","BRCA.LumA",0.04,0.04,0
"245","x$MYBL2<=66.0000000149012 & x$BCL2>26.0000000149012 & x$SFRP1>60.0000000149012","BRCA.LumA",0.1,0.1,0
"246","x$MYBL2>66.0000000149012 & x$MLPH>28.0000000149012 & x$KRT17>26.0000000149012 & x$BAG1<=52.0000000149012","BRCA.Her2",0.04,0.04,0
"247","x$MYBL2>66.0000000149012 & x$MLPH>28.0000000149012 & x$KRT17>26.0000000149012 & x$BAG1>52.0000000149012","BRCA.LumA",0.02,0.02,0
"248","x$ANLN<=60.0000000149012 & x$KRT14>42.0000000149012","BRCA.LumA",0.08,0.08,0
"249","x$ANLN>60.0000000149012 & x$PGR<=10.0000000149012 & x$CCNB1>64.0000000149012 & x$BLVRA>58.0000000149012","BRCA.Her2",0.02,0.02,0
"250","x$ANLN>60.0000000149012 & x$PGR>10.0000000149012 & x$MKI67<=78.0000000149012","BRCA.LumA",0.02,0.02,0
"251","x$ANLN>60.0000000149012 & x$PGR>10.0000000149012 & x$MKI67>78.0000000149012","BRCA.LumB",0.02,0.02,0
"252","x$KRT14<=52.0000000149012 & x$PHGDH<=84.0000000149012 & x$KRT17<=26.0000000149012 & x$MYBL2<=56.0000000149012","BRCA.LumA",0.02,0.02,0
"253","x$KRT14<=52.0000000149012 & x$PHGDH<=84.0000000149012 & x$KRT17>26.0000000149012 & x$ESR1>86.0000000149012 & x$EXO1>18.0000000149012","BRCA.LumB",0.02,0.02,0
"254","x$KRT14>52.0000000149012 & x$PGR<=12.0000000149012 & x$PHGDH>60.0000000149012","BRCA.Basal",0.04,0.04,0
"255","x$KRT14>52.0000000149012 & x$PGR>12.0000000149012","BRCA.LumA",0.1,0.1,0
"256","x$CCNE1<=22.0000000149012 & x$BIRC5<=40.0000000149012 & x$ERBB2<=98.0000000149012 & x$ANLN<=66.0000000149012 & x$TMEM45B<=10.0000000149012 & x$PTTG1<=38.0000000149012","BRCA.LumA",0.02,0.02,0
"257","x$CCNE1<=22.0000000149012 & x$BIRC5<=40.0000000149012 & x$ERBB2<=98.0000000149012 & x$ANLN<=66.0000000149012 & x$TMEM45B<=10.0000000149012 & x$PTTG1>38.0000000149012","BRCA.LumB",0.02,0.02,0
"258","x$CCNE1<=22.0000000149012 & x$BIRC5<=40.0000000149012 & x$ERBB2<=98.0000000149012 & x$ANLN<=66.0000000149012 & x$TMEM45B>10.0000000149012","BRCA.LumA",0.06,0.06,0
"259","x$CCNE1<=22.0000000149012 & x$BIRC5<=40.0000000149012 & x$ERBB2<=98.0000000149012 & x$ANLN>66.0000000149012 & x$FGFR4>8.00000001490116","BRCA.Her2",0.02,0.02,0
"260","x$CCNE1<=22.0000000149012 & x$BIRC5<=40.0000000149012 & x$ERBB2>98.0000000149012 & x$CEP55>22.0000000149012","BRCA.Her2",0.02,0.02,0
"261","x$CCNE1<=22.0000000149012 & x$BIRC5>40.0000000149012 & x$BCL2<=72.0000000149012","BRCA.LumB",0.02,0.02,0
"262","x$CXXC5>26.0000000149012 & x$RRM2<=64.0000000149012 & x$EGFR<=50.0000000149012 & x$SFRP1<=24.0000000149012 & x$MAPT>84.0000000149012","BRCA.LumB",0.02,0.02,0
"263","x$CXXC5>26.0000000149012 & x$RRM2<=64.0000000149012 & x$EGFR>50.0000000149012","BRCA.Normal",0.02,0.02,0
"264","x$CXXC5>26.0000000149012 & x$RRM2>64.0000000149012 & x$UBE2C<=60.0000000149012 & x$ORC6L<=8.00000001490116","BRCA.LumA",0.04,0.04,0
"265","x$NDC80<=34.0000000149012 & x$SLC39A6>90.0000000149012 & x$BIRC5<=42.0000000149012 & x$CXXC5<=80.0000000149012","BRCA.LumA",0.1,0.1,0
"266","x$NDC80<=34.0000000149012 & x$SLC39A6>90.0000000149012 & x$BIRC5>42.0000000149012","BRCA.LumB",0.02,0.02,0
"267","x$NUF2<=28.0000000149012 & x$CCNB1<=58.0000000149012","BRCA.LumA",0.08,0.08,0
"268","x$NUF2>28.0000000149012 & x$SFRP1<=68.0000000149012 & x$TYMS<=30.0000000149012","BRCA.Her2",0.02,0.02,0
"269","x$NUF2>28.0000000149012 & x$SFRP1<=68.0000000149012 & x$TYMS>30.0000000149012 & x$CDC20<=44.0000000149012","BRCA.LumA",0.02,0.02,0
"270","x$NUF2>28.0000000149012 & x$SFRP1<=68.0000000149012 & x$TYMS>30.0000000149012 & x$CDC20>44.0000000149012 & x$MLPH<=84.0000000149012","BRCA.Her2",0.02,0.02,0
"271","x$KIF2C<=42.0000000149012 & x$UBE2C<=56.0000000149012 & x$EXO1>4.00000001490116 & x$CDH3<=68.0000000149012","BRCA.LumA",0.04,0.04,0
"272","x$KIF2C<=42.0000000149012 & x$UBE2C<=56.0000000149012 & x$EXO1>4.00000001490116 & x$CDH3>68.0000000149012","BRCA.Her2",0.02,0.02,0
"273","x$KIF2C>42.0000000149012 & x$CDH3>64.0000000149012 & x$MELK<=42.0000000149012","BRCA.Her2",0.06,0.06,0
"274","x$FOXA1<=36.0000000149012","BRCA.Basal",0.02,0.02,0
"275","x$FOXA1>36.0000000149012 & x$CCNB1<=60.0000000149012 & x$CENPF<=78.0000000149012 & x$CDC6<=54.0000000149012 & x$CDH3<=80.0000000149012","BRCA.LumA",0.08,0.08,0
"276","x$FOXA1>36.0000000149012 & x$CCNB1<=60.0000000149012 & x$CENPF<=78.0000000149012 & x$CDC6>54.0000000149012 & x$SLC39A6<=98.0000000149012","BRCA.LumA",0.02,0.02,0
"277","x$FOXA1>36.0000000149012 & x$CCNB1>60.0000000149012 & x$EXO1>24.0000000149012 & x$KRT5<=36.0000000149012 & x$MKI67<=84.0000000149012","BRCA.LumB",0.02,0.02,0
"278","x$FOXA1<=62.0000000149012","BRCA.Basal",0.04,0.04,0
"279","x$FOXA1>62.0000000149012 & x$UBE2C<=40.0000000149012 & x$EXO1<=36.0000000149012 & x$ANLN<=64.0000000149012","BRCA.LumA",0.08,0.08,0
"280","x$FOXA1>62.0000000149012 & x$UBE2C>40.0000000149012 & x$MAPT<=6.00000001490116 & x$FGFR4>12.0000000149012","BRCA.Her2",0.02,0.02,0
"281","x$FOXA1>62.0000000149012 & x$UBE2C>40.0000000149012 & x$MAPT>6.00000001490116 & x$EXO1>18.0000000149012 & x$NUF2<=22.0000000149012 & x$NUF2>18.0000000149012","BRCA.LumA",0.02,0.02,0
"282","x$FOXA1>62.0000000149012 & x$UBE2C>40.0000000149012 & x$MAPT>6.00000001490116 & x$EXO1>18.0000000149012 & x$NUF2>22.0000000149012","BRCA.LumB",0.06,0.06,0
"283","x$MELK<=34.0000000149012 & x$MKI67<=78.0000000149012","BRCA.LumA",0.1,0.1,0
"284","x$MELK>34.0000000149012 & x$ESR1<=76.0000000149012 & x$MLPH<=78.0000000149012","BRCA.Basal",0.02,0.02,0
"285","x$MELK>34.0000000149012 & x$ESR1<=76.0000000149012 & x$MLPH>78.0000000149012","BRCA.Her2",0.04,0.04,0
"286","x$MELK>34.0000000149012 & x$ESR1>76.0000000149012 & x$ORC6L<=14.0000000149012","BRCA.LumA",0.02,0.02,0
"287","x$MELK>34.0000000149012 & x$ESR1>76.0000000149012 & x$ORC6L>14.0000000149012","BRCA.LumB",0.02,0.02,0
"288","x$MYBL2<=48.0000000149012 & x$CCNE1<=14.0000000149012","BRCA.LumA",0.1,0.1,0
"289","x$MYBL2>48.0000000149012 & x$PHGDH>34.0000000149012 & x$MIA<=4.00000001490116 & x$PGR<=10.0000000149012","BRCA.Her2",0.06,0.06,0
"290","x$MYBL2>48.0000000149012 & x$PHGDH>34.0000000149012 & x$MIA<=4.00000001490116 & x$PGR>10.0000000149012 & x$CEP55>30.0000000149012 & x$CDC6<=62.0000000149012","BRCA.LumB",0.04,0.04,0
"291","x$MYBL2>48.0000000149012 & x$PHGDH>34.0000000149012 & x$MIA>4.00000001490116 & x$PGR<=10.0000000149012","BRCA.Basal",0.02,0.02,0
"292","x$PHGDH<=76.0000000149012 & x$CENPF<=84.0000000149012 & x$ORC6L<=14.0000000149012","BRCA.LumA",0.12,0.12,0
"293","x$PHGDH<=76.0000000149012 & x$CENPF<=84.0000000149012 & x$ORC6L>14.0000000149012 & x$GRB7<=50.0000000149012","BRCA.LumB",0.02,0.02,0
"294","x$PHGDH<=76.0000000149012 & x$CENPF>84.0000000149012 & x$PGR>8.00000001490116 & x$ANLN>58.0000000149012","BRCA.LumB",0.04,0.04,0
"295","x$PHGDH>76.0000000149012 & x$FOXA1<=84.0000000149012","BRCA.Basal",0.04,0.04,0
"296","x$PHGDH>76.0000000149012 & x$FOXA1>84.0000000149012 & x$RRM2>68.0000000149012","BRCA.Her2",0.02,0.02,0
"297","x$RRM2<=60.0000000149012 & x$GRB7<=36.0000000149012 & x$ESR1>22.0000000149012","BRCA.LumB",0.02,0.02,0
"298","x$RRM2<=60.0000000149012 & x$GRB7>36.0000000149012 & x$KRT14<=90.0000000149012","BRCA.LumA",0.04,0.04,0
"299","x$RRM2<=60.0000000149012 & x$GRB7>36.0000000149012 & x$KRT14>90.0000000149012","BRCA.Normal",0.02,0.02,0
"300","x$RRM2>60.0000000149012 & x$MLPH>34.0000000149012 & x$FGFR4<=66.0000000149012 & x$KRT14>8.00000001490116 & x$ACTR3B>12.0000000149012 & x$CCNE1<=14.0000000149012","BRCA.LumB",0.04,0.04,0
"301","x$RRM2>60.0000000149012 & x$MLPH>34.0000000149012 & x$FGFR4<=66.0000000149012 & x$KRT14>8.00000001490116 & x$ACTR3B>12.0000000149012 & x$CCNE1>14.0000000149012 & x$CCNE1<=20.0000000149012","BRCA.LumA",0.02,0.02,0
"302","x$RRM2>60.0000000149012 & x$MLPH>34.0000000149012 & x$FGFR4>66.0000000149012 & x$CDC20>48.0000000149012","BRCA.Her2",0.02,0.02,0
"303","x$ORC6L<=14.0000000149012 & x$NDC80<=30.0000000149012 & x$EGFR>6.00000001490116 & x$KIF2C<=44.0000000149012","BRCA.LumA",0.06,0.06,0
"304","x$ORC6L<=14.0000000149012 & x$NDC80<=30.0000000149012 & x$EGFR>6.00000001490116 & x$KIF2C>44.0000000149012","BRCA.Basal",0.02,0.02,0
"305","x$ORC6L>14.0000000149012 & x$ESR1>72.0000000149012 & x$BIRC5>28.0000000149012 & x$MYBL2>30.0000000149012 & x$SFRP1<=52.0000000149012","BRCA.LumB",0.02,0.02,0
"306","x$RRM2<=56.0000000149012 & x$FOXC1>8.00000001490116","BRCA.LumA",0.06,0.06,0
"307","x$RRM2>56.0000000149012 & x$SLC39A6>84.0000000149012 & x$ESR1<=52.0000000149012","BRCA.Her2",0.04,0.04,0
"308","x$RRM2>56.0000000149012 & x$SLC39A6>84.0000000149012 & x$ESR1>52.0000000149012 & x$KRT17<=30.0000000149012 & x$MKI67>62.0000000149012","BRCA.LumB",0.02,0.02,0
"309","x$RRM2>56.0000000149012 & x$SLC39A6>84.0000000149012 & x$ESR1>52.0000000149012 & x$KRT17>30.0000000149012 & x$ANLN<=66.0000000149012","BRCA.LumA",0.04,0.04,0
"310","x$GPR160<=24.0000000149012 & x$MLPH<=46.0000000149012","BRCA.Basal",0.02,0.02,0
"311","x$GPR160>24.0000000149012 & x$CCNE1<=8.00000001490116 & x$MYC>54.0000000149012","BRCA.LumA",0.1,0.1,0
"312","x$GPR160>24.0000000149012 & x$CCNE1>8.00000001490116 & x$KRT17<=26.0000000149012 & x$CCNE1<=14.0000000149012 & x$MAPT>58.0000000149012 & x$FGFR4<=38.0000000149012","BRCA.LumA",0.02,0.02,0
"313","x$GPR160>24.0000000149012 & x$CCNE1>8.00000001490116 & x$KRT17<=26.0000000149012 & x$CCNE1>14.0000000149012","BRCA.LumB",0.02,0.02,0
"314","x$GPR160>24.0000000149012 & x$CCNE1>8.00000001490116 & x$KRT17>26.0000000149012","BRCA.Her2",0.04,0.04,0
"315","x$MLPH<=72.0000000149012","BRCA.Basal",0.02,0.02,0
"316","x$MLPH>72.0000000149012 & x$TMEM45B<=26.0000000149012 & x$PGR<=6.00000001490116","BRCA.Her2",0.04,0.04,0
"317","x$MLPH>72.0000000149012 & x$TMEM45B<=26.0000000149012 & x$PGR>6.00000001490116 & x$PHGDH<=24.0000000149012","BRCA.LumB",0.02,0.02,0
"318","x$MLPH>72.0000000149012 & x$TMEM45B<=26.0000000149012 & x$PGR>6.00000001490116 & x$PHGDH>24.0000000149012 & x$UBE2C<=50.0000000149012 & x$CENPF<=86.0000000149012","BRCA.LumA",0.02,0.02,0
"319","x$MLPH>72.0000000149012 & x$TMEM45B>26.0000000149012 & x$KRT17>6.00000001490116","BRCA.LumA",0.06,0.06,0
"320","x$CXXC5<=50.0000000149012 & x$MYC<=56.0000000149012 & x$CCNE1<=14.0000000149012 & x$GRB7>30.0000000149012 & x$EXO1<=32.0000000149012","BRCA.Her2",0.02,0.02,0
"321","x$CXXC5<=50.0000000149012 & x$MYC<=56.0000000149012 & x$CCNE1>14.0000000149012","BRCA.LumB",0.02,0.02,0
"322","x$CXXC5<=50.0000000149012 & x$MYC>56.0000000149012 & x$UBE2C>30.0000000149012","BRCA.Basal",0.04,0.04,0
"323","x$CXXC5>50.0000000149012 & x$CEP55<=36.0000000149012 & x$UBE2C<=50.0000000149012","BRCA.LumA",0.08,0.08,0
"324","x$CXXC5>50.0000000149012 & x$CEP55>36.0000000149012 & x$UBE2C<=46.0000000149012 & x$CDC20<=52.0000000149012","BRCA.LumA",0.02,0.02,0
"325","x$CXXC5>50.0000000149012 & x$CEP55>36.0000000149012 & x$UBE2C>46.0000000149012 & x$UBE2T<=56.0000000149012","BRCA.LumB",0.02,0.02,0
"326","x$CDH3<=76.0000000149012 & x$PGR<=36.0000000149012 & x$MYBL2<=64.0000000149012 & x$SLC39A6>90.0000000149012","BRCA.LumA",0.02,0.02,0
"327","x$CDH3<=76.0000000149012 & x$PGR<=36.0000000149012 & x$MYBL2>64.0000000149012 & x$PGR>10.0000000149012","BRCA.LumB",0.02,0.02,0
"328","x$CDH3<=76.0000000149012 & x$PGR>36.0000000149012","BRCA.LumA",0.12,0.12,0
"329","x$CDH3>76.0000000149012 & x$FOXC1<=22.0000000149012 & x$FGFR4<=6.00000001490116","BRCA.LumB",0.02,0.02,0
"330","x$CDH3>76.0000000149012 & x$FOXC1<=22.0000000149012 & x$FGFR4>6.00000001490116","BRCA.Her2",0.02,0.02,0
"331","x$CDH3>76.0000000149012 & x$FOXC1>22.0000000149012","BRCA.Basal",0.1,0.1,0
"332","x$MLPH>42.0000000149012 & x$BCL2<=60.0000000149012 & x$CENPF>66.0000000149012 & x$KRT14>14.0000000149012 & x$NAT1<=12.0000000149012 & x$FGFR4<=6.00000001490116","BRCA.LumB",0.02,0.02,0
"333","x$MLPH>42.0000000149012 & x$BCL2<=60.0000000149012 & x$CENPF>66.0000000149012 & x$KRT14>14.0000000149012 & x$NAT1>12.0000000149012","BRCA.Her2",0.04,0.04,0
"334","x$MLPH>42.0000000149012 & x$BCL2>60.0000000149012 & x$CEP55>10.0000000149012 & x$NUF2<=34.0000000149012","BRCA.LumA",0.1,0.1,0
"335","x$ESR1<=50.0000000149012 & x$FOXA1<=16.0000000149012","BRCA.Basal",0.02,0.02,0
"336","x$ESR1<=50.0000000149012 & x$FOXA1>16.0000000149012","BRCA.Her2",0.06,0.06,0
"337","x$ESR1>50.0000000149012 & x$MYBL2<=66.0000000149012 & x$CENPF<=74.0000000149012","BRCA.LumA",0.14,0.14,0
"338","x$ESR1>50.0000000149012 & x$MYBL2<=66.0000000149012 & x$CENPF>74.0000000149012 & x$PTTG1>34.0000000149012 & x$MYBL2>46.0000000149012","BRCA.LumB",0.02,0.02,0
"339","x$ESR1>50.0000000149012 & x$MYBL2>66.0000000149012 & x$CDH3>10.0000000149012","BRCA.LumB",0.06,0.06,0
"340","x$UBE2C<=54.0000000149012 & x$PHGDH<=84.0000000149012 & x$MYBL2<=70.0000000149012","BRCA.LumA",0.12,0.12,0
"341","x$UBE2C<=54.0000000149012 & x$PHGDH<=84.0000000149012 & x$MYBL2>70.0000000149012","BRCA.LumB",0.02,0.02,0
"342","x$UBE2C<=54.0000000149012 & x$PHGDH>84.0000000149012 & x$PTTG1<=26.0000000149012","BRCA.Basal",0.02,0.02,0
"343","x$UBE2C<=54.0000000149012 & x$PHGDH>84.0000000149012 & x$PTTG1>26.0000000149012","BRCA.Her2",0.02,0.02,0
"344","x$UBE2C>54.0000000149012 & x$ORC6L<=20.0000000149012 & x$CEP55>28.0000000149012","BRCA.LumB",0.04,0.04,0
"345","x$MLPH<=48.0000000149012","BRCA.Basal",0.02,0.02,0
"346","x$MLPH>48.0000000149012 & x$UBE2C<=44.0000000149012 & x$CCNE1<=14.0000000149012 & x$MDM2>68.0000000149012","BRCA.LumA",0.06,0.06,0
"347","x$SLC39A6<=86.0000000149012 & x$EGFR>8.00000001490116","BRCA.Basal",0.02,0.02,0
"348","x$SLC39A6>86.0000000149012 & x$CDC20<=60.0000000149012 & x$KRT17<=88.0000000149012 & x$CDH3<=26.0000000149012 & x$GPR160<=68.0000000149012 & x$KRT17>4.00000001490116","BRCA.LumB",0.02,0.02,0
"349","x$SLC39A6>86.0000000149012 & x$CDC20<=60.0000000149012 & x$KRT17<=88.0000000149012 & x$CDH3>26.0000000149012 & x$GPR160>38.0000000149012","BRCA.LumA",0.12,0.12,0
"350","x$PGR<=6.00000001490116 & x$EXO1<=22.0000000149012 & x$CXXC5<=48.0000000149012","BRCA.Her2",0.02,0.02,0
"351","x$PGR>6.00000001490116 & x$EXO1<=22.0000000149012 & x$SLC39A6>88.0000000149012","BRCA.LumA",0.1,0.1,0
"352","x$PGR>6.00000001490116 & x$EXO1>22.0000000149012 & x$CCNE1<=16.0000000149012 & x$UBE2T<=42.0000000149012","BRCA.LumA",0.02,0.02,0
"353","x$PGR>6.00000001490116 & x$EXO1>22.0000000149012 & x$CCNE1<=16.0000000149012 & x$UBE2T>42.0000000149012 & x$SFRP1>22.0000000149012 & x$SFRP1<=58.0000000149012","BRCA.LumA",0.02,0.02,0
"354","x$MAPT<=30.0000000149012 & x$PHGDH>64.0000000149012 & x$PGR<=6.00000001490116","BRCA.Basal",0.02,0.02,0
"355","x$MAPT>30.0000000149012 & x$KRT14<=38.0000000149012 & x$BIRC5>32.0000000149012 & x$CDC6>28.0000000149012","BRCA.LumB",0.02,0.02,0
"356","x$MAPT>30.0000000149012 & x$KRT14>38.0000000149012 & x$UBE2C<=56.0000000149012","BRCA.LumA",0.1,0.1,0
"357","x$ANLN<=60.0000000149012 & x$CDH3<=82.0000000149012 & x$CDC20<=52.0000000149012 & x$MYBL2<=72.0000000149012 & x$CDH3>22.0000000149012","BRCA.LumA",0.08,0.08,0
"358","x$ANLN<=60.0000000149012 & x$CDH3>82.0000000149012","BRCA.Basal",0.06,0.06,0
"359","x$ANLN>60.0000000149012 & x$CXXC5>28.0000000149012 & x$CEP55>20.0000000149012 & x$MLPH<=80.0000000149012","BRCA.Her2",0.02,0.02,0
"360","x$ANLN>60.0000000149012 & x$CXXC5>28.0000000149012 & x$CEP55>20.0000000149012 & x$MLPH>80.0000000149012 & x$GRB7<=84.0000000149012","BRCA.LumB",0.06,0.06,0
"361","x$CCNE1<=10.0000000149012 & x$KRT17>28.0000000149012","BRCA.LumA",0.1,0.1,0
"362","x$CCNE1>10.0000000149012 & x$FOXA1>34.0000000149012 & x$FGFR4<=26.0000000149012 & x$BIRC5<=42.0000000149012","BRCA.LumB",0.02,0.02,0
"363","x$CCNE1>10.0000000149012 & x$FOXA1>34.0000000149012 & x$FGFR4<=26.0000000149012 & x$BIRC5>42.0000000149012 & x$MYBL2<=74.0000000149012","BRCA.LumA",0.02,0.02,0
"364","x$CCNE1>10.0000000149012 & x$FOXA1>34.0000000149012 & x$FGFR4>26.0000000149012 & x$CCNE1>12.0000000149012 & x$TMEM45B<=12.0000000149012","BRCA.LumB",0.04,0.04,0
"365","x$EXO1<=32.0000000149012 & x$CDH3<=76.0000000149012 & x$UBE2C<=54.0000000149012 & x$MLPH>68.0000000149012","BRCA.LumA",0.08,0.08,0
"366","x$EXO1<=32.0000000149012 & x$CDH3>76.0000000149012","BRCA.Normal",0.02,0.02,0
"367","x$EXO1>32.0000000149012 & x$CDC20<=70.0000000149012 & x$RRM2>56.0000000149012 & x$NAT1>6.00000001490116","BRCA.LumB",0.02,0.02,0
"368","x$MAPT<=46.0000000149012 & x$SFRP1<=58.0000000149012 & x$KRT17>6.00000001490116","BRCA.Her2",0.06,0.06,0
"369","x$MAPT<=46.0000000149012 & x$SFRP1>58.0000000149012","BRCA.Basal",0.04,0.04,0
"370","x$MAPT>46.0000000149012 & x$EXO1<=32.0000000149012 & x$PHGDH>28.0000000149012 & x$EGFR<=64.0000000149012 & x$MYBL2<=62.0000000149012","BRCA.LumA",0.06,0.06,0
"371","x$MAPT>46.0000000149012 & x$EXO1<=32.0000000149012 & x$PHGDH>28.0000000149012 & x$EGFR<=64.0000000149012 & x$MYBL2>62.0000000149012 & x$FOXC1>6.00000001490116","BRCA.LumA",0.02,0.02,0
"372","x$PHGDH<=74.0000000149012 & x$MKI67<=78.0000000149012 & x$CDC20<=54.0000000149012 & x$MAPT>44.0000000149012","BRCA.LumA",0.12,0.12,0
"373","x$PHGDH<=74.0000000149012 & x$MKI67>78.0000000149012 & x$CEP55<=58.0000000149012 & x$FGFR4>4.00000001490116 & x$CCNB1<=76.0000000149012","BRCA.LumB",0.06,0.06,0
"374","x$PHGDH>74.0000000149012 & x$CXXC5>30.0000000149012 & x$TYMS>40.0000000149012","BRCA.Her2",0.02,0.02,0
"375","x$KRT14<=44.0000000149012 & x$CEP55<=52.0000000149012 & x$MMP11>84.0000000149012 & x$PGR>4.00000001490116","BRCA.LumB",0.06,0.06,0
"376","x$KRT14>44.0000000149012 & x$ESR1<=22.0000000149012 & x$KRT14<=70.0000000149012","BRCA.Her2",0.04,0.04,0
"377","x$KRT14>44.0000000149012 & x$ESR1<=22.0000000149012 & x$KRT14>70.0000000149012","BRCA.Basal",0.02,0.02,0
"378","x$KRT14>44.0000000149012 & x$ESR1>22.0000000149012 & x$CDH3<=70.0000000149012","BRCA.LumA",0.04,0.04,0
"379","x$MAPT<=40.0000000149012 & x$MLPH>46.0000000149012","BRCA.Her2",0.02,0.02,0
"380","x$MAPT>40.0000000149012 & x$MELK<=42.0000000149012 & x$KRT5>14.0000000149012 & x$BCL2>50.0000000149012","BRCA.LumA",0.12,0.12,0
"381","x$ESR1<=38.0000000149012 & x$ERBB2<=94.0000000149012","BRCA.Basal",0.02,0.02,0
"382","x$ESR1<=38.0000000149012 & x$ERBB2>94.0000000149012","BRCA.Her2",0.02,0.02,0
"383","x$ESR1>38.0000000149012 & x$EXO1<=26.0000000149012 & x$MYC<=82.0000000149012","BRCA.LumA",0.08,0.08,0
"384","x$ESR1>38.0000000149012 & x$EXO1<=26.0000000149012 & x$MYC>82.0000000149012 & x$FOXC1<=32.0000000149012","BRCA.LumA",0.02,0.02,0
"385","x$ESR1>38.0000000149012 & x$EXO1>26.0000000149012 & x$CCNB1<=64.0000000149012","BRCA.LumA",0.02,0.02,0
"386","x$ESR1>38.0000000149012 & x$EXO1>26.0000000149012 & x$CCNB1>64.0000000149012","BRCA.LumB",0.04,0.04,0
"387","x$UBE2C<=46.0000000149012 & x$NDC80<=28.0000000149012","BRCA.LumA",0.1,0.1,0
"388","x$UBE2C>46.0000000149012 & x$CDH3<=70.0000000149012 & x$MKI67>86.0000000149012","BRCA.Her2",0.02,0.02,0
"389","x$MKI67<=74.0000000149012 & x$ANLN<=60.0000000149012","BRCA.LumA",0.08,0.08,0
"390","x$MKI67<=74.0000000149012 & x$ANLN>60.0000000149012 & x$EGFR>4.00000001490116","BRCA.Her2",0.02,0.02,0
"391","x$MKI67>74.0000000149012 & x$MLPH>12.0000000149012 & x$UBE2C<=52.0000000149012 & x$NAT1<=48.0000000149012 & x$SFRP1<=48.0000000149012","BRCA.Her2",0.02,0.02,0
"392","x$MKI67>74.0000000149012 & x$MLPH>12.0000000149012 & x$UBE2C<=52.0000000149012 & x$NAT1>48.0000000149012 & x$CEP55>38.0000000149012 & x$ANLN<=54.0000000149012","BRCA.LumB",0.04,0.04,0
"393","x$MKI67>74.0000000149012 & x$MLPH>12.0000000149012 & x$UBE2C>52.0000000149012 & x$CCNE1<=20.0000000149012","BRCA.LumB",0.04,0.04,0
"394","x$CDC20<=66.0000000149012 & x$NDC80<=26.0000000149012 & x$MKI67<=78.0000000149012 & x$CCNB1>44.0000000149012","BRCA.LumA",0.08,0.08,0
"395","x$CDC20<=66.0000000149012 & x$NDC80<=26.0000000149012 & x$MKI67>78.0000000149012 & x$CDH3<=68.0000000149012","BRCA.LumB",0.02,0.02,0
"396","x$CDC20<=66.0000000149012 & x$NDC80<=26.0000000149012 & x$MKI67>78.0000000149012 & x$CDH3>68.0000000149012","BRCA.LumA",0.02,0.02,0
"397","x$CDC20<=66.0000000149012 & x$NDC80>26.0000000149012 & x$KRT14>18.0000000149012 & x$CDH3>68.0000000149012","BRCA.Basal",0.04,0.04,0
"398","x$CEP55<=34.0000000149012 & x$KIF2C>10.0000000149012 & x$BCL2>24.0000000149012 & x$KIF2C<=48.0000000149012","BRCA.LumA",0.06,0.06,0
"399","x$CEP55>34.0000000149012 & x$KRT5<=66.0000000149012 & x$MMP11<=80.0000000149012","BRCA.LumA",0.02,0.02,0
"400","x$CEP55>34.0000000149012 & x$KRT5<=66.0000000149012 & x$MMP11>80.0000000149012 & x$CDC20<=56.0000000149012","BRCA.LumB",0.04,0.04,0
"401","x$CEP55>34.0000000149012 & x$KRT5<=66.0000000149012 & x$MMP11>80.0000000149012 & x$CDC20>56.0000000149012 & x$TMEM45B<=22.0000000149012","BRCA.LumB",0.04,0.04,0
"402","x$CEP55>34.0000000149012 & x$KRT5>66.0000000149012 & x$MLPH>22.0000000149012","BRCA.LumA",0.04,0.04,0
"403","x$UBE2C<=52.0000000149012 & x$PGR<=32.0000000149012 & x$ACTR3B>24.0000000149012","BRCA.Basal",0.06,0.06,0
"404","x$UBE2C<=52.0000000149012 & x$PGR>32.0000000149012 & x$NDC80<=28.0000000149012","BRCA.LumA",0.1,0.1,0
"405","x$UBE2C>52.0000000149012 & x$PGR<=8.00000001490116 & x$TYMS<=30.0000000149012","BRCA.Her2",0.02,0.02,0
"406","x$MELK<=34.0000000149012 & x$RRM2<=80.0000000149012 & x$CEP55<=44.0000000149012","BRCA.LumA",0.06,0.06,0
"407","x$MELK>34.0000000149012 & x$ESR1<=76.0000000149012 & x$NAT1<=14.0000000149012","BRCA.Basal",0.04,0.04,0
"408","x$MELK>34.0000000149012 & x$ESR1<=76.0000000149012 & x$NAT1>14.0000000149012 & x$MIA<=2.00000001490116","BRCA.Her2",0.02,0.02,0
"409","x$MELK>34.0000000149012 & x$ESR1>76.0000000149012 & x$NUF2>18.0000000149012 & x$MLPH<=96.0000000149012","BRCA.LumB",0.02,0.02,0
"410","x$ESR1<=70.0000000149012 & x$NAT1<=14.0000000149012 & x$CEP55>34.0000000149012","BRCA.Basal",0.04,0.04,0
"411","x$ESR1<=70.0000000149012 & x$NAT1>14.0000000149012","BRCA.Her2",0.04,0.04,0
"412","x$ESR1>70.0000000149012 & x$MAPT<=68.0000000149012 & x$MYBL2<=54.0000000149012 & x$SLC39A6>96.0000000149012","BRCA.LumA",0.02,0.02,0
"413","x$ESR1>70.0000000149012 & x$MAPT<=68.0000000149012 & x$MYBL2>54.0000000149012","BRCA.LumB",0.02,0.02,0
"414","x$ESR1>70.0000000149012 & x$MAPT>68.0000000149012 & x$MYBL2<=62.0000000149012","BRCA.LumA",0.1,0.1,0
"415","x$ESR1<=76.0000000149012 & x$FOXC1>8.00000001490116","BRCA.Basal",0.12,0.12,0
"416","x$ESR1>76.0000000149012 & x$NDC80<=28.0000000149012 & x$EXO1>4.00000001490116 & x$ANLN<=64.0000000149012","BRCA.LumA",0.1,0.1,0
"417","x$ESR1>76.0000000149012 & x$NDC80<=28.0000000149012 & x$EXO1>4.00000001490116 & x$ANLN>64.0000000149012","BRCA.LumB",0.02,0.02,0
"418","x$ESR1>76.0000000149012 & x$NDC80>28.0000000149012","BRCA.LumB",0.02,0.02,0
"419","x$ORC6L<=14.0000000149012","BRCA.LumA",0.1,0.1,0
"420","x$ORC6L>14.0000000149012 & x$NDC80<=26.0000000149012 & x$CDC20<=44.0000000149012","BRCA.LumA",0.02,0.02,0
"421","x$ORC6L>14.0000000149012 & x$NDC80<=26.0000000149012 & x$CDC20>44.0000000149012","BRCA.Her2",0.06,0.06,0
"422","x$ORC6L>14.0000000149012 & x$NDC80>26.0000000149012 & x$MIA<=8.00000001490116 & x$MYC<=92.0000000149012","BRCA.LumB",0.04,0.04,0
"423","x$ORC6L>14.0000000149012 & x$NDC80>26.0000000149012 & x$MIA>8.00000001490116","BRCA.Basal",0.02,0.02,0
"424","x$SLC39A6<=94.0000000149012 & x$MLPH<=66.0000000149012","BRCA.Basal",0.02,0.02,0
"425","x$SLC39A6<=94.0000000149012 & x$MLPH>66.0000000149012 & x$PGR>14.0000000149012","BRCA.LumA",0.04,0.04,0
"426","x$SLC39A6>94.0000000149012 & x$TYMS<=62.0000000149012 & x$FOXC1<=4.00000001490116","BRCA.LumB",0.02,0.02,0
"427","x$SLC39A6>94.0000000149012 & x$TYMS<=62.0000000149012 & x$FOXC1>4.00000001490116 & x$KRT14>2.00000001490116 & x$NAT1<=16.0000000149012 & x$SFRP1>2.00000001490116","BRCA.LumB",0.02,0.02,0
"428","x$SLC39A6>94.0000000149012 & x$TYMS<=62.0000000149012 & x$FOXC1>4.00000001490116 & x$KRT14>2.00000001490116 & x$NAT1>16.0000000149012","BRCA.LumA",0.1,0.1,0
