"ACTR3B","ANLN","BAG1","BCL2","BIRC5","BLVRA","CCNB1","CCNE1","CDC20","CDC6","CDH3","CENPF","CEP55","CXXC5","EGFR","ERBB2","ESR1","EXO1","FGFR4","FOXA1","FOXC1","GPR160","GRB7","KIF2C","KRT14","KRT17","KRT5","MAPT","MDM2","MELK","MIA","MKI67","MLPH","MMP11","MYBL2","MYC","NAT1","NDC80","NUF2","ORC6L","PGR","PHGDH","PTTG1","RRM2","SFRP1","SLC39A6","TMEM45B","TYMS","UBE2C","UBE2T","subtype"
44,50,76,80,12,66,56,8,38,22,40,58,26,72,54,98,88,10,62,96,44,70,64,28,30,34,32,84,78,24,2,60,92,100,36,86,82,14,6,4,90,52,20,48,74,94,68,46,16,18,"BRCA.LumA"
14,42,68,80,30,78,56,4,44,36,52,54,32,58,26,84,96,12,2,90,18,72,40,34,82,94,98,76,74,24,6,62,88,92,46,60,86,20,10,8,48,66,38,64,70,100,16,50,28,22,"BRCA.LumA"
34,44,82,92,58,78,76,16,62,32,12,72,40,60,10,90,88,18,50,96,22,80,54,38,4,6,8,86,84,30,2,70,100,98,56,64,42,48,24,20,36,28,68,46,14,94,74,52,66,26,"BRCA.LumA"
20,38,56,84,34,80,72,4,42,24,30,78,28,64,10,86,100,6,32,94,8,62,22,48,76,88,96,82,74,36,2,68,90,92,66,50,60,18,26,16,70,44,46,54,14,98,12,40,58,52,"BRCA.LumA"
14,52,80,88,48,76,64,12,50,60,40,74,22,72,4,90,98,16,20,96,6,78,56,54,38,30,42,94,82,46,2,68,92,86,34,70,84,24,18,10,62,26,36,66,32,100,8,58,44,28,"BRCA.LumA"
14,64,54,34,40,60,36,4,52,58,82,70,50,56,38,94,96,24,6,92,8,48,30,44,68,78,74,88,86,26,2,84,90,100,72,80,12,10,20,16,76,62,32,66,28,98,22,18,46,42,"BRCA.LumA"
28,40,72,84,16,66,52,4,38,24,58,62,20,68,44,96,98,6,30,92,42,64,60,32,80,74,76,90,78,14,12,54,94,86,22,82,70,8,10,2,46,48,18,50,88,100,56,34,36,26,"BRCA.LumA"
34,22,70,92,58,62,64,10,52,46,18,74,38,84,6,90,98,16,12,94,8,50,68,48,36,30,20,88,80,42,4,76,86,96,54,78,82,26,24,28,60,14,40,72,44,100,2,56,66,32,"BRCA.LumA"
48,32,96,82,46,80,70,8,28,40,22,68,24,66,2,88,92,14,72,90,12,74,42,20,54,64,58,86,78,26,4,62,98,94,34,76,84,18,16,10,6,38,50,60,30,100,52,36,44,56,"BRCA.LumA"
22,70,82,50,38,74,60,10,54,24,36,76,56,68,20,92,96,30,58,98,26,62,28,42,2,8,6,80,78,44,4,84,94,100,66,72,90,18,16,12,86,32,34,64,52,88,14,40,46,48,"BRCA.LumA"
12,60,88,78,20,56,72,6,54,26,28,86,36,50,10,80,94,18,2,92,14,32,24,42,68,40,62,64,70,22,4,82,90,84,44,66,96,34,30,8,98,52,46,76,74,100,16,58,48,38,"BRCA.LumA"
40,24,82,70,56,86,76,10,46,30,16,54,28,62,4,94,98,18,4,90,8,74,52,48,64,58,26,80,78,20,6,66,92,88,34,32,96,38,22,14,42,84,72,68,12,100,60,36,50,44,"BRCA.LumA"
58,46,98,84,56,78,70,14,38,50,10,68,34,76,4,88,96,12,60,94,18,74,62,42,6,20,16,90,82,26,2,66,92,72,28,80,48,40,22,24,86,54,44,64,8,100,32,52,30,36,"BRCA.LumA"
60,36,92,88,18,86,56,16,38,32,12,64,34,78,50,84,94,14,8,90,54,80,62,26,10,2,4,74,82,20,6,58,96,76,24,72,66,28,52,22,98,70,42,44,68,100,48,46,30,40,"BRCA.LumA"
30,58,84,86,28,76,60,4,50,48,52,78,40,72,8,92,98,22,62,94,20,68,64,44,10,14,12,90,80,38,2,70,100,74,36,82,46,18,26,6,88,24,34,56,54,96,16,66,32,42,"BRCA.LumA"
12,54,60,68,56,82,58,2,52,14,48,84,36,76,46,90,92,18,38,96,8,66,40,34,72,74,78,32,80,22,4,86,94,100,42,64,70,10,26,6,16,28,30,62,88,98,20,24,44,50,"BRCA.LumA"
40,24,80,62,28,70,50,2,26,20,78,48,24,52,18,90,84,12,32,82,58,54,60,12,100,96,94,64,68,8,72,46,88,76,30,66,86,14,6,4,56,74,38,36,98,92,42,44,16,34,"BRCA.LumA"
20,60,98,90,42,62,56,16,26,58,38,76,34,70,6,96,88,32,66,84,4,48,52,28,8,12,22,92,74,54,2,78,94,86,68,82,72,24,18,14,80,46,30,44,10,100,36,64,50,40,"BRCA.LumA"
34,44,72,66,10,82,48,2,24,40,58,62,36,70,26,86,90,18,14,94,28,68,46,22,78,80,76,84,74,32,8,60,98,96,38,52,92,6,20,4,88,54,12,56,64,100,16,42,30,50,"BRCA.LumA"
22,36,68,82,10,72,46,6,42,28,30,58,32,64,38,96,98,8,52,90,20,62,40,44,80,60,74,86,76,18,6,70,88,84,50,78,92,24,12,2,66,54,34,56,94,100,16,48,26,14,"BRCA.LumA"
6,46,70,62,44,66,72,2,50,48,40,82,32,80,10,98,86,26,78,92,8,76,54,28,60,68,64,16,56,24,4,88,90,94,74,58,96,14,20,12,22,38,34,84,42,100,18,36,52,30,"BRCA.LumA"
64,52,90,92,46,80,70,10,56,50,14,72,42,82,12,68,100,24,28,96,18,78,60,48,6,8,6,16,84,34,2,76,94,86,26,88,36,40,38,22,30,66,62,74,20,98,32,58,54,44,"BRCA.LumA"
38,58,86,78,26,76,60,82,54,42,14,70,36,52,8,92,98,24,62,94,18,66,68,56,4,10,2,90,84,34,12,74,100,88,46,72,22,48,28,20,16,64,32,50,6,96,44,80,40,30,"BRCA.LumA"
14,42,72,86,20,82,50,6,44,28,52,66,30,64,18,90,98,10,2,92,22,76,42,26,74,70,68,84,80,16,4,62,88,100,38,54,94,24,12,8,78,60,36,48,58,96,56,46,34,32,"BRCA.LumA"
34,56,74,82,32,78,60,12,48,52,16,72,40,76,22,92,100,40,10,94,14,66,62,42,2,6,8,86,80,36,6,70,90,98,64,68,88,18,50,26,84,24,30,58,28,96,20,46,44,54,"BRCA.LumA"
46,34,68,80,6,56,44,18,30,26,64,54,12,62,60,94,96,2,32,98,52,66,58,24,86,74,88,78,72,16,38,42,90,76,20,70,84,8,10,4,82,50,22,28,92,100,48,40,14,36,"BRCA.LumA"
50,44,90,86,48,64,62,22,28,56,74,70,46,76,10,98,96,26,16,92,12,72,84,24,2,18,6,88,82,20,8,60,94,80,42,78,68,30,36,14,32,34,40,58,6,100,66,52,38,54,"BRCA.LumA"
20,62,64,76,44,78,66,14,36,68,54,80,48,72,10,94,98,24,6,92,8,56,42,40,46,52,58,88,86,18,4,82,90,96,60,74,50,16,22,12,84,28,32,70,30,100,2,38,34,26,"BRCA.LumA"
32,40,72,78,14,64,36,2,22,26,68,58,18,70,50,98,96,8,60,92,46,66,56,20,86,80,84,62,74,10,38,52,76,88,42,82,90,6,12,4,48,54,24,44,94,100,16,28,34,30,"BRCA.LumA"
34,66,74,82,20,72,58,4,54,30,36,80,38,68,18,88,92,12,10,94,8,70,64,50,32,14,16,84,78,24,2,76,98,90,26,62,86,28,42,6,96,60,22,52,46,100,48,56,44,40,"BRCA.LumA"
40,68,66,74,46,70,76,8,58,28,24,78,44,82,36,94,92,16,62,96,12,72,30,54,6,18,4,86,98,34,2,84,88,100,52,64,48,26,22,20,14,32,42,80,60,90,10,56,50,38,"BRCA.LumA"
46,38,78,82,14,76,48,4,36,30,52,56,28,68,50,94,86,10,16,90,26,72,60,32,58,66,64,84,80,22,2,62,92,100,34,74,88,12,8,6,98,42,20,40,54,96,70,44,18,24,"BRCA.LumA"
40,36,88,70,50,82,64,8,48,16,38,54,24,14,2,84,90,10,4,86,18,60,42,28,92,80,74,76,72,24,30,58,98,78,34,56,96,32,20,6,94,62,66,44,68,100,12,46,26,52,"BRCA.LumA"
14,44,66,84,32,50,68,16,48,58,64,74,34,76,24,90,100,10,6,86,8,54,46,42,70,78,80,92,94,26,4,82,88,62,52,72,40,18,12,30,96,28,22,60,56,98,2,38,36,20,"BRCA.LumA"
24,48,58,72,6,66,54,4,44,16,78,74,20,70,42,100,94,10,26,92,32,50,90,34,82,88,84,40,76,28,14,68,86,98,46,62,56,22,12,8,60,52,30,64,80,96,2,38,36,18,"BRCA.LumA"
34,18,78,68,22,76,64,6,32,26,56,60,24,52,4,92,100,12,42,94,28,72,54,20,88,82,80,58,74,14,10,50,96,90,36,62,84,30,16,2,86,66,46,48,70,98,8,44,38,40,"BRCA.LumA"
48,34,78,74,50,86,72,10,44,54,22,80,40,68,4,90,100,14,12,94,6,84,58,52,46,18,30,76,82,26,2,70,96,92,60,28,98,20,32,16,8,42,64,56,24,88,38,36,62,66,"BRCA.LumA"
26,48,72,82,16,66,62,4,42,24,64,76,18,80,8,88,98,14,36,96,6,68,52,30,58,70,60,90,84,20,2,54,86,100,46,78,74,32,22,10,94,28,34,40,12,92,44,56,50,38,"BRCA.LumA"
42,44,82,86,16,64,50,6,28,40,68,58,14,70,52,96,98,12,2,90,32,66,60,26,80,76,78,88,72,34,18,54,94,84,36,62,92,24,8,10,48,56,20,46,74,100,4,38,22,30,"BRCA.LumA"
12,52,70,78,32,66,56,4,50,36,54,80,38,74,14,88,90,22,8,94,10,58,40,44,62,68,64,92,76,28,2,72,86,100,42,82,84,18,20,6,98,16,30,60,46,96,24,48,26,34,"BRCA.LumA"
24,42,72,78,18,68,48,4,38,22,32,64,30,70,56,90,96,10,46,92,44,74,40,26,52,80,88,84,76,12,2,60,86,98,36,62,94,16,8,6,82,54,14,58,66,100,28,50,34,20,"BRCA.LumA"
24,44,62,78,18,60,52,4,38,30,54,70,22,68,64,100,72,8,66,98,34,58,46,32,80,56,82,86,84,10,16,74,88,94,50,76,28,12,6,2,90,40,20,48,96,92,36,42,26,14,"BRCA.LumA"
10,46,64,94,12,66,52,2,34,42,68,62,32,72,40,82,86,26,6,92,24,54,38,28,84,96,88,80,74,16,8,70,90,98,48,78,76,36,22,4,50,58,20,56,60,100,30,18,44,14,"BRCA.LumA"
14,40,68,74,16,44,60,4,42,84,36,80,28,58,2,100,94,24,22,96,8,48,90,20,76,66,70,86,72,30,6,64,88,92,54,56,82,18,32,12,78,26,38,34,52,98,10,46,62,50,"BRCA.LumA"
60,50,86,94,12,80,64,6,46,48,20,62,42,78,16,90,98,8,4,96,34,72,66,44,22,40,18,76,82,10,2,68,92,84,38,88,70,30,24,14,54,74,26,56,28,100,58,52,36,32,"BRCA.LumA"
36,48,80,84,28,78,54,6,20,32,22,72,38,68,16,92,88,12,4,90,24,70,50,18,62,56,58,86,82,26,2,64,98,94,42,76,96,14,10,8,60,66,46,52,74,100,40,44,30,34,"BRCA.LumA"
44,40,78,84,18,80,46,6,30,28,50,62,20,74,54,90,98,14,42,96,24,72,56,32,58,70,68,86,82,22,2,60,92,94,38,48,88,10,12,4,66,64,8,52,76,100,34,36,16,26,"BRCA.LumA"
18,50,82,84,42,70,60,4,48,52,56,68,40,74,12,98,100,34,30,94,24,62,66,44,16,10,14,76,86,26,2,64,92,88,46,78,72,28,20,10,90,6,36,54,22,96,80,58,38,32,"BRCA.LumA"
36,44,74,58,12,70,52,2,42,10,68,66,22,64,34,88,100,16,50,94,26,72,46,38,92,80,86,78,76,18,28,62,96,84,40,54,82,6,14,4,48,56,32,60,98,90,8,30,24,20,"BRCA.LumA"
14,44,80,84,26,70,50,4,48,40,30,66,42,74,38,92,98,12,20,96,10,60,36,34,72,64,76,86,78,18,8,68,94,90,46,54,88,22,16,6,58,62,28,56,82,100,2,52,32,24,"BRCA.LumA"
18,56,68,78,44,80,66,4,60,46,48,76,22,82,14,94,98,20,6,90,8,70,62,38,50,42,52,86,84,26,2,72,88,100,58,32,74,12,16,10,92,30,40,64,54,96,36,34,28,24,"BRCA.LumA"
30,52,78,86,36,64,66,8,48,28,38,70,32,80,6,88,96,12,20,92,10,58,68,46,40,24,18,84,76,26,4,72,82,90,34,54,98,22,62,14,94,42,44,74,16,100,2,60,50,56,"BRCA.LumA"
40,34,76,88,10,56,44,2,28,48,66,62,24,60,52,94,96,14,22,92,42,64,54,26,82,72,78,68,70,18,20,58,86,98,32,80,90,12,6,4,74,50,10,46,84,100,30,38,16,36,"BRCA.LumA"
16,46,70,80,42,68,48,4,40,32,52,60,36,86,56,76,96,20,10,92,22,66,38,28,58,34,64,82,84,18,6,74,88,98,44,72,90,12,14,8,78,54,24,62,94,100,2,50,30,26,"BRCA.LumA"
22,56,88,82,20,70,52,8,44,34,76,78,28,66,64,84,96,10,6,94,4,42,60,38,50,48,80,90,68,24,2,74,92,36,58,86,72,16,14,12,98,46,18,54,62,100,40,32,30,26,"BRCA.LumA"
20,50,78,86,28,70,30,16,40,48,42,80,44,64,4,90,100,10,8,94,6,72,56,38,58,68,54,88,92,32,2,60,76,98,62,84,82,22,46,12,14,36,24,52,18,96,26,74,34,66,"BRCA.LumA"
50,24,82,80,32,42,66,8,34,36,16,62,22,70,2,94,98,14,12,92,10,78,68,26,72,60,58,86,76,18,4,52,96,88,28,64,90,20,46,6,84,74,40,54,44,100,38,56,30,48,"BRCA.LumA"
16,54,56,68,44,74,64,6,42,14,34,86,30,80,36,88,90,22,8,94,12,78,38,26,40,62,66,70,84,46,4,82,92,98,60,52,96,20,18,10,48,50,32,76,72,100,2,24,58,28,"BRCA.LumA"
26,46,84,86,48,58,72,10,56,38,54,76,44,68,12,94,96,22,20,98,14,70,62,52,2,8,4,88,80,36,6,78,90,100,60,74,82,40,34,18,24,30,50,42,16,92,28,66,64,32,"BRCA.LumA"
42,46,70,74,20,62,58,8,44,18,48,66,24,64,22,96,98,16,10,92,6,80,34,28,72,82,78,84,76,26,4,60,94,86,50,52,88,14,12,2,90,54,32,56,68,100,38,40,36,30,"BRCA.LumA"
14,52,66,56,38,72,42,8,44,88,54,76,34,62,18,100,86,16,36,96,6,74,94,32,48,68,50,84,70,30,2,80,90,98,60,58,4,20,12,10,64,40,26,78,22,92,82,46,28,24,"BRCA.LumA"
16,52,60,64,34,74,58,4,48,44,42,72,24,76,12,86,98,20,6,88,22,68,32,46,78,84,90,82,96,26,2,56,80,92,50,70,66,14,10,18,94,62,36,54,40,100,8,28,38,30,"BRCA.LumA"
12,56,78,72,26,70,68,8,32,36,42,80,52,64,14,94,98,30,4,92,10,58,34,24,44,40,38,82,74,28,2,84,96,90,62,76,86,18,20,6,88,54,46,66,60,100,16,22,48,50,"BRCA.LumA"
18,12,92,60,68,88,74,26,64,28,34,56,38,30,8,90,94,40,42,86,14,80,46,48,20,58,16,6,78,36,2,82,96,98,76,22,72,44,32,10,54,66,84,70,4,100,24,50,52,62,"BRCA.LumA"
8,42,82,60,14,54,44,4,40,12,52,64,24,58,46,90,100,28,56,92,30,76,32,20,86,74,84,78,80,34,16,66,94,68,48,50,98,10,72,2,38,62,18,70,88,96,6,36,22,26,"BRCA.LumA"
14,50,62,52,22,78,64,2,34,40,60,70,26,66,48,94,88,20,12,98,18,58,44,36,86,82,84,80,72,16,4,74,92,56,38,68,90,8,10,6,76,42,32,54,96,100,28,24,46,30,"BRCA.LumA"
48,46,68,82,26,78,58,6,42,32,12,64,40,66,50,98,92,10,4,94,28,76,60,38,16,30,18,86,80,22,2,70,90,100,46,62,88,26,14,8,84,54,34,56,72,96,74,52,36,20,"BRCA.LumA"
32,38,64,84,18,72,50,4,44,14,52,76,28,82,36,90,98,22,8,94,16,66,54,34,70,58,62,86,78,24,6,74,92,88,42,56,96,12,10,2,68,48,26,60,80,100,46,40,30,20,"BRCA.LumA"
30,56,78,74,24,66,58,4,52,14,48,68,34,76,8,88,100,6,10,96,20,62,32,44,64,72,60,92,80,16,2,70,94,90,54,82,84,12,28,18,86,22,50,42,26,98,38,36,46,40,"BRCA.LumA"
12,52,46,74,26,40,48,4,38,36,64,82,30,54,44,96,88,16,68,94,14,50,32,34,78,84,80,76,62,24,2,90,72,100,60,86,66,18,6,8,92,22,10,58,70,98,28,56,42,20,"BRCA.LumA"
26,48,76,84,24,78,54,2,42,30,38,72,20,70,12,96,100,8,82,94,16,64,44,28,60,66,62,86,80,18,4,68,90,98,46,74,88,22,14,6,52,58,34,40,56,92,10,50,32,36,"BRCA.LumA"
44,24,76,78,10,70,54,2,38,36,58,52,20,62,14,94,98,6,28,96,22,66,56,26,92,88,86,80,74,12,46,48,90,68,18,64,84,16,8,4,72,60,42,40,82,100,34,50,32,30,"BRCA.LumA"
42,44,68,62,12,70,56,6,30,14,58,64,26,66,34,90,82,10,2,98,46,52,50,22,76,74,86,84,72,16,4,60,96,100,36,80,94,18,28,8,92,54,38,40,78,88,20,48,24,32,"BRCA.LumA"
14,40,58,80,22,68,70,6,54,30,56,82,34,72,28,90,96,24,2,94,10,66,36,48,46,8,42,92,78,26,16,84,88,98,76,64,74,20,18,12,86,44,38,60,62,100,4,50,52,32,"BRCA.LumA"
16,46,78,42,50,82,54,6,24,40,38,60,32,62,14,96,94,12,2,90,8,66,52,28,70,56,68,92,84,30,4,80,86,98,34,76,88,22,18,10,74,26,20,72,64,100,44,36,48,58,"BRCA.LumA"
26,44,64,92,34,70,62,4,42,16,66,68,38,76,10,88,98,14,8,94,6,72,48,40,60,78,56,84,80,22,2,82,90,100,58,86,54,28,20,14,32,36,46,74,24,96,18,50,52,30,"BRCA.LumA"
18,48,72,62,8,52,54,2,36,24,76,66,28,64,50,90,92,10,60,82,34,56,40,32,98,96,100,80,70,22,6,68,84,94,46,74,26,12,14,4,86,44,20,38,78,88,42,58,30,16,"BRCA.LumA"
24,64,72,66,20,84,54,6,34,44,90,82,40,76,28,98,80,26,4,94,14,62,68,32,46,42,2,48,86,30,12,78,92,100,58,60,70,16,22,38,8,88,18,56,10,96,74,52,36,50,"BRCA.LumA"
36,48,78,82,28,86,66,12,56,60,52,70,32,74,4,90,98,24,30,94,16,80,68,46,6,8,12,72,84,26,2,64,96,92,44,54,88,20,22,18,58,76,40,62,14,100,38,42,50,34,"BRCA.LumA"
20,48,66,70,12,74,46,2,34,32,68,60,22,54,38,96,94,6,42,86,36,62,52,24,82,78,76,84,72,10,8,56,92,98,26,64,88,16,18,4,90,58,30,50,80,100,44,40,14,28,"BRCA.LumA"
40,52,80,88,14,74,58,6,50,42,34,64,48,46,66,96,98,12,2,92,22,86,60,28,54,36,38,70,78,20,4,68,94,90,44,84,72,18,10,8,82,16,24,62,30,100,76,56,28,32,"BRCA.LumA"
38,36,62,84,8,58,42,6,26,20,72,50,16,64,76,90,92,2,54,86,52,56,48,30,88,68,96,74,80,12,46,60,82,94,28,78,44,10,14,4,66,70,22,32,100,98,40,34,24,18,"BRCA.LumA"
40,50,74,82,16,70,54,4,46,34,60,64,30,72,10,86,96,6,22,94,12,76,52,36,62,68,58,88,84,28,2,66,90,100,20,78,80,24,14,8,98,32,18,42,44,92,56,48,38,26,"BRCA.LumA"
28,44,76,72,24,58,54,2,16,32,66,74,12,68,48,94,82,34,6,80,30,52,50,20,88,90,92,64,70,26,14,60,96,98,56,84,62,10,22,8,78,46,18,40,86,100,4,42,38,36,"BRCA.LumA"
28,40,78,74,16,62,50,4,34,24,66,64,22,54,38,96,90,6,10,94,32,60,56,30,84,86,82,80,68,18,20,58,88,98,44,72,92,12,14,2,70,52,26,48,76,100,42,46,8,36,"BRCA.LumA"
36,34,88,92,24,80,66,2,56,14,26,68,42,74,18,90,98,6,22,96,44,82,70,30,60,52,64,84,76,20,8,72,94,86,46,78,54,10,12,4,52,58,32,48,62,100,16,40,38,28,"BRCA.LumA"
14,50,62,78,12,66,48,2,44,18,56,58,34,72,52,86,96,8,26,94,24,60,30,38,84,92,88,80,68,22,6,70,90,100,46,74,64,20,10,4,82,36,28,54,76,98,40,42,32,16,"BRCA.LumA"
30,38,64,70,10,62,44,2,18,26,72,54,24,66,46,94,90,16,52,88,28,58,60,22,86,96,84,80,68,12,32,48,98,74,34,76,78,4,20,8,92,56,6,42,82,100,50,40,14,36,"BRCA.LumA"
36,44,72,74,16,70,52,2,32,34,54,62,24,66,56,88,98,14,6,78,46,50,48,26,96,94,92,68,80,22,10,58,86,64,38,82,90,18,12,4,76,60,30,40,84,100,8,42,28,20,"BRCA.LumA"
14,48,70,74,24,72,50,2,44,8,58,68,32,56,42,82,100,10,4,94,16,64,28,30,78,80,88,66,76,20,12,62,96,86,38,60,92,18,22,6,84,52,26,46,90,98,54,40,34,36,"BRCA.LumA"
30,42,74,88,16,72,54,2,56,34,66,84,20,80,12,98,96,30,10,90,6,68,82,38,60,78,62,58,76,22,4,70,86,94,44,32,92,18,24,8,36,64,14,52,48,100,26,50,40,46,"BRCA.LumA"
30,42,70,74,14,62,56,2,44,36,48,68,24,58,32,92,96,12,4,94,16,60,52,40,80,82,88,86,64,18,8,66,98,78,34,84,90,20,22,10,76,54,38,50,72,100,6,46,26,28,"BRCA.LumA"
14,32,80,54,40,76,66,6,46,26,38,72,20,22,2,90,82,24,10,86,10,50,30,48,92,88,70,78,60,16,12,74,100,94,42,56,84,28,36,4,96,68,64,62,34,98,18,58,44,52,"BRCA.LumA"
16,54,80,82,32,70,60,8,64,36,48,84,40,74,12,96,94,18,26,88,10,76,68,56,46,52,38,42,98,34,2,78,92,90,62,72,86,24,28,22,6,14,30,58,20,100,4,44,66,50,"BRCA.LumA"
18,44,64,84,34,74,52,6,38,46,66,70,30,76,20,92,94,10,8,90,14,56,58,40,78,86,82,96,80,22,4,72,88,98,62,68,60,16,24,12,54,50,26,48,42,100,2,36,32,28,"BRCA.LumA"
52,32,84,88,8,70,42,12,36,18,58,56,24,72,54,90,92,10,6,98,40,80,66,30,86,74,76,60,82,26,2,64,96,94,34,68,48,16,14,4,50,62,22,46,78,100,44,38,20,28,"BRCA.LumA"
14,64,86,72,46,82,66,6,52,44,62,84,48,68,4,90,98,20,8,94,12,80,54,40,28,30,18,74,78,34,2,76,100,88,38,32,92,22,50,16,10,70,56,42,24,96,26,36,58,60,"BRCA.LumA"
46,72,80,78,18,74,58,8,44,26,60,62,40,68,16,88,96,12,14,94,24,76,66,22,12,38,4,82,84,36,2,64,90,98,32,56,92,20,28,6,86,54,42,52,50,100,70,48,30,34,"BRCA.LumA"
30,48,76,74,44,82,68,10,46,40,26,78,36,86,12,94,100,22,4,96,8,72,24,34,70,58,64,52,90,34,6,60,92,84,62,80,88,16,18,14,42,38,20,50,66,98,2,54,56,28,"BRCA.LumA"
24,64,72,34,16,84,66,4,44,50,68,56,36,48,80,98,10,14,46,94,12,76,52,38,78,90,82,42,86,40,6,74,92,100,60,54,20,18,8,28,2,32,26,70,58,96,88,62,22,30,"BRCA.LumA"
44,48,70,78,12,62,50,2,30,26,66,56,28,64,20,94,90,4,38,92,40,58,60,16,88,82,72,80,68,10,32,42,84,98,22,74,96,18,8,6,86,54,24,36,76,100,46,52,14,34,"BRCA.LumA"
40,18,86,62,38,84,60,2,26,30,36,52,12,44,6,94,90,10,32,88,34,66,56,28,82,80,70,78,68,14,16,50,100,92,22,72,96,24,8,4,74,76,46,54,64,98,58,42,20,48,"BRCA.LumA"
28,38,60,76,6,52,46,2,34,18,62,72,22,58,50,96,90,8,36,86,42,56,54,30,92,84,82,66,68,10,26,70,94,78,24,80,74,12,16,4,98,64,14,44,88,100,40,48,20,32,"BRCA.LumA"
14,42,58,80,24,64,46,6,44,28,40,60,38,66,54,86,94,10,2,96,36,56,30,32,76,68,70,82,72,26,8,78,90,98,48,74,88,20,12,4,92,52,22,62,84,100,18,50,34,16,"BRCA.LumA"
22,42,56,76,26,60,46,4,44,12,72,74,30,64,50,86,88,14,6,94,28,62,52,40,80,78,92,68,66,20,34,70,82,100,38,84,54,8,10,2,96,58,24,48,98,90,16,36,32,18,"BRCA.LumA"
42,30,70,88,12,54,40,6,34,36,62,52,16,60,58,94,86,8,44,96,50,74,72,32,68,92,84,66,82,2,24,46,98,76,20,80,78,14,4,10,56,64,18,28,90,100,48,38,22,28,"BRCA.LumA"
14,42,60,54,32,84,68,6,40,30,76,72,28,86,20,92,96,22,16,90,8,66,34,36,64,62,74,78,80,12,2,70,94,100,58,56,82,18,24,10,88,26,38,48,44,98,4,50,52,46,"BRCA.LumA"
32,50,66,82,8,76,46,4,42,48,64,80,34,72,26,94,96,30,12,88,6,70,58,28,52,54,56,84,78,18,2,74,86,98,36,62,92,16,22,10,90,68,14,60,40,100,44,38,20,24,"BRCA.LumA"
24,46,76,80,40,62,52,8,44,26,50,68,30,28,36,90,94,14,4,92,34,86,54,18,74,88,98,78,72,22,2,66,96,70,42,84,82,12,20,10,6,56,16,58,64,100,60,48,32,38,"BRCA.LumA"
26,58,86,54,20,72,62,4,40,36,56,80,34,82,46,94,98,12,22,96,16,64,42,30,68,60,70,78,74,14,6,76,92,52,44,84,48,8,18,2,88,50,10,66,90,100,24,38,28,32,"BRCA.LumA"
48,64,82,80,22,78,56,6,50,26,60,74,34,72,14,84,98,16,4,94,12,68,58,42,44,46,40,88,76,18,2,70,92,100,38,54,90,28,20,8,86,36,24,66,10,96,62,52,30,32,"BRCA.LumA"
20,44,82,66,18,84,56,6,36,26,50,72,24,70,8,88,98,16,2,100,12,78,28,32,60,76,64,68,74,34,4,62,94,92,54,58,90,14,30,10,86,48,42,80,52,96,22,46,40,38,"BRCA.LumA"
32,48,74,82,16,58,50,2,24,42,70,66,38,78,46,76,98,36,4,96,6,52,60,14,86,92,84,80,68,22,10,72,88,94,20,64,18,28,34,12,90,54,26,56,62,100,8,40,30,44,"BRCA.LumA"
34,46,80,68,32,64,72,10,54,28,16,78,44,62,18,88,98,30,38,92,22,84,36,52,8,6,4,82,86,42,2,76,94,100,58,66,96,20,24,12,14,60,56,74,70,90,26,50,48,40,"BRCA.LumA"
28,42,72,76,10,66,52,4,40,34,46,78,34,80,54,92,100,18,8,94,12,64,38,30,60,58,74,82,70,24,16,62,96,90,56,68,86,14,22,6,88,50,26,48,84,98,2,44,20,36,"BRCA.LumA"
36,44,80,88,18,70,62,4,52,20,78,74,24,72,4,86,100,12,8,90,14,76,66,42,64,54,50,82,92,26,6,56,94,96,28,60,34,22,16,10,84,30,46,48,40,98,68,58,38,32,"BRCA.LumA"
14,54,66,86,40,68,56,8,42,44,38,78,28,74,24,94,96,22,6,92,12,52,50,34,72,64,62,90,84,26,2,82,88,98,76,70,36,20,18,4,80,30,16,60,48,100,12,58,46,32,"BRCA.LumA"
30,62,66,82,36,10,58,6,42,52,26,84,28,72,12,96,100,40,22,94,4,60,68,48,54,50,44,90,74,18,2,76,88,98,56,78,86,16,32,8,80,70,20,34,46,92,14,64,24,38,"BRCA.LumA"
6,54,44,80,28,76,60,4,50,38,52,58,24,74,32,96,90,10,18,94,14,48,56,40,82,86,88,16,98,22,2,70,84,92,72,66,20,8,26,12,78,30,34,64,68,100,46,42,62,36,"BRCA.LumA"
26,54,70,82,36,20,66,6,56,32,44,76,24,80,12,92,98,18,4,88,8,74,62,52,30,42,28,90,78,22,2,72,84,96,58,68,94,16,14,10,86,64,40,60,48,100,50,34,46,38,"BRCA.LumA"
20,62,76,68,26,34,66,22,36,46,70,80,42,78,28,88,98,38,12,90,10,32,56,40,4,8,6,84,82,44,2,74,92,94,60,72,96,18,30,16,86,52,24,54,14,100,48,64,50,58,"BRCA.LumA"
40,30,90,78,64,84,68,8,48,28,24,46,14,34,4,88,92,16,38,86,6,74,52,42,76,72,66,80,82,18,2,62,94,98,32,58,50,20,12,22,96,36,56,44,10,100,70,60,26,54,"BRCA.LumA"
14,66,88,72,34,54,56,8,44,70,48,80,20,82,6,94,84,50,12,86,46,58,76,38,24,26,22,98,78,30,2,64,100,90,74,68,10,18,42,36,92,16,28,40,52,96,4,62,32,60,"BRCA.LumA"
42,56,70,84,24,74,46,8,44,50,80,76,38,66,10,90,100,28,4,92,6,68,52,40,12,30,26,88,82,22,2,78,86,98,62,72,54,14,18,20,94,64,16,58,36,96,60,34,48,32,"BRCA.LumA"
32,52,80,84,34,26,68,12,62,58,10,70,46,76,16,82,100,24,20,96,14,72,66,60,6,6,6,92,86,40,8,74,94,88,48,78,50,38,30,28,90,42,36,54,18,98,22,64,56,44,"BRCA.LumA"
20,54,82,84,28,70,58,4,48,26,46,66,34,74,18,90,92,8,10,96,12,52,42,38,64,60,56,86,80,14,2,72,88,94,24,62,76,22,30,6,98,40,32,50,78,100,68,44,36,16,"BRCA.LumA"
34,50,62,86,24,68,46,2,48,12,70,58,18,66,42,82,98,20,14,94,32,60,36,38,88,84,78,72,76,16,22,64,96,90,52,74,92,8,10,4,28,56,26,54,80,100,6,44,40,30,"BRCA.LumA"
10,44,84,90,52,28,56,4,40,36,62,60,42,64,20,92,100,14,2,96,12,70,58,46,82,76,80,78,72,24,30,66,94,88,38,74,18,26,16,6,68,54,34,50,86,98,8,48,32,22,"BRCA.LumA"
34,48,62,70,18,50,52,2,36,26,60,76,6,68,42,96,100,14,64,94,16,66,54,32,78,82,80,86,72,10,12,58,88,98,20,56,92,8,24,4,84,46,22,44,74,90,38,40,28,30,"BRCA.LumA"
24,60,86,90,34,76,58,12,46,48,68,74,44,78,18,94,98,22,10,92,14,64,52,50,4,8,4,88,80,42,6,84,82,96,70,66,56,38,20,16,32,54,30,62,40,100,28,72,36,26,"BRCA.LumA"
8,56,62,84,44,58,54,6,42,40,52,68,24,80,50,88,90,26,36,86,14,34,30,32,66,60,76,74,94,28,4,72,78,98,64,82,92,18,12,10,38,16,20,70,96,100,2,46,48,22,"BRCA.LumA"
20,48,78,66,24,72,58,2,50,32,34,82,26,74,8,96,94,16,52,90,14,68,64,40,60,44,62,86,80,10,4,70,100,84,18,76,92,14,22,6,88,28,30,38,56,98,46,54,36,42,"BRCA.LumA"
52,50,86,90,38,16,60,10,56,48,18,74,40,80,14,88,100,20,26,96,12,68,70,44,2,8,4,72,82,30,6,78,92,64,28,84,32,36,54,22,94,76,34,66,24,98,62,58,42,46,"BRCA.LumA"
58,50,92,88,46,84,66,12,36,54,34,62,34,76,8,94,100,14,40,98,18,72,68,20,2,26,6,70,82,24,4,64,96,80,42,78,74,22,28,30,90,38,44,60,10,86,16,56,48,52,"BRCA.LumA"
8,60,44,78,22,68,74,10,46,26,72,86,34,54,12,92,88,20,40,96,4,56,28,38,58,80,66,84,76,14,2,82,90,100,64,48,94,24,30,18,62,42,36,70,16,98,6,32,50,52,"BRCA.LumA"
24,44,74,82,6,60,38,8,48,26,56,76,18,64,36,96,90,16,80,92,12,70,46,40,62,54,66,86,84,30,4,58,94,100,50,72,78,22,14,10,88,28,20,52,68,98,2,42,32,34,"BRCA.LumA"
24,40,70,84,14,76,62,4,46,32,54,72,30,78,20,88,94,8,6,90,16,74,56,44,60,58,64,86,80,20,2,68,92,100,28,50,82,26,10,12,96,38,36,42,66,98,48,52,34,22,"BRCA.LumA"
32,60,80,68,36,72,62,8,44,56,38,70,34,76,4,90,100,22,6,94,10,66,58,30,26,50,28,88,74,48,2,78,84,86,52,82,92,16,18,14,98,46,24,64,20,96,12,54,42,40,"BRCA.LumA"
48,38,70,72,12,74,52,2,28,24,58,64,16,62,50,98,92,8,34,94,42,66,60,22,90,80,82,78,68,10,46,54,96,36,30,76,88,4,26,6,86,56,20,32,84,100,14,40,18,44,"BRCA.LumA"
24,70,86,82,38,80,68,8,58,18,72,88,44,66,12,90,96,16,28,98,22,64,20,46,4,10,2,52,74,40,6,84,92,100,60,54,36,14,32,26,94,62,50,78,42,76,30,48,56,34,"BRCA.LumA"
26,40,78,76,28,82,64,8,38,48,58,70,34,84,30,94,96,18,6,92,12,68,62,46,42,60,66,52,88,20,4,86,90,100,54,72,80,14,16,10,74,50,32,56,24,98,2,44,36,22,"BRCA.LumA"
50,64,86,88,32,58,60,4,40,54,26,72,28,74,18,92,98,12,84,96,8,78,70,36,44,14,48,76,80,30,2,82,94,90,42,66,20,22,16,10,6,52,24,56,62,100,46,68,38,34,"BRCA.LumA"
32,48,72,68,20,84,58,2,46,22,62,44,28,70,10,96,98,4,36,94,26,82,38,16,88,74,80,66,86,24,14,52,90,78,42,60,92,12,6,8,40,64,18,56,76,100,50,54,30,34,"BRCA.LumA"
46,32,76,78,14,64,48,4,36,20,68,54,18,72,44,100,92,6,56,94,38,70,62,26,90,84,80,82,74,16,28,50,96,86,34,58,66,12,12,2,60,52,24,30,88,98,8,42,22,40,"BRCA.LumA"
56,48,86,76,34,72,68,6,46,66,8,52,32,74,4,88,96,26,12,94,18,82,62,44,14,20,10,84,80,28,2,54,98,70,24,42,90,38,30,16,92,78,40,58,22,100,64,50,36,60,"BRCA.LumA"
16,52,74,92,36,68,70,8,54,28,20,86,30,82,14,80,98,32,6,94,10,62,18,50,40,38,42,56,84,24,2,72,96,90,78,64,88,26,46,12,76,34,48,60,66,100,4,44,58,22,"BRCA.LumA"
10,56,76,84,32,54,50,8,42,48,60,82,30,64,20,94,96,22,2,90,16,46,62,36,68,72,70,92,66,26,4,80,86,98,40,74,88,14,24,6,78,58,12,52,44,100,18,38,28,34,"BRCA.LumA"
18,36,88,86,26,72,50,2,38,40,56,60,28,62,34,94,98,6,46,92,14,64,54,32,82,70,74,80,68,10,8,58,96,76,42,66,90,16,30,4,84,48,20,44,78,100,12,52,24,22,"BRCA.LumA"
14,64,74,84,16,76,56,6,44,48,50,70,42,68,12,90,98,18,4,94,8,72,36,38,30,46,52,86,82,40,2,78,88,96,58,62,92,28,20,10,80,60,24,66,34,100,22,54,26,32,"BRCA.LumA"
22,46,68,78,12,72,40,2,44,28,62,56,34,70,38,88,90,10,4,96,14,60,48,32,66,76,80,84,74,20,26,58,92,82,42,64,94,18,16,6,98,52,36,54,86,100,8,50,30,24,"BRCA.LumA"
22,54,82,86,44,60,64,12,52,34,46,74,48,70,16,80,94,26,24,96,10,58,20,50,2,6,4,88,72,40,8,84,90,100,68,76,78,28,18,14,92,56,36,66,38,98,30,62,42,32,"BRCA.LumA"
8,28,54,68,24,64,58,2,44,34,62,82,32,76,36,94,96,38,12,90,6,66,48,26,72,56,70,88,80,14,16,78,86,100,60,74,52,10,20,4,92,42,30,50,84,98,40,22,46,18,"BRCA.LumA"
14,46,72,82,34,86,56,6,48,42,18,74,40,66,12,94,98,16,4,92,10,84,36,38,68,58,60,90,80,30,2,76,88,78,44,52,96,28,24,8,70,54,22,64,62,100,20,50,32,26,"BRCA.LumA"
32,50,78,88,40,82,66,16,38,36,64,72,42,76,8,90,98,26,10,92,58,62,74,46,6,14,4,12,80,28,2,70,96,68,30,86,94,20,44,24,84,18,56,54,22,100,34,60,52,48,"BRCA.LumA"
20,44,78,88,18,80,58,4,38,22,56,68,40,64,10,90,96,16,2,94,28,74,66,26,14,32,12,72,82,24,6,62,92,98,42,76,84,30,34,8,86,54,36,52,70,100,46,60,50,48,"BRCA.LumA"
44,30,86,62,26,74,56,6,14,34,40,64,32,68,12,98,96,22,70,92,18,72,60,16,90,76,80,88,66,28,10,54,100,82,38,78,42,20,24,8,4,58,48,52,84,94,2,50,36,46,"BRCA.LumA"
18,50,64,76,28,62,52,12,36,40,60,68,16,66,4,88,100,20,2,94,8,56,34,26,80,84,78,86,74,30,10,46,90,96,82,72,70,22,24,58,92,14,42,48,32,98,6,44,54,38,"BRCA.LumA"
14,66,70,82,32,74,44,10,62,34,68,84,60,76,38,88,94,24,52,92,22,50,36,42,4,64,18,54,78,28,2,80,90,100,56,86,12,20,16,8,98,72,26,58,6,96,40,48,46,30,"BRCA.LumA"
12,50,72,70,38,62,34,6,32,36,68,54,30,64,48,100,56,8,78,94,40,58,82,24,86,88,90,66,74,20,2,76,96,98,42,80,14,18,10,4,44,28,16,52,92,84,60,46,26,22,"BRCA.LumA"
18,50,72,80,16,66,62,6,52,64,14,82,42,78,12,96,98,26,28,90,22,68,74,46,22,30,34,88,84,36,4,76,92,94,58,70,86,24,38,10,8,60,32,56,40,100,2,48,54,44,"BRCA.LumA"
26,58,80,82,24,62,56,12,44,48,40,74,46,86,18,98,88,34,68,94,16,72,66,50,8,6,4,92,84,38,4,76,90,100,64,54,60,20,28,14,10,78,30,70,22,96,34,52,42,36,"BRCA.LumA"
38,62,70,80,34,60,64,20,48,50,18,76,32,74,14,88,84,22,16,90,12,66,56,54,4,4,6,92,98,26,10,82,86,96,52,72,94,36,28,24,78,58,40,68,42,100,8,46,44,30,"BRCA.LumA"
24,46,78,70,16,82,56,6,38,42,50,52,40,72,4,74,98,8,2,94,30,36,48,26,96,90,84,68,76,14,32,62,88,86,28,66,18,20,10,12,92,64,44,60,80,100,54,58,34,22,"BRCA.LumA"
20,48,70,68,24,72,54,6,28,44,36,86,38,78,14,88,98,30,4,94,10,76,52,22,58,56,60,82,84,32,2,80,92,96,50,62,90,12,16,8,46,74,34,66,64,100,18,40,42,26,"BRCA.LumA"
58,44,82,84,18,76,54,2,24,36,40,64,32,62,6,92,94,14,10,88,12,72,70,38,66,60,46,86,74,22,4,56,96,78,34,80,90,16,30,8,98,50,28,42,68,100,20,52,26,48,"BRCA.LumA"
30,40,76,74,20,64,50,2,42,14,54,60,24,68,48,98,90,6,4,94,32,66,52,38,82,72,80,86,78,16,12,56,92,100,36,88,84,8,22,10,62,44,28,46,70,96,58,18,34,26,"BRCA.LumA"
32,46,82,78,18,56,60,6,44,40,50,72,36,80,16,90,100,14,2,96,10,74,66,48,58,68,62,86,84,20,4,76,94,88,30,38,92,12,22,8,42,70,24,64,54,98,34,52,28,26,"BRCA.LumA"
42,46,90,86,20,78,52,4,38,30,54,58,34,70,12,96,98,10,6,88,44,62,68,36,72,76,64,80,84,32,2,56,92,94,24,82,66,16,14,8,18,50,28,48,74,100,26,60,40,22,"BRCA.LumA"
32,48,70,66,14,76,52,4,38,24,56,62,36,72,20,88,100,10,2,92,42,68,60,34,84,82,86,80,74,26,8,50,96,90,22,78,18,12,16,6,54,64,44,30,98,94,40,46,28,58,"BRCA.LumA"
28,44,78,96,34,62,60,4,54,26,50,82,42,80,52,88,100,16,72,92,18,66,12,46,36,10,30,76,86,32,2,94,98,64,70,68,38,24,22,6,14,58,48,74,84,90,8,56,40,20,"BRCA.LumA"
18,40,88,78,22,82,56,4,48,46,34,68,38,52,12,90,92,10,6,94,14,74,26,32,60,58,66,84,80,20,2,70,96,98,36,64,76,24,16,8,86,50,28,62,72,100,30,54,42,44,"BRCA.LumA"
10,56,62,36,34,84,70,68,64,26,86,72,40,60,30,94,80,12,14,96,18,92,38,50,54,74,58,48,82,22,2,88,90,100,76,46,52,24,8,20,4,66,28,78,32,98,6,44,42,16,"BRCA.LumA"
28,50,84,62,12,70,56,2,18,12,38,76,32,48,36,96,68,20,88,98,54,82,46,34,94,74,92,64,80,24,6,72,100,30,44,58,78,8,14,4,18,66,26,52,90,86,60,22,42,40,"BRCA.LumA"
26,36,66,80,58,30,68,14,40,44,42,92,48,64,10,100,96,20,72,94,12,76,84,56,6,18,2,78,74,38,8,86,88,98,52,82,22,32,28,16,60,70,54,34,4,90,46,62,50,24,"BRCA.LumA"
54,52,64,90,20,66,56,2,42,24,48,78,26,70,38,92,98,8,76,94,46,74,62,34,68,58,60,86,82,22,6,72,96,84,18,88,14,28,16,4,12,36,32,40,80,100,10,50,44,30,"BRCA.LumA"
10,52,62,78,22,54,74,14,66,24,16,86,34,60,26,100,98,18,4,96,30,58,44,48,6,46,80,82,68,32,8,88,84,94,64,70,90,38,20,12,76,42,28,40,72,92,2,50,56,36,"BRCA.LumA"
34,28,66,86,10,68,46,4,16,32,62,54,26,70,52,90,92,24,48,94,40,64,58,12,60,78,74,84,76,20,14,56,88,98,36,82,80,8,6,2,96,42,18,38,72,100,50,44,22,30,"BRCA.LumA"
32,26,78,82,34,70,52,2,38,44,60,72,18,54,14,98,96,30,8,94,6,64,56,36,76,74,68,88,66,22,12,58,90,80,46,86,84,20,24,4,92,48,16,50,62,100,10,42,28,40,"BRCA.LumA"
46,48,74,90,42,70,56,8,22,44,18,68,38,72,26,96,98,16,4,94,32,76,52,28,64,60,66,82,88,36,2,78,92,80,62,84,86,24,20,12,14,6,34,54,40,100,10,58,50,30,"BRCA.LumA"
40,48,72,76,20,66,62,8,42,38,30,80,28,74,10,90,100,26,4,92,12,78,60,34,36,50,44,86,82,22,2,70,88,96,54,58,94,24,18,8,84,64,32,68,14,98,56,16,52,46,"BRCA.LumA"
30,52,76,84,16,80,62,2,50,38,74,78,34,70,6,90,94,12,28,92,8,66,46,40,48,20,26,86,82,14,4,72,88,98,54,44,68,24,24,10,96,42,36,60,56,100,58,64,18,32,"BRCA.LumA"
40,36,72,80,10,62,48,6,38,28,56,70,30,74,50,90,98,18,12,96,24,76,54,32,66,58,68,88,82,20,4,64,84,100,44,60,92,16,14,8,86,52,22,46,78,94,2,42,26,34,"BRCA.LumA"
44,36,78,66,8,74,52,6,30,34,58,54,24,64,26,94,100,22,4,92,38,62,56,28,82,86,68,88,76,20,2,50,96,80,40,70,90,14,20,10,72,84,32,46,60,98,12,42,16,48,"BRCA.LumA"
26,42,80,86,16,72,48,6,36,44,52,58,32,66,34,98,88,2,56,94,22,64,62,20,82,76,78,92,84,18,4,54,90,100,38,70,68,10,14,8,50,30,12,40,60,96,74,46,28,24,"BRCA.LumA"
50,58,84,86,16,66,48,8,42,28,52,72,24,70,30,96,88,14,60,94,36,76,68,22,4,40,10,82,78,32,2,62,92,80,34,74,98,20,26,6,90,56,12,38,64,100,54,46,18,44,"BRCA.LumA"
8,58,80,68,16,48,64,4,38,14,32,96,44,74,26,84,90,30,78,98,10,54,18,34,70,60,76,86,66,50,2,92,94,100,62,72,46,24,22,6,20,36,28,56,82,88,12,52,42,40,"BRCA.LumA"
12,42,78,80,26,58,50,6,40,18,64,56,36,68,46,90,100,4,66,92,24,62,34,38,72,82,70,94,88,22,2,74,84,98,48,60,86,10,8,14,54,44,20,52,76,96,16,32,28,30,"BRCA.LumA"
22,32,74,84,30,60,54,4,40,16,52,66,26,72,46,98,94,10,18,92,24,62,58,34,76,64,78,56,80,14,8,70,90,96,48,88,86,22,12,2,68,50,28,44,82,100,6,36,38,42,"BRCA.LumA"
20,52,76,78,40,66,80,8,46,32,14,44,36,56,4,92,96,18,28,98,12,64,38,58,82,60,62,10,84,16,2,86,94,90,68,72,88,30,26,24,74,22,48,34,50,100,6,54,70,42,"BRCA.LumA"
14,60,82,84,18,70,64,4,42,22,32,76,40,72,6,88,98,24,50,96,8,58,28,34,54,44,48,80,66,46,2,94,92,86,74,62,90,26,16,10,52,78,30,68,20,100,12,36,56,38,"BRCA.LumA"
54,18,78,74,20,60,46,8,34,22,62,42,24,64,58,86,90,10,32,96,52,76,56,14,84,82,92,68,72,6,44,40,94,80,16,70,88,14,2,4,48,66,28,36,98,100,50,38,26,30,"BRCA.LumA"
16,36,80,92,28,76,52,6,42,40,48,70,44,68,20,84,98,14,4,88,10,72,56,38,54,62,58,90,86,34,2,78,94,96,50,74,60,22,12,8,82,18,30,64,46,100,26,66,24,32,"BRCA.LumA"
52,22,78,66,16,68,50,8,30,28,82,38,10,58,40,90,74,4,42,84,44,60,56,20,94,98,100,72,64,6,76,36,88,62,24,70,54,12,2,16,86,80,28,34,96,92,48,46,18,32,"BRCA.LumA"
38,46,62,74,8,60,54,2,32,22,66,64,12,68,52,94,98,24,18,88,34,50,48,30,78,72,80,86,70,14,20,58,96,90,44,82,84,10,4,6,76,56,26,42,92,100,16,40,36,28,"BRCA.LumA"
36,50,76,84,24,72,62,12,30,52,46,70,44,78,18,90,98,42,16,94,20,74,60,22,2,6,8,82,80,26,6,68,92,88,40,54,96,28,32,14,86,66,34,64,10,100,58,56,38,50,"BRCA.LumA"
38,42,78,84,14,76,58,4,22,24,48,70,32,74,56,96,100,10,46,92,20,72,62,16,60,50,64,88,82,18,2,66,98,90,40,68,86,12,52,6,28,54,28,36,80,94,8,44,30,34,"BRCA.LumA"
22,38,80,90,34,70,56,6,28,40,50,58,16,78,8,92,98,10,2,96,12,60,62,20,68,72,66,88,76,18,4,64,94,82,52,74,84,30,54,14,86,26,32,48,46,100,24,42,44,36,"BRCA.LumA"
28,52,76,84,30,78,60,6,46,50,56,72,34,80,8,88,98,18,4,90,12,68,64,44,24,14,20,86,82,26,2,74,92,94,36,70,66,32,16,10,96,54,42,48,22,100,62,58,40,38,"BRCA.LumA"
34,50,74,82,16,60,52,4,40,36,44,68,24,62,10,88,100,20,8,96,18,70,56,32,80,78,72,84,76,12,6,64,86,92,30,54,94,14,22,2,90,66,26,58,48,98,46,42,28,38,"BRCA.LumA"
36,38,70,72,8,68,40,6,22,24,50,56,28,60,46,96,100,2,4,94,58,64,54,18,86,78,80,62,82,20,12,52,88,76,30,84,92,16,26,10,74,66,34,42,90,98,44,48,32,14,"BRCA.LumA"
44,32,68,74,16,62,46,2,34,20,72,50,24,64,56,98,84,8,52,90,38,60,58,24,88,82,86,78,70,12,42,48,94,92,30,76,66,10,6,4,80,54,14,36,96,100,28,40,18,26,"BRCA.LumA"
18,40,84,92,52,80,64,8,48,56,24,58,32,78,10,96,98,16,50,90,12,74,66,44,30,36,28,76,86,26,2,68,88,94,46,72,82,14,20,8,70,62,38,60,22,100,4,54,42,34,"BRCA.LumA"
24,18,80,60,54,86,58,12,40,48,36,72,20,30,2,98,90,14,16,94,4,76,62,34,82,88,66,52,78,26,6,74,96,92,56,70,84,28,22,8,46,64,50,68,32,100,10,38,42,44,"BRCA.LumA"
32,38,66,76,16,56,30,2,34,24,68,50,22,70,62,86,92,4,48,84,44,60,52,26,90,82,88,80,74,10,40,58,78,94,28,72,64,12,6,8,100,54,20,36,96,98,46,42,18,14,"BRCA.LumA"
46,38,84,86,34,82,64,14,44,26,10,66,32,56,2,88,98,22,6,90,18,70,52,40,16,12,20,68,76,28,4,62,92,80,30,74,94,38,78,24,96,72,50,60,8,100,58,54,42,48,"BRCA.LumA"
20,50,80,86,26,84,66,6,58,36,16,82,34,74,14,90,98,18,4,96,10,68,62,42,48,30,32,72,76,24,2,78,88,94,52,70,64,22,44,12,92,28,40,60,38,100,8,56,54,46,"BRCA.LumA"
44,34,86,72,36,68,64,4,38,30,66,70,20,52,2,92,88,12,32,90,10,62,42,16,80,94,76,82,74,22,8,58,96,84,54,46,100,14,24,6,78,28,48,60,50,98,18,26,56,40,"BRCA.LumA"
44,72,84,68,30,66,74,10,78,56,60,80,38,76,50,92,94,18,14,96,26,42,70,58,6,12,4,54,88,36,2,86,90,98,62,82,20,28,34,22,16,24,32,40,8,100,46,52,64,48,"BRCA.LumA"
26,54,82,80,16,62,60,4,42,32,56,76,36,78,22,92,98,12,74,88,8,70,50,38,64,68,66,84,86,18,2,72,90,94,40,48,30,14,10,34,96,6,20,44,46,100,58,52,28,24,"BRCA.LumA"
14,66,46,70,16,50,64,6,48,20,42,86,36,76,18,94,84,24,4,96,8,52,38,40,62,72,58,82,80,30,2,88,90,100,78,68,92,22,26,10,60,54,32,74,44,98,12,56,34,28,"BRCA.LumA"
28,48,82,74,12,78,60,6,54,22,28,72,44,62,34,86,96,14,8,98,50,64,32,40,18,20,46,70,84,38,2,80,100,94,56,88,90,36,24,16,4,66,52,68,76,92,10,58,42,30,"BRCA.LumA"
38,60,80,78,16,62,56,8,46,34,70,82,36,74,42,90,96,24,4,92,26,68,58,44,6,20,10,88,84,22,2,66,86,100,40,64,76,14,12,48,98,18,28,52,50,94,72,54,32,30,"BRCA.LumA"
14,66,48,54,44,76,52,8,28,84,56,88,22,60,18,98,96,26,2,92,12,36,72,34,80,82,68,6,62,20,4,74,90,100,40,50,64,16,38,24,86,78,30,70,58,94,10,42,32,46,"BRCA.LumA"
8,52,48,50,12,68,92,4,36,24,58,78,26,54,10,90,98,32,30,96,6,40,20,38,86,76,82,64,62,28,2,80,72,100,60,66,74,18,22,16,94,84,42,56,70,88,14,44,46,34,"BRCA.LumA"
24,42,76,80,14,78,52,4,44,22,54,66,12,68,46,94,90,18,2,92,30,72,48,32,64,62,70,86,74,16,6,60,84,96,38,58,98,20,10,8,88,56,36,50,82,100,34,40,26,28,"BRCA.LumA"
32,38,66,76,8,70,54,4,50,30,56,64,26,58,28,88,96,16,42,92,10,72,46,40,86,78,84,82,74,24,12,62,90,68,52,60,98,18,14,2,94,34,20,48,80,100,6,44,36,22,"BRCA.LumA"
28,52,84,80,16,72,48,2,40,10,58,64,34,66,46,86,98,12,6,94,22,60,38,30,78,76,70,82,74,20,8,62,90,96,44,54,92,14,42,4,88,56,24,50,68,100,18,36,32,26,"BRCA.LumA"
58,38,86,88,8,76,48,10,30,36,50,56,28,90,52,74,98,6,4,92,46,82,80,26,60,68,62,42,84,16,2,64,94,96,36,78,66,18,14,14,32,54,24,40,72,100,70,44,20,22,"BRCA.LumA"
34,50,70,80,26,72,68,4,62,38,30,82,40,76,28,88,100,22,8,90,16,60,52,46,14,18,12,86,84,24,2,78,94,96,48,58,92,20,36,8,74,54,42,64,66,98,10,56,44,32,"BRCA.LumA"
12,40,66,60,16,84,50,4,42,86,36,74,34,46,10,100,88,6,20,94,18,76,90,28,68,80,72,64,70,22,2,78,96,98,26,58,92,32,24,8,62,56,44,54,52,82,14,38,48,30,"BRCA.LumA"
30,58,76,72,14,60,68,4,50,26,48,62,24,78,8,94,84,10,42,98,12,54,44,28,66,52,64,96,86,36,2,56,92,100,32,82,80,16,20,6,90,74,40,46,70,88,18,34,22,38,"BRCA.LumA"
54,46,80,88,6,66,68,14,32,56,50,64,26,82,4,94,98,12,34,92,8,78,74,44,30,52,38,90,86,20,2,72,96,76,70,84,58,18,10,40,16,28,22,42,24,100,60,62,48,36,"BRCA.LumA"
48,38,82,86,16,54,52,2,44,18,50,66,22,64,24,94,100,8,46,98,20,78,58,28,76,68,70,88,84,10,6,60,96,90,32,72,80,12,14,6,62,56,26,34,74,92,42,36,30,42,"BRCA.LumA"
44,32,62,76,6,52,48,8,28,30,68,58,12,66,54,92,100,16,26,96,46,70,60,22,88,80,82,84,72,10,40,50,94,56,24,74,78,4,14,2,86,64,18,42,90,98,34,36,20,38,"BRCA.LumA"
60,44,74,86,36,80,62,28,24,46,36,66,20,84,8,98,96,6,12,94,22,70,72,16,52,56,50,88,82,10,2,42,92,90,38,78,76,28,14,32,68,64,40,30,54,100,4,48,18,58,"BRCA.LumA"
40,24,74,80,8,62,38,4,26,22,64,48,28,60,50,96,94,2,34,86,54,68,56,16,92,90,88,78,72,10,30,52,98,70,36,84,76,18,20,6,66,58,32,46,82,100,44,42,12,14,"BRCA.LumA"
14,48,74,70,38,66,56,8,46,24,58,88,30,78,12,96,94,28,32,92,10,40,64,42,62,76,54,72,86,22,2,82,90,100,68,60,84,20,34,16,26,6,50,80,18,98,4,36,52,44,"BRCA.LumA"
26,62,80,90,28,56,70,14,58,40,20,86,38,74,10,92,100,32,66,96,24,72,68,60,6,16,4,76,84,30,2,78,94,88,44,82,52,36,34,22,12,50,48,46,18,98,8,64,54,42,"BRCA.LumA"
18,52,86,76,26,74,62,6,34,40,8,66,22,84,20,96,98,14,60,94,4,68,70,28,58,64,48,88,82,38,2,72,92,78,56,80,90,10,36,12,50,24,32,42,30,100,16,46,54,44,"BRCA.LumA"
40,34,78,86,2,66,48,6,30,24,46,44,18,76,56,94,100,4,60,90,50,70,54,28,74,72,62,84,82,10,14,42,88,98,22,68,96,20,12,8,64,58,26,36,80,92,52,38,16,32,"BRCA.LumA"
46,48,74,80,20,64,60,4,54,30,16,78,44,76,12,94,100,32,10,96,14,62,68,52,42,18,22,86,70,40,2,72,92,84,56,82,98,34,28,8,88,26,24,50,66,90,6,58,38,38,"BRCA.LumA"
32,46,78,62,12,56,50,2,44,6,58,68,26,66,38,86,98,8,16,96,18,72,48,36,90,84,82,80,74,22,12,70,100,92,24,54,94,14,40,4,60,64,28,52,76,88,42,34,30,20,"BRCA.LumA"
28,70,68,82,12,60,44,4,46,18,74,62,20,66,38,92,94,6,36,90,26,56,50,30,78,80,76,86,84,34,10,58,88,100,32,54,72,14,8,2,96,52,16,40,64,98,48,42,24,22,"BRCA.LumA"
22,66,74,88,40,78,54,12,52,50,32,70,34,84,8,96,92,16,56,94,18,64,48,42,4,14,10,80,82,38,2,72,90,98,58,86,68,28,26,20,62,44,24,76,6,100,30,60,36,46,"BRCA.LumA"
46,36,78,80,18,70,56,2,40,42,60,54,24,72,16,86,90,4,48,94,6,66,64,30,88,84,82,92,74,20,8,58,96,52,22,76,32,14,12,10,98,34,28,44,68,100,62,50,26,38,"BRCA.LumA"
24,48,88,70,32,66,60,8,40,16,36,68,42,80,26,90,94,12,76,92,10,74,44,38,46,62,58,78,82,34,2,72,98,96,50,64,86,18,14,4,20,54,22,56,84,100,6,52,30,28,"BRCA.LumA"
8,40,86,84,36,64,52,4,44,18,56,74,38,70,32,78,92,24,12,90,22,54,14,30,58,88,96,10,72,28,2,82,94,98,66,76,62,26,20,6,80,48,42,60,68,100,16,50,46,34,"BRCA.LumA"
16,60,82,86,20,72,68,10,48,46,32,76,44,70,4,90,98,22,6,96,8,42,28,38,24,50,26,80,84,40,2,74,92,78,52,34,88,18,30,12,94,36,58,64,14,100,62,66,54,56,"BRCA.LumA"
14,54,92,88,38,84,60,4,48,26,16,70,30,72,8,90,98,6,32,94,12,68,58,24,44,48,36,74,80,40,2,82,96,78,42,76,86,22,18,10,64,56,28,66,50,100,20,62,52,34,"BRCA.LumA"
12,28,72,82,22,68,56,2,52,58,20,62,26,78,32,98,94,6,38,96,24,70,64,30,48,44,42,80,74,10,34,66,90,92,46,76,88,16,8,4,84,60,40,54,86,100,18,50,36,14,"BRCA.LumA"
36,68,80,84,18,74,58,4,50,28,54,64,42,76,56,86,94,8,62,92,40,72,60,46,12,14,20,88,82,26,2,66,90,98,44,70,52,6,18,30,100,12,34,32,22,96,78,48,38,24,"BRCA.LumA"
58,46,84,88,10,74,54,34,26,16,68,62,24,82,32,90,96,4,72,94,42,70,48,30,60,76,86,64,80,22,2,66,92,98,36,78,38,8,6,12,40,20,14,56,52,100,50,44,18,28,"BRCA.LumA"
12,44,78,94,32,74,60,4,28,52,34,64,36,68,14,92,98,22,6,96,8,66,46,30,56,76,90,80,82,20,2,72,86,88,48,84,70,24,18,16,50,54,38,62,40,100,10,58,42,26,"BRCA.LumA"
48,54,86,72,20,52,58,4,40,34,56,76,22,82,10,100,96,18,68,92,14,74,70,24,64,80,66,84,78,36,2,62,94,98,28,60,90,12,16,8,6,46,30,50,44,88,42,26,32,38,"BRCA.LumA"
28,48,68,88,40,76,72,18,34,54,56,58,38,80,8,96,100,24,20,94,10,60,52,44,12,14,6,92,82,32,4,74,84,98,62,78,64,16,22,26,90,30,42,70,2,86,50,66,46,36,"BRCA.LumA"
38,40,86,88,12,70,52,4,48,20,50,62,24,64,16,90,100,14,6,98,10,60,56,46,78,72,76,84,82,42,2,66,94,92,54,74,80,26,30,8,18,34,36,58,68,96,22,44,28,32,"BRCA.LumA"
60,54,84,80,32,68,56,12,48,30,62,70,42,66,44,90,92,20,10,96,16,88,22,40,4,6,2,82,76,38,8,72,86,100,52,74,78,28,20,14,94,46,24,64,50,98,34,58,36,26,"BRCA.LumA"
46,42,64,78,8,60,44,2,28,18,68,56,24,66,54,94,96,6,40,90,48,58,62,22,88,82,84,76,70,10,32,50,92,98,26,72,80,12,14,4,74,52,20,36,86,100,34,38,16,30,"BRCA.LumA"
28,40,78,88,34,44,60,20,50,58,16,64,56,86,16,90,100,30,48,94,26,82,32,36,8,6,2,84,98,46,4,80,92,70,66,62,74,38,24,22,72,18,42,76,10,96,12,68,54,52,"BRCA.LumA"
42,50,84,76,10,72,56,6,22,26,52,66,32,80,28,86,92,10,4,94,36,78,54,20,44,48,40,74,82,18,2,70,98,100,30,60,88,24,14,16,90,62,46,64,58,96,68,38,12,34,"BRCA.LumA"
32,48,66,80,24,58,60,2,50,30,74,70,28,72,22,92,98,26,8,94,4,62,54,40,78,88,76,84,68,16,6,64,82,96,46,52,86,14,12,10,90,20,36,56,40,100,44,42,34,18,"BRCA.LumA"
32,40,68,88,12,66,42,6,36,18,48,58,26,76,56,84,100,14,2,92,44,64,52,28,74,54,70,82,78,24,4,62,86,90,34,72,94,16,46,10,98,60,20,50,80,96,8,38,30,22,"BRCA.LumA"
36,38,80,82,6,64,56,2,40,28,68,58,26,76,44,86,98,10,8,92,24,60,54,34,70,72,84,88,74,18,14,62,90,100,42,66,22,20,12,4,94,46,30,52,78,96,50,48,32,16,"BRCA.LumA"
22,52,86,68,12,78,46,8,36,72,82,56,30,74,48,100,80,16,94,92,32,62,90,18,34,70,40,4,84,28,2,64,88,98,60,58,42,6,10,14,24,66,20,54,26,96,76,44,50,38,"BRCA.LumA"
50,34,92,88,18,66,54,4,36,28,58,60,22,72,38,82,98,6,2,96,14,64,62,24,70,74,68,90,80,12,10,56,94,76,16,78,84,30,44,8,86,48,40,46,52,100,20,32,26,42,"BRCA.LumA"
34,32,72,78,20,70,44,4,30,28,46,56,24,74,50,90,100,8,48,94,38,80,58,26,64,54,68,86,82,18,2,62,92,84,16,60,96,14,36,6,88,66,12,42,76,98,52,40,22,10,"BRCA.LumA"
42,60,80,86,38,76,56,6,62,58,14,66,50,82,8,92,98,10,4,96,12,68,64,54,22,18,16,88,74,44,2,70,90,84,36,72,78,26,30,20,94,40,48,46,24,100,32,34,52,28,"BRCA.LumA"
16,48,58,84,42,66,60,6,44,30,36,72,40,74,14,90,98,18,10,96,4,62,38,52,54,78,92,86,88,22,2,70,94,82,64,68,80,24,28,12,76,20,32,56,46,100,8,34,50,26,"BRCA.LumA"
42,52,92,82,48,76,54,16,38,68,18,64,50,78,12,90,100,32,14,96,20,70,62,44,6,8,2,84,80,46,6,72,94,56,28,74,86,40,24,26,88,58,30,66,10,98,22,60,34,36,"BRCA.LumA"
12,48,70,80,40,62,54,2,38,16,52,76,30,68,22,100,86,10,8,94,20,50,72,26,88,90,84,78,74,24,6,64,96,92,34,58,66,18,14,4,82,42,28,56,60,98,44,46,32,36,"BRCA.LumA"
26,18,76,68,24,72,56,2,36,14,66,46,22,44,10,78,80,8,4,84,16,62,40,34,100,90,86,54,70,20,42,60,98,88,38,64,92,28,12,6,82,74,50,58,94,96,48,52,32,30,"BRCA.LumA"
30,50,72,82,40,74,60,6,52,46,12,78,44,76,16,92,96,22,4,90,10,62,64,48,18,26,20,88,80,32,2,70,86,98,54,68,84,28,24,8,94,58,38,66,34,100,14,56,42,36,"BRCA.LumA"
14,44,78,34,30,86,54,2,40,38,64,66,24,56,10,98,94,20,76,100,8,80,48,28,72,82,70,84,74,32,6,58,88,96,52,62,22,12,16,4,92,68,18,50,60,90,36,26,42,46,"BRCA.LumA"
50,70,78,82,14,64,66,10,42,20,54,72,30,62,16,90,94,22,4,92,6,68,56,40,52,44,46,84,80,36,2,74,86,96,58,76,100,26,18,12,88,8,24,60,34,98,38,48,28,32,"BRCA.LumA"
44,48,60,92,32,76,70,8,56,40,22,80,26,78,14,96,94,20,24,90,30,42,68,46,62,72,50,84,82,16,2,74,88,98,66,86,10,28,36,12,4,18,34,64,58,100,6,52,54,38,"BRCA.LumA"
20,42,64,70,12,76,54,4,40,28,48,68,32,66,50,92,98,10,8,94,22,58,46,34,82,74,86,80,78,14,2,72,90,100,36,60,88,16,18,6,52,62,38,56,84,96,30,44,24,26,"BRCA.LumA"
50,44,82,70,18,72,60,18,36,56,8,68,22,78,30,94,98,20,4,92,52,74,66,28,38,14,32,90,84,24,2,62,88,86,26,54,96,10,80,6,76,58,12,48,64,100,46,42,34,40,"BRCA.LumA"
44,40,72,86,22,56,52,2,38,12,50,64,34,70,8,90,92,6,84,100,20,66,58,30,82,80,76,88,78,18,16,54,98,96,32,68,62,14,24,4,74,48,42,28,60,94,26,46,36,10,"BRCA.LumA"
20,54,78,72,26,76,60,12,58,48,42,70,50,66,24,90,88,10,2,92,16,68,36,46,44,28,34,94,74,32,4,82,84,86,52,80,98,18,14,8,96,30,40,62,64,100,6,56,38,22,"BRCA.LumA"
36,48,82,90,26,80,68,12,52,46,40,66,24,72,4,92,98,14,64,96,20,74,70,32,8,18,8,88,84,34,2,58,94,76,28,60,86,30,38,16,78,22,44,56,10,100,62,54,42,50,"BRCA.LumA"
32,42,74,82,16,68,62,12,50,56,52,78,30,70,34,94,98,22,6,90,18,66,64,40,4,8,10,86,76,28,2,72,84,100,46,80,92,26,24,14,88,48,38,58,54,96,20,60,44,36,"BRCA.LumA"
32,60,68,66,54,78,64,8,26,44,38,76,30,72,40,90,96,36,48,88,28,80,58,22,4,6,14,74,82,20,4,70,92,98,16,84,94,12,24,10,86,34,52,62,42,100,56,18,46,50,"BRCA.LumA"
14,58,68,88,50,86,52,4,48,64,28,80,44,74,42,96,90,22,56,94,12,62,70,36,32,34,38,72,78,30,2,82,92,98,84,66,76,10,26,20,6,18,16,60,24,100,8,54,46,40,"BRCA.LumA"
24,36,66,70,26,76,56,2,32,42,60,74,14,68,34,94,96,16,52,92,12,64,44,22,84,80,78,90,82,8,4,62,86,98,40,48,88,10,28,6,72,58,30,50,54,100,46,18,20,38,"BRCA.LumA"
16,38,64,80,26,66,56,10,46,36,48,86,32,72,20,96,92,24,2,94,12,50,60,40,70,68,74,76,82,28,4,88,90,98,54,78,62,18,30,8,84,14,22,52,58,100,6,42,44,34,"BRCA.LumA"
36,32,70,74,12,62,52,2,30,24,66,48,22,68,42,96,72,4,50,82,46,64,60,28,90,88,86,84,76,10,54,56,98,94,18,78,44,14,8,6,80,58,26,40,92,100,38,34,20,16,"BRCA.LumA"
10,44,58,74,20,52,56,4,42,78,66,82,32,60,34,100,94,16,26,98,8,62,76,40,64,48,72,70,68,28,6,84,90,88,46,80,38,18,12,2,96,54,24,50,86,92,14,36,22,30,"BRCA.LumA"
14,68,78,62,18,64,70,2,58,34,32,80,30,76,8,88,98,10,60,92,6,66,46,48,40,56,44,86,84,28,4,74,90,96,52,82,72,16,12,20,100,38,24,50,22,94,36,54,42,26,"BRCA.LumA"
46,42,74,84,12,54,48,2,34,26,72,58,22,70,38,94,98,6,44,88,24,66,64,30,78,76,68,86,80,14,10,56,92,96,28,52,82,18,8,4,90,36,16,40,62,100,60,50,32,20,"BRCA.LumA"
34,42,56,74,16,78,52,2,48,30,26,76,30,68,38,96,98,12,6,92,44,80,54,32,70,60,64,90,72,18,4,62,94,82,40,86,84,14,24,8,66,58,22,50,88,100,10,36,46,20,"BRCA.LumA"
54,48,80,90,36,84,60,12,42,46,16,64,38,74,10,94,98,24,62,96,18,78,70,32,6,2,8,88,76,28,4,58,92,82,26,72,68,22,30,20,86,66,40,52,14,100,56,44,34,50,"BRCA.LumA"
50,58,82,84,34,60,66,12,56,36,40,78,48,64,6,98,88,28,20,94,16,70,68,52,4,8,18,92,72,26,2,74,96,90,54,80,86,32,30,14,76,22,24,62,10,100,42,44,38,46,"BRCA.LumA"
42,36,84,76,44,74,70,6,48,28,12,72,30,64,4,90,98,22,14,94,10,78,62,46,32,24,18,82,80,26,2,60,96,92,20,40,88,34,56,8,86,66,52,68,16,100,50,58,38,54,"BRCA.LumA"
20,40,62,88,30,58,52,6,46,50,34,70,26,76,14,86,94,18,8,90,12,60,44,38,68,66,64,92,80,24,2,78,84,98,56,82,72,28,16,10,96,48,32,42,54,100,4,74,36,22,"BRCA.LumA"
26,52,72,98,46,70,62,16,50,40,18,74,34,80,14,76,96,24,66,94,20,82,48,56,4,6,8,86,92,44,4,78,90,88,30,84,64,36,28,22,32,54,42,68,12,100,10,60,58,38,"BRCA.LumA"
40,36,80,82,14,62,58,2,38,24,48,60,20,64,22,88,90,12,10,94,30,70,56,32,72,66,68,84,76,26,6,54,96,98,44,78,92,18,16,4,86,52,34,50,74,100,8,42,28,46,"BRCA.LumA"
14,38,76,86,30,72,60,6,28,26,46,50,16,68,10,96,100,8,2,94,34,56,44,22,80,84,74,82,90,24,4,52,92,88,58,66,78,18,48,20,54,12,36,64,62,98,40,42,70,32,"BRCA.LumA"
16,44,74,80,28,58,48,4,38,34,64,62,30,60,54,90,92,12,6,86,22,56,42,40,70,76,84,94,68,24,8,72,82,100,52,88,14,18,20,10,96,66,32,50,78,98,2,46,36,26,"BRCA.LumA"
16,38,74,94,26,84,58,8,50,28,34,76,40,72,18,68,98,10,4,86,14,52,6,48,60,92,100,62,88,24,2,90,96,64,82,78,66,42,30,20,46,36,54,70,32,80,12,56,44,22,"BRCA.LumA"
16,48,86,72,38,70,56,6,50,58,40,78,30,62,14,100,90,18,2,94,10,52,88,44,74,80,68,66,64,36,8,84,92,96,60,76,82,22,26,12,54,24,20,46,42,98,4,34,32,28,"BRCA.LumA"
54,56,80,60,44,76,58,4,18,38,26,70,30,84,24,98,90,22,34,94,6,86,78,32,48,46,52,72,82,16,2,68,88,96,62,74,92,8,20,12,10,28,14,64,42,100,66,36,50,40,"BRCA.LumA"
26,42,66,62,16,64,50,4,32,20,70,68,22,60,48,88,92,18,2,80,54,52,44,30,98,96,94,76,72,14,38,56,74,100,34,78,84,10,12,6,86,58,36,46,82,90,8,40,24,28,"BRCA.LumA"
24,74,84,76,38,88,58,6,56,50,72,68,36,78,8,94,100,18,26,92,14,66,70,48,16,30,12,80,86,34,2,82,90,98,46,54,44,22,10,20,62,28,40,64,4,96,60,52,42,34,"BRCA.LumA"
40,30,74,84,8,76,48,12,32,28,42,46,16,64,54,98,92,4,62,96,44,72,56,36,66,60,68,88,80,14,2,50,90,100,24,70,82,20,6,10,86,52,18,34,58,94,78,38,22,26,"BRCA.LumA"
16,58,70,48,24,86,78,10,72,22,36,88,32,62,6,94,96,20,18,98,8,60,28,50,64,76,54,82,84,26,2,80,90,100,56,68,66,14,34,4,74,40,38,42,30,92,12,52,46,44,"BRCA.LumA"
14,30,74,92,32,82,56,6,44,26,50,62,24,66,10,94,84,4,16,96,12,68,20,28,70,78,80,86,76,18,2,64,88,100,48,60,90,34,38,8,72,22,46,58,52,98,40,42,54,36,"BRCA.LumA"
16,46,66,74,26,48,50,8,36,42,72,76,28,62,14,86,94,18,6,90,10,58,38,34,88,98,96,78,80,20,12,70,92,84,44,60,64,22,40,4,56,82,24,52,68,100,2,54,32,30,"BRCA.LumA"
20,54,70,56,28,82,58,10,50,42,80,84,38,68,12,88,98,40,6,94,8,60,46,44,18,24,14,90,74,30,2,76,92,100,62,72,66,22,26,16,86,78,34,64,4,96,32,52,36,48,"BRCA.LumA"
48,12,96,86,60,94,74,8,34,28,32,50,18,44,2,90,88,6,4,92,22,76,70,36,82,80,68,58,84,26,16,52,98,72,14,64,78,38,20,10,54,66,62,56,40,100,24,46,30,42,"BRCA.LumA"
24,62,68,76,18,78,54,8,32,26,72,82,36,64,28,86,94,34,66,96,4,60,52,30,50,58,48,88,74,44,2,80,84,98,56,70,90,16,12,6,100,10,14,42,22,92,40,38,20,46,"BRCA.LumA"
14,36,42,38,32,62,60,4,52,46,48,80,28,56,4,96,100,26,18,94,12,66,34,30,74,68,70,88,86,24,6,84,92,98,78,76,72,16,22,10,58,64,40,82,50,90,8,20,54,44,"BRCA.LumA"
10,42,60,80,24,86,50,4,46,28,36,64,40,66,16,76,96,22,12,94,18,88,14,38,70,72,82,68,84,34,2,78,90,98,54,48,92,26,20,8,52,74,44,58,62,100,6,56,32,30,"BRCA.LumA"
38,46,78,84,16,62,52,4,34,20,66,64,40,58,48,92,94,10,8,88,28,56,54,32,76,80,74,82,68,14,6,60,86,98,44,72,96,24,26,2,90,30,12,42,70,100,22,50,18,36,"BRCA.LumA"
40,42,76,82,20,78,64,4,52,26,34,70,32,74,18,86,96,10,14,94,8,72,58,44,48,56,46,88,80,22,2,66,84,100,38,68,92,24,12,6,90,54,30,62,16,98,50,60,36,28,"BRCA.LumA"
38,50,90,94,48,74,64,16,44,54,30,66,42,78,8,88,100,12,22,98,18,76,52,40,2,10,4,80,86,24,6,68,92,82,28,84,72,34,20,26,58,36,46,60,14,96,70,62,56,32,"BRCA.LumA"
36,40,76,80,32,72,44,2,46,50,18,60,30,78,6,92,98,10,8,96,16,74,66,34,68,56,48,94,86,22,4,62,90,88,26,70,82,20,12,24,84,28,38,58,54,100,64,52,42,14,"BRCA.LumA"
24,48,76,84,22,70,44,6,40,38,46,78,26,80,8,86,94,34,64,92,10,56,42,36,66,68,62,90,74,30,2,72,88,98,54,50,82,22,12,14,96,28,16,58,52,100,4,60,32,18,"BRCA.LumA"
36,42,66,68,28,62,52,4,16,26,46,84,12,70,50,94,96,18,10,90,40,74,58,14,76,64,82,92,72,38,6,54,98,88,44,78,56,2,86,8,24,60,22,48,80,100,20,30,34,32,"BRCA.LumA"
20,58,66,72,26,68,74,4,54,32,14,82,38,64,12,92,96,18,36,88,8,62,46,48,34,52,50,86,78,30,2,80,94,98,42,70,90,22,24,6,84,76,28,60,10,100,16,56,44,40,"BRCA.LumA"
58,48,94,88,30,78,64,6,44,40,54,66,38,74,8,82,96,12,4,98,50,72,70,34,16,60,20,86,80,24,4,68,92,76,26,84,42,22,18,10,90,52,32,56,14,100,62,46,36,28,"BRCA.LumA"
42,44,76,68,16,78,60,4,28,20,46,62,30,70,22,90,86,12,10,94,34,74,52,26,64,56,54,88,72,18,2,58,98,100,40,82,96,6,14,8,84,66,24,50,80,92,38,48,36,32,"BRCA.LumA"
18,52,80,84,56,72,66,8,38,48,40,82,34,36,6,90,96,14,2,94,10,68,30,44,64,70,60,86,78,24,4,74,92,98,46,76,88,22,28,20,12,16,26,42,32,100,58,50,62,54,"BRCA.LumA"
46,56,76,84,26,74,58,6,48,34,38,80,36,72,42,94,100,12,32,92,8,68,64,40,60,18,14,86,82,20,2,70,88,98,22,62,90,24,10,4,66,78,16,54,44,96,50,52,28,30,"BRCA.LumA"
28,58,82,60,30,86,50,8,44,70,12,76,46,64,10,100,90,34,80,96,32,84,88,22,2,20,4,18,78,38,6,68,94,92,28,66,54,40,42,24,72,52,48,56,14,98,16,36,62,74,"BRCA.LumA"
14,44,64,80,36,82,56,10,34,48,38,76,26,54,22,96,98,28,2,90,12,50,52,32,88,70,92,74,84,16,6,66,86,78,60,68,62,18,20,8,72,30,24,58,94,100,4,46,42,40,"BRCA.LumA"
54,52,86,84,24,74,66,14,30,28,58,72,26,62,4,90,100,22,18,96,6,80,60,34,8,16,12,82,76,36,2,68,92,88,42,56,98,32,38,20,78,70,44,64,10,94,46,50,40,48,"BRCA.LumA"
34,50,76,82,16,66,48,6,38,26,60,56,24,72,46,92,96,4,44,90,36,58,54,32,70,74,78,88,80,12,2,62,86,100,30,68,84,14,8,10,94,28,18,42,64,98,52,40,20,22,"BRCA.LumA"
8,46,64,88,38,86,58,6,50,56,26,72,34,74,16,94,98,24,4,92,14,48,68,44,22,60,62,78,76,20,2,80,82,96,54,70,90,32,18,10,84,28,40,66,52,100,12,42,30,36,"BRCA.LumA"
22,50,84,82,32,70,64,4,40,36,34,74,30,76,10,90,94,20,86,96,6,80,46,42,66,48,62,88,78,24,2,72,98,58,44,68,18,26,12,16,92,8,28,60,56,100,14,54,52,38,"BRCA.LumA"
36,62,76,68,44,72,66,10,60,28,16,86,34,64,20,90,100,46,42,94,8,74,30,56,14,4,6,88,82,52,2,78,98,24,70,32,92,22,26,18,12,84,50,80,48,96,38,40,58,54,"BRCA.LumA"
14,52,78,88,20,82,54,4,50,24,42,68,40,60,18,90,100,10,2,94,26,74,44,34,58,70,64,84,80,32,6,72,92,96,22,86,62,28,16,12,56,76,36,46,66,98,8,48,38,30,"BRCA.LumA"
24,54,70,62,28,64,26,6,38,46,66,78,32,68,44,98,94,8,80,92,22,74,52,34,76,84,86,56,82,14,6,72,90,96,50,58,20,18,16,12,36,42,10,60,88,100,2,48,40,30,"BRCA.LumA"
34,48,84,82,16,78,56,6,42,32,28,74,30,76,20,92,94,12,4,96,66,70,68,50,54,46,52,88,86,24,2,80,90,100,64,62,14,18,8,10,36,40,26,60,72,98,44,58,38,22,"BRCA.LumA"
22,52,80,38,62,88,70,14,18,20,46,72,32,36,4,96,90,42,84,92,8,82,60,16,74,86,48,6,76,40,10,64,100,94,28,30,50,26,34,2,12,78,54,56,24,98,58,66,44,68,"BRCA.LumA"
24,50,78,82,18,54,56,2,46,26,70,60,30,62,36,92,84,6,34,94,12,58,42,32,72,88,80,90,76,20,10,66,86,98,38,74,68,14,8,4,96,40,22,48,64,100,52,44,28,16,"BRCA.LumA"
20,48,60,76,40,70,56,6,54,66,30,78,42,72,12,96,94,26,10,90,14,64,46,52,44,32,24,92,98,22,2,82,84,88,62,74,68,8,18,50,86,34,16,58,80,100,4,28,38,36,"BRCA.LumA"
32,64,80,82,30,84,62,8,52,46,70,78,48,76,12,92,100,16,34,96,8,72,60,38,24,26,22,86,88,50,4,74,90,98,58,66,68,14,44,18,10,28,36,56,20,94,2,40,54,42,"BRCA.LumA"
30,56,84,86,40,80,66,16,50,48,22,76,44,72,6,90,98,24,20,96,8,74,52,46,10,14,4,70,82,32,2,78,94,68,28,58,88,34,26,18,92,62,36,60,12,100,54,64,42,38,"BRCA.LumA"
32,48,66,54,14,82,60,4,30,18,44,76,26,78,20,86,98,16,8,90,28,56,42,24,74,72,52,84,80,22,2,62,92,96,40,70,94,12,58,10,88,64,46,50,68,100,6,34,36,38,"BRCA.LumA"
30,26,88,80,54,82,74,10,36,38,12,60,28,46,2,92,98,20,8,90,4,58,52,34,42,48,16,86,76,22,6,72,96,94,66,70,68,32,24,14,78,84,62,64,20,100,40,56,50,44,"BRCA.LumA"
14,54,80,86,38,66,62,4,42,32,20,84,34,78,16,94,96,18,8,92,12,48,26,40,76,72,58,88,70,30,2,82,90,100,46,74,68,24,22,6,64,50,28,56,52,98,10,60,44,36,"BRCA.LumA"
40,42,68,74,4,58,44,2,38,26,76,56,14,66,54,78,98,6,22,92,30,62,46,24,72,86,84,80,70,12,28,60,90,94,32,88,48,10,8,34,96,50,16,36,82,100,64,52,20,18,"BRCA.LumA"
42,48,56,74,6,64,44,8,30,26,68,50,14,62,66,88,98,12,40,82,54,60,52,24,96,94,92,76,72,2,38,46,84,78,34,86,70,10,20,6,80,58,16,36,100,90,22,32,20,28,"BRCA.LumA"
44,38,68,78,12,64,54,4,34,32,58,50,14,66,42,98,86,6,30,94,36,70,60,26,84,72,76,92,74,16,18,56,90,96,28,82,62,24,8,2,88,48,20,46,80,100,52,40,10,22,"BRCA.LumA"
76,52,72,50,40,68,42,12,62,48,92,56,44,46,18,94,86,20,66,96,14,74,58,32,4,10,6,84,82,30,2,64,90,100,78,70,34,24,26,22,16,80,28,60,8,98,88,54,36,40,"BRCA.LumA"
20,50,80,62,32,58,70,4,46,44,18,74,22,64,8,92,90,14,52,94,6,54,32,36,76,78,66,86,72,26,2,68,88,84,42,82,96,24,34,12,98,16,40,60,38,100,10,56,28,48,"BRCA.LumA"
24,56,64,70,32,78,68,10,62,44,26,80,40,74,18,92,100,34,20,96,12,46,66,48,2,6,6,84,88,30,8,76,90,98,60,72,86,38,36,16,82,22,50,52,14,94,28,54,58,42,"BRCA.LumA"
14,44,78,76,22,80,66,6,50,20,26,86,42,62,4,98,82,30,12,92,8,70,46,54,32,58,34,68,72,24,2,84,96,100,60,74,88,18,48,10,90,28,40,64,16,94,38,52,36,56,"BRCA.LumA"
40,52,90,88,34,58,62,4,50,54,10,74,24,76,8,86,98,36,6,96,14,66,64,38,20,16,18,84,80,28,2,72,92,78,12,82,46,42,60,26,94,68,44,70,22,100,30,48,32,56,"BRCA.LumA"
22,30,84,66,32,88,76,6,52,14,44,70,26,64,4,86,98,28,12,92,8,78,36,38,68,74,56,82,80,24,2,72,96,100,40,58,90,20,16,10,34,48,60,62,18,94,46,42,54,50,"BRCA.LumA"
40,72,80,76,32,78,66,6,36,24,18,74,20,68,4,90,94,12,58,92,10,54,38,30,46,62,28,84,82,22,2,64,96,98,52,50,100,16,28,8,88,44,34,70,42,86,14,60,48,56,"BRCA.LumA"
16,44,76,82,20,80,54,4,42,34,48,70,24,62,46,90,98,16,2,96,26,66,40,32,84,60,86,56,74,10,6,78,94,72,36,58,68,18,12,8,88,64,22,50,92,100,30,52,38,28,"BRCA.LumA"
52,28,70,76,14,66,50,10,34,32,74,40,16,60,54,90,92,2,46,82,44,64,62,24,98,100,94,80,72,8,56,36,88,42,18,78,58,4,6,22,84,68,20,26,86,96,48,38,14,30,"BRCA.LumA"
12,46,62,72,20,64,52,2,48,26,58,76,30,56,42,98,82,22,8,92,24,54,44,36,80,74,86,88,70,18,10,66,84,96,50,68,78,16,14,4,90,60,28,40,94,100,6,32,34,38,"BRCA.LumA"
26,48,84,82,16,38,66,4,54,50,10,72,28,76,6,88,100,12,24,98,8,70,60,40,56,22,44,94,80,20,2,74,92,86,36,78,62,18,30,14,90,58,32,68,52,96,34,64,44,46,"BRCA.LumA"
20,60,72,76,46,78,70,4,44,38,28,74,34,68,8,90,96,16,26,94,10,64,40,32,50,84,92,58,82,18,2,80,88,98,62,86,66,12,14,6,36,54,42,56,22,100,48,24,52,30,"BRCA.LumA"
32,46,62,84,8,66,44,2,38,26,50,58,30,72,52,98,86,4,12,92,40,60,70,34,68,74,78,96,76,16,14,56,90,94,28,80,64,18,10,6,88,48,22,36,82,100,54,42,24,20,"BRCA.LumA"
22,64,50,36,38,58,60,18,72,28,76,66,40,78,14,94,88,10,8,86,12,44,32,48,74,90,98,80,68,34,2,70,84,96,42,82,62,6,16,24,100,56,20,54,52,92,4,26,46,32,"BRCA.LumA"
14,42,78,88,30,68,48,2,16,28,60,56,22,64,46,98,92,6,8,90,52,62,58,12,84,72,82,80,70,20,24,54,96,94,26,74,86,10,18,4,66,32,36,44,76,100,40,50,38,34,"BRCA.LumA"
24,44,66,60,14,64,62,2,46,22,86,70,18,74,50,92,82,10,6,94,26,68,56,40,84,88,90,54,78,16,8,80,76,100,52,72,42,12,28,4,48,58,20,38,96,98,38,34,30,32,"BRCA.LumA"
38,64,86,88,44,80,56,8,28,50,62,76,48,84,26,92,96,22,16,94,18,74,60,30,4,14,2,58,82,24,6,78,98,90,32,70,42,36,34,12,10,66,46,68,20,100,72,54,40,52,"BRCA.LumA"
40,28,74,84,18,68,52,2,38,34,56,60,14,70,12,96,94,8,6,92,32,62,58,24,86,76,82,90,78,22,16,54,98,100,36,72,66,20,10,4,64,50,30,46,80,88,48,44,26,42,"BRCA.LumA"
22,48,80,62,32,82,66,10,54,26,70,86,50,68,4,94,92,18,6,96,14,64,20,44,28,60,56,58,84,40,2,90,76,98,72,36,88,24,52,12,38,78,34,74,8,100,16,42,46,30,"BRCA.LumA"
26,64,80,72,34,82,60,6,52,48,58,74,36,62,8,86,98,22,12,96,4,66,32,42,24,50,16,84,76,40,2,68,94,88,54,20,92,28,18,14,90,78,46,70,10,100,30,56,38,44,"BRCA.LumA"
12,52,66,78,36,86,70,22,50,28,58,80,38,48,4,100,92,24,20,90,6,68,96,26,16,84,44,42,82,34,10,74,94,88,64,60,8,32,30,14,40,56,54,76,2,98,18,62,46,72,"BRCA.LumA"
6,70,62,92,54,72,50,22,48,46,12,80,42,76,18,96,94,14,4,90,8,44,68,66,58,40,36,88,82,34,2,84,86,98,52,78,10,32,16,24,28,20,30,60,74,100,56,64,38,26,"BRCA.LumA"
52,60,82,80,36,84,64,12,40,26,24,78,38,68,8,88,100,22,16,92,14,74,66,30,2,18,6,86,76,28,4,72,98,58,46,42,94,32,44,20,96,70,54,62,10,90,34,48,56,50,"BRCA.LumA"
30,46,74,82,12,76,54,2,42,22,52,66,28,68,10,88,98,14,44,92,8,72,58,34,70,78,64,90,80,16,4,60,94,86,18,56,84,20,24,6,96,36,32,38,48,100,62,50,26,40,"BRCA.LumA"
18,46,84,68,10,86,58,4,40,32,70,74,30,76,8,90,100,12,60,92,28,78,56,22,72,66,64,80,88,16,2,62,98,94,24,50,82,20,26,6,48,52,36,54,42,96,14,38,44,34,"BRCA.LumA"
26,38,68,80,56,66,50,2,48,54,24,76,14,40,10,86,88,16,6,98,12,62,18,36,72,78,74,96,70,28,4,34,90,92,84,52,58,22,32,20,100,60,30,44,64,94,8,42,82,46,"BRCA.LumA"
14,46,74,88,42,80,64,6,38,54,52,66,30,84,12,90,98,16,8,94,26,56,48,36,68,72,70,86,82,28,4,60,92,96,44,78,24,32,34,18,10,20,40,76,62,100,2,50,58,22,"BRCA.LumA"
40,54,90,78,36,76,72,10,46,64,16,68,32,74,12,86,100,26,14,96,22,84,44,42,4,6,2,88,80,28,8,70,92,82,34,66,50,38,30,20,94,60,52,62,18,98,24,58,48,56,"BRCA.LumA"
8,56,64,80,28,60,54,4,50,34,48,82,26,74,30,98,90,14,12,94,10,40,52,38,70,76,72,88,78,24,2,84,86,100,46,62,68,20,16,6,92,36,18,58,66,96,42,44,34,22,"BRCA.LumA"
20,60,74,70,32,38,72,8,46,24,16,88,50,58,6,80,96,22,76,100,12,64,18,34,52,54,40,78,68,48,2,82,92,98,66,90,86,36,30,14,84,10,56,28,26,94,4,62,42,44,"BRCA.LumA"
16,56,68,70,22,80,66,4,30,44,54,82,26,58,6,96,100,12,48,94,10,52,40,24,62,74,60,84,76,14,2,72,92,90,32,46,88,18,78,8,86,34,36,64,38,98,20,28,42,50,"BRCA.LumA"
22,40,86,82,18,76,54,4,36,28,68,58,26,70,10,96,90,8,50,92,14,72,56,34,52,44,46,84,78,20,2,60,98,94,24,66,88,16,12,6,74,42,38,48,64,100,80,62,32,30,"BRCA.LumA"
30,58,76,72,24,64,56,2,50,6,60,74,16,66,42,94,100,12,54,98,28,68,48,38,86,82,90,80,78,26,8,70,96,84,32,62,44,18,14,4,22,46,34,52,88,92,10,40,36,20,"BRCA.LumA"
32,24,76,86,26,60,56,2,46,30,52,72,28,54,6,98,92,14,8,100,20,58,64,40,90,62,70,68,74,16,10,66,94,78,38,80,88,18,22,4,82,44,42,48,84,96,12,50,34,36,"BRCA.LumA"
26,42,74,70,12,82,56,2,50,22,48,54,30,78,32,88,98,8,38,96,14,62,34,36,44,58,68,80,76,24,6,72,92,86,52,64,84,16,10,4,94,60,28,66,90,100,20,46,40,18,"BRCA.LumA"
22,18,66,62,12,58,56,2,30,36,86,46,24,78,44,88,80,6,32,84,28,60,42,16,96,94,90,74,70,14,48,54,82,98,50,72,64,4,8,10,76,68,26,52,100,92,38,34,40,20,"BRCA.LumA"
6,56,66,72,16,68,46,4,40,44,38,70,32,64,36,100,74,10,88,92,14,62,84,34,54,50,60,90,80,26,2,76,96,98,28,58,52,18,12,8,86,20,22,48,82,94,78,42,30,24,"BRCA.LumA"
38,62,94,80,16,76,64,22,70,16,26,72,44,86,36,88,96,10,30,92,24,78,50,46,4,6,8,56,82,54,4,68,90,100,42,58,74,20,28,12,84,66,32,60,52,98,18,48,34,40,"BRCA.LumA"
24,46,72,84,12,54,44,4,36,56,58,62,26,70,48,100,88,8,40,96,28,64,90,20,86,66,82,78,68,14,32,60,92,76,42,80,38,10,6,2,74,50,22,52,94,98,30,34,16,18,"BRCA.LumA"
36,54,76,32,28,84,66,8,52,42,46,78,40,82,10,86,96,26,4,94,6,62,18,48,68,70,64,60,92,38,2,80,88,98,74,50,90,22,20,16,58,12,24,72,34,100,14,56,44,30,"BRCA.LumA"
14,58,68,78,32,70,48,10,44,28,82,84,30,74,4,92,100,16,8,96,6,66,26,40,54,36,42,90,88,24,2,76,86,94,60,80,72,12,34,18,62,50,52,64,46,98,20,22,56,38,"BRCA.LumA"
30,22,78,72,28,70,60,2,46,18,44,58,26,56,6,100,90,12,42,94,14,62,80,34,88,86,76,66,82,16,8,54,96,92,38,68,40,20,24,4,84,64,50,48,74,98,10,52,32,36,"BRCA.LumA"
32,44,68,84,12,70,52,2,38,36,58,66,26,72,60,94,100,6,22,96,40,56,50,34,82,76,88,86,78,20,16,64,92,62,28,80,74,18,10,4,42,54,14,46,90,98,8,48,30,24,"BRCA.LumA"
16,42,76,82,62,72,60,2,38,24,58,74,32,52,6,90,96,14,8,92,18,70,44,28,88,94,80,40,84,36,28,54,98,86,68,78,34,22,30,12,10,20,46,66,64,100,4,50,56,48,"BRCA.LumA"
14,16,86,52,56,80,72,6,44,84,18,78,24,22,2,100,90,36,34,88,4,66,92,38,76,74,48,50,62,20,12,64,96,94,70,54,82,28,26,10,68,42,60,32,30,98,8,46,40,58,"BRCA.LumA"
14,64,96,88,26,84,70,6,58,52,22,78,42,76,10,90,100,18,32,94,8,72,54,56,44,24,34,62,86,48,2,82,92,80,40,60,16,30,20,12,68,46,38,66,36,98,4,74,50,28,"BRCA.LumA"
54,28,78,82,34,70,62,4,40,22,66,64,24,76,10,90,98,8,58,100,20,74,68,42,16,38,12,84,80,14,2,56,92,96,32,72,94,18,26,6,88,60,30,46,50,86,52,44,36,48,"BRCA.LumA"
54,34,74,76,8,60,48,4,22,24,70,52,18,58,50,96,82,10,28,80,40,66,68,26,88,98,84,72,64,20,44,46,94,62,30,78,92,6,16,2,86,56,14,32,90,100,38,42,12,36,"BRCA.LumA"
62,38,90,74,26,88,76,8,24,16,34,64,14,72,2,94,98,22,78,92,10,86,66,28,68,70,46,32,84,18,6,42,100,80,30,58,82,12,40,20,4,60,48,56,36,96,54,44,50,52,"BRCA.LumA"
26,48,82,58,24,76,64,6,44,16,54,68,32,70,4,92,84,18,28,94,12,62,60,20,88,30,80,74,72,34,2,66,96,98,42,86,90,14,22,8,78,50,46,56,10,100,38,52,36,40,"BRCA.LumA"
40,34,74,82,14,78,46,2,42,22,54,56,26,76,48,92,100,4,6,94,36,68,52,32,66,58,62,90,80,16,8,60,96,86,30,70,88,14,50,10,84,64,28,44,72,98,20,38,26,18,"BRCA.LumA"
26,52,84,80,24,76,60,10,48,64,54,68,32,78,44,90,94,16,22,88,18,66,62,40,6,14,4,86,82,28,2,70,92,98,42,72,58,20,12,8,96,36,34,50,46,100,74,56,30,38,"BRCA.LumA"
30,66,80,74,22,54,64,18,44,36,16,88,50,76,46,92,98,38,62,90,26,84,56,42,4,6,8,10,82,40,2,86,96,94,60,48,24,20,34,14,12,78,28,72,70,100,68,58,52,34,"BRCA.LumA"
36,48,80,66,10,70,52,4,46,28,60,54,14,56,12,98,90,2,84,96,34,76,62,22,82,68,78,74,86,30,18,42,94,100,26,64,88,16,24,6,8,50,32,38,58,92,72,44,22,40,"BRCA.LumA"
46,60,80,84,42,66,54,16,50,52,38,70,40,74,10,92,98,24,32,94,12,64,68,44,8,20,6,88,82,30,2,76,90,78,28,72,86,26,22,14,96,48,18,58,4,100,62,56,36,34,"BRCA.LumA"
32,50,82,86,10,62,34,4,30,24,48,54,26,66,56,98,96,12,52,90,46,60,70,28,64,72,74,88,78,16,2,58,94,80,38,84,68,14,8,6,92,42,18,44,76,100,40,36,22,20,"BRCA.LumA"
34,72,76,80,42,66,70,14,48,58,30,78,40,84,22,96,100,18,6,92,26,64,62,50,16,8,10,94,88,32,2,82,90,86,56,68,28,24,20,12,44,60,36,74,54,98,4,52,46,38,"BRCA.LumA"
60,48,78,80,24,76,66,16,22,58,62,64,18,74,10,94,100,34,8,96,28,70,54,20,44,46,40,82,86,30,2,68,92,90,50,84,88,6,32,14,26,72,36,52,12,98,4,38,42,56,"BRCA.LumA"
4,42,50,52,22,80,76,6,36,20,72,74,38,66,12,100,70,16,32,90,8,58,84,26,78,86,62,40,56,28,2,88,92,98,68,54,94,14,18,10,30,46,44,82,24,96,64,60,48,34,"BRCA.LumA"
64,42,90,88,34,72,66,10,44,52,6,62,30,78,8,86,100,14,2,94,28,74,70,38,26,22,16,76,82,20,4,68,92,80,18,84,50,40,24,32,96,58,46,60,56,98,12,54,36,48,"BRCA.LumA"
26,60,88,74,14,72,66,6,46,16,52,70,22,68,32,92,96,10,4,98,18,84,40,20,56,62,58,78,80,44,4,76,100,86,28,54,90,24,12,8,42,82,36,50,64,94,48,34,30,38,"BRCA.LumA"
22,40,74,54,16,80,64,2,32,24,42,72,20,62,12,88,96,26,4,92,6,56,44,38,90,86,82,70,66,28,8,68,98,76,36,58,94,18,34,10,84,60,48,52,78,100,14,50,30,46,"BRCA.LumA"
58,48,82,54,22,74,60,10,52,18,38,66,36,76,14,88,100,34,92,98,32,84,64,42,6,2,8,78,80,30,4,62,96,72,56,68,94,20,28,16,12,86,40,70,26,90,24,46,44,50,"BRCA.LumA"
26,44,86,74,20,58,50,2,30,18,80,56,32,62,42,98,94,6,64,90,34,60,54,16,82,88,84,76,72,22,12,66,92,96,48,78,70,8,10,4,52,36,24,46,68,100,38,28,40,14,"BRCA.LumA"
12,34,74,72,20,86,66,6,38,26,42,90,40,56,16,82,94,18,4,92,24,50,14,22,68,48,62,76,80,32,2,78,96,100,54,52,88,28,30,8,70,64,58,36,84,98,10,46,60,44,"BRCA.LumA"
38,30,66,76,16,54,42,2,32,26,56,44,28,64,52,92,80,6,72,86,48,60,58,24,100,90,96,82,74,12,34,46,88,70,20,78,50,8,10,4,84,62,18,36,94,98,68,40,22,14,"BRCA.LumA"
34,54,82,78,38,74,58,10,22,46,30,64,28,80,8,90,98,18,70,92,6,68,62,24,44,52,50,88,86,40,4,76,94,96,66,84,72,20,26,12,32,14,18,60,42,100,2,56,48,36,"BRCA.LumA"
2,58,74,60,24,76,68,6,56,18,50,84,34,72,22,92,88,16,40,98,20,46,32,48,66,62,70,4,82,28,8,90,80,94,44,64,78,26,30,10,54,14,36,86,96,100,12,52,42,38,"BRCA.LumA"
22,42,68,72,12,78,56,6,34,28,60,58,24,80,32,88,98,16,8,96,18,66,44,20,82,84,76,90,86,14,4,62,94,92,48,46,74,12,50,26,70,64,30,54,52,100,2,36,38,40,"BRCA.LumA"
44,40,82,88,22,76,62,4,50,26,24,74,32,72,10,90,94,16,2,98,12,66,52,38,54,56,60,84,80,20,6,70,96,78,18,68,86,28,30,14,92,48,46,58,64,100,8,34,36,42,"BRCA.LumA"
48,34,70,72,12,58,50,2,22,14,74,52,20,54,42,88,94,4,36,86,38,66,62,20,96,90,84,78,76,10,56,46,92,68,16,60,82,8,24,6,80,64,30,26,100,98,44,40,28,32,"BRCA.LumA"
26,58,70,82,22,78,64,8,52,24,12,76,28,72,4,86,98,18,36,94,6,74,56,38,50,40,46,84,80,20,2,68,90,92,48,54,96,34,16,10,88,60,30,66,32,100,14,62,42,44,"BRCA.LumA"
12,48,66,64,28,80,46,6,34,30,70,62,22,76,50,92,88,10,8,96,38,54,52,24,84,72,78,90,74,18,14,68,94,100,32,60,82,20,36,4,44,56,42,58,86,98,2,16,26,40,"BRCA.LumA"
8,70,60,76,64,84,66,16,54,80,28,74,42,62,6,98,82,26,30,90,4,86,88,46,32,44,34,12,72,18,2,78,92,100,52,50,96,24,22,14,10,48,38,68,20,94,56,58,40,36,"BRCA.LumB"
40,68,58,56,42,90,74,14,66,30,50,84,64,82,22,86,98,32,18,96,12,60,24,48,2,10,6,72,76,34,4,94,88,100,78,62,16,26,36,38,20,80,46,70,8,92,28,44,54,52,"BRCA.LumB"
24,50,70,56,46,82,74,18,42,54,64,78,44,80,10,90,98,30,16,92,14,60,32,38,2,6,8,84,88,26,6,72,86,96,68,34,76,22,40,20,94,66,62,52,12,100,28,36,58,48,"BRCA.LumB"
24,80,66,56,36,70,68,16,60,34,20,86,44,74,22,76,100,48,18,96,14,62,32,42,8,30,10,52,82,58,2,88,94,98,84,38,78,28,40,12,6,26,64,90,4,92,50,46,72,54,"BRCA.LumB"
24,60,56,66,70,76,78,6,58,54,26,80,46,64,8,92,98,22,86,96,16,62,50,50,12,18,14,44,72,36,2,88,90,94,82,84,52,32,34,30,4,28,38,68,10,100,20,40,74,42,"BRCA.LumB"
18,58,54,64,52,28,80,10,74,44,38,92,40,48,6,82,98,34,14,90,4,42,26,66,20,24,22,84,60,32,2,94,96,86,70,62,78,36,30,16,76,88,50,56,8,100,12,68,72,46,"BRCA.LumB"
32,82,68,42,60,70,74,16,76,34,10,90,56,30,12,78,98,40,36,96,14,48,24,66,2,4,6,20,80,44,8,88,84,100,94,92,26,46,64,28,72,58,38,50,18,86,22,62,52,54,"BRCA.LumB"
14,84,74,80,40,68,82,6,70,30,4,90,36,72,12,94,88,26,62,92,18,64,32,52,50,22,34,10,78,48,2,86,98,100,66,46,16,42,44,8,38,28,54,76,20,96,24,58,60,56,"BRCA.LumB"
20,56,74,66,42,72,68,12,64,36,62,88,52,70,8,84,100,26,18,96,16,58,34,48,2,10,14,90,76,32,4,80,94,86,44,28,24,40,30,22,92,60,50,82,6,98,46,78,54,38,"BRCA.LumB"
28,60,88,24,80,82,84,18,52,48,58,66,44,40,8,90,96,42,10,92,20,64,34,50,6,14,4,62,78,32,2,74,94,98,56,38,54,36,46,26,16,30,72,76,12,100,22,86,68,70,"BRCA.LumB"
38,70,88,76,42,86,62,16,60,58,14,72,50,44,28,96,100,40,20,94,26,74,66,48,6,8,2,24,84,36,4,78,98,68,34,82,80,30,32,22,12,18,52,64,10,90,92,54,46,56,"BRCA.LumB"
56,66,82,80,34,62,70,18,52,30,26,76,44,68,6,88,96,28,8,86,12,64,58,38,4,16,2,92,74,40,10,72,84,90,60,78,98,32,42,20,100,22,36,46,14,94,24,54,50,48,"BRCA.LumB"
10,62,56,28,50,68,72,14,58,60,48,78,46,80,4,96,94,30,70,92,8,38,36,54,34,32,16,20,86,74,2,82,90,98,84,88,64,22,26,12,44,18,40,76,24,100,6,52,66,42,"BRCA.LumB"
6,72,76,84,34,78,62,10,44,32,46,74,40,70,8,88,98,14,58,90,4,64,36,28,22,12,20,82,68,26,2,80,96,94,56,60,92,38,18,50,86,30,24,66,16,100,52,54,48,42,"BRCA.LumB"
18,46,80,74,36,30,66,4,44,62,42,68,38,78,12,90,98,20,6,94,10,70,50,56,24,28,34,82,92,26,2,84,96,86,54,72,64,22,32,14,88,8,40,76,48,100,16,60,58,52,"BRCA.LumB"
30,66,64,80,44,74,60,18,72,48,14,86,34,84,14,94,98,46,6,96,10,70,42,32,22,16,20,88,82,26,2,78,92,90,62,52,76,40,38,8,36,58,28,68,24,100,4,50,54,56,"BRCA.LumB"
18,76,40,30,52,54,86,16,66,46,22,90,34,60,12,92,98,50,36,96,14,64,32,56,4,10,8,70,68,38,2,82,84,100,78,74,24,28,48,26,94,42,62,72,6,88,20,44,80,58,"BRCA.LumB"
28,64,70,34,52,76,68,4,38,86,32,84,40,48,8,100,88,36,82,90,10,78,94,30,12,20,14,62,60,56,2,80,92,98,72,74,6,24,26,22,16,44,42,58,18,96,66,50,54,46,"BRCA.LumB"
22,64,84,70,52,80,72,16,58,38,32,90,44,66,10,86,100,28,6,94,8,60,26,54,12,18,14,82,74,46,2,88,92,98,40,30,76,34,42,20,48,68,50,78,4,96,24,62,56,36,"BRCA.LumB"
32,58,80,70,50,56,64,14,48,52,18,68,34,76,22,94,100,24,60,96,20,74,82,38,6,4,10,88,86,42,2,78,92,90,62,84,16,40,36,28,26,46,30,72,12,98,8,66,54,44,"BRCA.LumB"
12,72,42,60,44,62,56,14,90,48,82,86,28,66,24,80,88,38,22,98,4,26,30,74,6,20,8,94,68,46,2,84,64,100,76,92,34,36,50,18,52,78,40,54,10,96,16,58,70,32,"BRCA.LumB"
18,78,56,66,84,80,72,30,54,50,16,70,62,74,14,90,98,28,24,94,22,60,40,52,26,20,46,6,86,42,2,92,68,82,96,64,12,38,48,36,4,8,36,88,32,100,10,76,58,44,"BRCA.LumB"
8,72,64,52,38,78,60,10,66,56,28,86,34,54,14,100,96,20,68,90,12,44,84,46,48,62,50,80,82,42,2,88,92,98,70,30,76,24,26,18,4,36,22,74,16,94,6,40,58,32,"BRCA.LumB"
14,58,60,76,38,36,64,22,48,66,32,84,54,62,16,96,98,18,4,90,8,68,30,40,34,44,56,88,70,24,6,92,86,94,52,80,82,20,26,10,12,72,28,78,74,100,2,46,50,42,"BRCA.LumB"
32,36,66,90,48,82,78,4,56,34,22,68,38,70,6,84,98,28,18,94,8,62,26,46,42,58,44,76,74,20,2,52,88,92,86,80,60,12,30,16,96,10,40,72,24,100,14,64,54,50,"BRCA.LumB"
26,56,76,8,62,88,72,12,52,28,70,82,48,36,32,90,100,40,24,98,6,60,64,34,16,38,10,42,86,22,2,78,80,74,84,92,14,30,54,20,18,94,46,66,4,96,44,50,68,58,"BRCA.LumB"
20,82,40,60,64,70,72,14,68,46,8,86,50,66,18,96,94,32,56,98,10,42,54,58,4,6,16,22,74,48,2,100,88,90,84,78,34,36,44,26,30,38,28,80,12,92,24,62,76,52,"BRCA.LumB"
30,54,76,34,38,68,82,22,80,44,26,90,60,32,6,92,98,28,14,96,4,70,24,72,12,20,16,86,74,58,2,84,88,100,78,56,50,42,52,18,46,36,66,40,10,94,8,62,64,48,"BRCA.LumB"
26,74,72,56,52,44,76,24,60,68,16,90,38,62,22,96,100,36,80,98,20,48,28,58,4,18,10,34,82,40,2,88,94,86,78,64,70,32,42,30,12,14,46,84,6,92,8,54,66,50,"BRCA.LumB"
20,80,48,56,78,82,58,12,70,36,24,94,54,64,62,88,86,44,16,96,14,68,42,52,2,10,4,30,84,26,6,90,92,98,74,72,38,28,50,32,22,18,40,76,8,100,34,66,60,46,"BRCA.LumB"
22,60,86,92,34,78,66,26,44,62,18,76,56,74,12,96,98,28,50,94,20,58,80,54,4,6,4,36,82,48,8,90,84,88,68,64,24,40,38,32,10,30,42,72,14,100,16,70,52,46,"BRCA.LumB"
18,52,84,90,30,80,68,4,76,38,50,58,42,54,6,86,92,24,22,98,12,74,40,56,14,26,16,10,82,44,2,78,88,100,64,94,46,34,28,36,8,70,32,62,20,96,66,72,60,48,"BRCA.LumB"
30,38,74,44,86,84,76,8,66,64,12,88,48,26,2,94,98,46,10,92,16,62,32,54,18,36,14,68,82,34,4,72,96,52,58,24,90,40,50,28,56,20,80,60,6,100,22,42,78,70,"BRCA.LumB"
42,50,88,90,58,78,60,12,54,52,6,76,48,84,26,92,96,22,18,94,10,70,68,46,14,20,8,32,86,40,2,80,98,74,56,72,82,30,34,24,66,28,36,64,16,100,4,62,44,38,"BRCA.LumB"
10,56,68,62,34,74,70,6,64,38,26,84,66,54,12,96,94,36,20,92,4,60,18,52,30,58,46,86,78,44,2,88,90,100,82,76,72,14,24,16,80,32,22,40,8,98,28,50,48,42,"BRCA.LumB"
18,40,58,86,52,84,70,14,60,64,24,78,38,76,4,96,98,26,34,92,8,66,50,54,68,56,36,16,88,32,6,82,90,94,74,80,10,20,30,22,2,42,48,72,28,100,12,44,62,46,"BRCA.LumB"
20,58,76,32,24,64,60,8,44,86,56,74,42,68,16,100,90,34,6,88,18,70,96,38,72,78,80,26,66,48,4,84,94,92,82,54,12,30,22,28,2,14,40,62,52,98,10,46,50,36,"BRCA.LumB"
14,68,62,74,30,80,64,12,66,82,22,88,42,52,8,100,86,34,26,94,18,50,90,48,6,10,4,32,70,46,2,84,92,98,72,54,78,36,40,22,24,38,44,76,16,96,28,58,60,56,"BRCA.LumB"
24,52,72,60,62,66,76,10,70,40,32,74,48,78,18,90,100,20,30,94,16,68,26,64,14,12,8,44,80,46,2,88,86,96,82,58,92,34,54,22,38,28,36,84,6,98,4,42,56,50,"BRCA.LumB"
14,26,66,72,42,58,74,8,48,62,16,78,36,76,6,86,100,28,2,94,10,40,38,46,20,24,30,90,70,44,4,82,88,98,68,84,92,22,34,18,64,54,52,80,32,96,12,60,50,56,"BRCA.LumB"
28,56,74,76,48,72,70,6,46,62,14,84,50,80,4,96,100,30,10,92,8,66,64,38,24,18,20,94,78,32,2,68,86,88,58,82,40,26,34,12,90,36,44,54,22,98,16,60,42,52,"BRCA.LumB"
34,76,78,46,74,66,64,28,58,44,12,86,62,60,14,94,100,32,18,92,22,20,36,48,8,10,4,56,88,50,4,90,82,96,72,80,70,30,40,26,16,68,38,84,24,98,6,42,54,52,"BRCA.LumB"
12,64,66,62,52,60,76,6,54,36,38,86,46,78,8,96,100,24,82,94,10,72,28,50,16,30,40,34,88,22,2,90,92,84,74,70,48,14,26,18,4,20,32,80,42,98,56,58,68,44,"BRCA.LumB"
40,50,70,86,42,78,68,22,60,66,48,76,32,84,6,94,100,34,90,98,18,82,80,58,4,12,4,20,88,38,8,72,96,54,52,74,24,30,26,28,16,14,36,62,10,92,56,64,44,46,"BRCA.LumB"
26,60,84,78,38,76,66,16,54,28,14,80,42,72,22,86,92,30,8,96,18,68,32,50,10,6,4,74,88,40,2,82,98,90,52,64,94,36,62,24,70,34,44,58,20,100,12,48,46,56,"BRCA.LumB"
12,48,64,44,38,68,70,32,30,62,60,72,54,82,4,94,100,36,74,92,8,52,50,34,18,20,24,80,88,40,2,78,90,96,84,76,58,16,14,28,6,22,42,86,10,98,26,56,66,46,"BRCA.LumB"
18,62,68,58,38,64,70,10,52,50,22,88,40,66,6,92,96,24,74,90,4,72,32,44,8,16,12,20,80,46,2,86,84,94,76,78,82,30,26,14,42,60,28,48,100,98,34,56,54,36,"BRCA.LumB"
6,74,80,70,32,82,62,8,54,38,40,86,42,68,16,92,84,28,4,96,10,64,56,30,34,52,50,72,78,44,2,88,90,98,58,66,94,20,36,14,60,12,22,76,24,100,18,26,46,48,"BRCA.LumB"
34,48,66,54,28,74,70,18,46,32,14,84,56,78,16,90,98,42,22,94,8,80,62,36,12,6,4,88,76,40,2,82,92,96,68,52,86,26,38,24,20,64,30,72,10,100,50,46,58,60,"BRCA.LumB"
38,62,82,70,46,48,64,18,40,58,20,74,42,86,22,90,100,30,12,96,24,68,66,34,18,10,4,92,76,52,2,84,88,94,50,80,78,26,32,28,14,54,36,72,8,98,6,56,60,44,"BRCA.LumB"
34,76,82,78,32,86,66,8,52,36,22,90,44,70,14,58,98,26,74,96,16,72,68,60,4,46,6,24,84,28,2,80,92,100,54,88,42,30,38,20,10,12,40,62,18,94,64,48,50,56,"BRCA.LumB"
10,64,42,20,50,58,76,12,60,66,28,92,62,56,6,98,86,40,78,94,4,72,44,46,24,32,26,70,74,36,2,90,80,100,82,84,52,16,38,14,88,30,34,54,8,96,18,22,68,48,"BRCA.LumB"
12,38,82,86,48,72,68,8,56,46,32,80,42,64,4,92,94,14,8,90,16,50,36,54,20,22,26,76,88,34,2,84,98,96,60,44,74,52,40,24,78,18,66,62,28,100,10,70,58,30,"BRCA.LumB"
32,70,74,86,44,78,68,12,42,54,20,84,38,88,8,90,98,34,22,92,6,52,36,56,14,18,16,76,82,46,2,80,94,96,72,66,24,58,50,26,64,30,40,62,10,100,4,30,60,48,"BRCA.LumB"
16,64,58,84,50,62,70,10,48,66,36,78,44,80,8,98,94,34,90,96,6,56,52,46,22,12,20,88,76,30,2,82,74,92,72,86,14,32,38,26,18,24,40,68,28,100,4,54,60,42,"BRCA.LumB"
18,70,66,80,24,72,56,12,58,34,52,86,40,62,4,84,98,42,8,96,16,74,50,46,10,20,14,78,76,26,2,82,90,88,30,32,92,28,44,22,94,60,36,68,6,100,64,48,38,54,"BRCA.LumB"
30,68,58,74,44,66,52,10,40,60,38,80,54,78,20,92,96,18,8,88,6,62,36,50,16,12,34,90,82,28,2,84,94,100,72,76,46,22,24,26,86,64,14,70,56,98,4,42,48,32,"BRCA.LumB"
28,56,92,90,24,88,72,12,42,34,40,80,46,66,4,86,98,22,54,96,6,76,44,38,18,16,10,26,82,48,2,84,94,78,62,68,30,36,54,32,70,8,50,74,14,100,20,60,58,64,"BRCA.LumB"
32,42,78,22,66,58,88,20,82,46,52,86,44,24,4,96,94,54,40,90,16,50,26,76,10,12,14,74,64,36,2,80,68,100,92,98,18,30,34,28,48,38,70,56,8,84,6,60,62,72,"BRCA.LumB"
22,64,48,30,44,70,82,16,66,46,56,94,38,52,12,96,84,42,18,98,14,34,28,50,8,8,4,68,74,36,2,78,90,100,76,86,88,40,32,26,54,20,62,80,10,92,24,58,60,72,"BRCA.LumB"
12,62,68,32,54,66,56,10,46,58,36,82,30,78,8,94,96,24,38,90,6,50,42,44,28,40,22,92,76,18,4,84,86,98,64,72,80,14,34,16,20,60,74,88,26,100,2,52,70,48,"BRCA.LumB"
26,56,74,70,30,76,62,20,50,54,6,78,40,64,10,94,98,38,16,96,8,66,52,48,4,12,14,88,72,36,2,84,92,86,58,44,90,28,32,24,82,80,34,68,22,100,18,60,42,46,"BRCA.LumB"
18,56,42,70,44,64,80,20,32,48,24,90,50,72,10,98,96,40,14,88,16,38,46,34,6,8,4,76,62,28,2,84,92,94,78,82,54,30,36,22,86,58,60,68,26,100,12,66,52,74,"BRCA.LumB"
14,68,74,64,44,62,52,4,46,12,48,90,56,70,20,92,84,22,16,94,10,58,24,34,40,66,50,8,80,28,2,88,96,100,82,86,78,36,32,6,76,18,30,72,26,98,38,54,60,42,"BRCA.LumB"
20,56,66,52,34,70,54,12,64,86,18,84,40,58,22,100,88,36,68,94,14,74,90,46,4,6,8,48,80,44,2,78,92,98,82,50,76,26,28,24,38,60,32,72,10,96,16,30,62,42,"BRCA.LumB"
32,48,62,84,38,82,68,20,60,56,8,72,42,76,16,94,98,28,10,96,14,66,52,58,6,14,4,90,80,26,2,86,88,70,46,54,92,34,30,22,78,74,50,64,18,100,24,36,44,40,"BRCA.LumB"
22,52,54,76,40,66,72,10,62,56,64,80,30,78,12,88,98,32,8,94,4,60,38,42,18,24,16,92,70,26,2,86,82,96,74,84,68,28,34,14,90,36,44,48,6,100,20,46,50,58,"BRCA.LumB"
22,44,90,86,30,74,76,18,54,48,60,70,32,68,10,88,98,26,16,94,12,62,56,52,2,6,4,84,82,20,8,78,92,72,38,64,80,34,24,28,96,42,50,58,14,100,40,66,36,46,"BRCA.LumB"
16,56,72,84,66,58,68,10,52,62,32,82,20,74,34,86,96,22,4,90,12,40,28,50,54,44,48,98,70,60,6,80,88,94,78,76,14,30,38,26,92,8,24,46,64,100,2,18,42,36,"BRCA.LumB"
26,56,48,86,80,76,74,24,62,52,34,72,50,66,6,90,100,18,16,96,14,46,36,42,2,10,8,88,92,28,4,70,82,98,44,78,20,32,30,22,84,54,64,68,12,94,40,38,60,58,"BRCA.LumB"
26,58,84,90,60,82,68,8,46,50,36,78,40,76,10,98,96,12,56,94,16,72,38,32,30,28,20,14,80,24,4,74,92,88,52,62,86,22,34,18,6,54,64,70,66,100,2,42,48,44,"BRCA.LumB"
14,48,86,16,34,70,58,12,54,28,50,80,40,68,8,100,84,30,88,96,4,82,92,44,20,32,18,66,74,62,2,76,94,98,72,38,64,24,22,10,6,56,36,78,26,90,60,42,52,46,"BRCA.LumB"
32,66,72,70,42,88,62,14,52,36,54,80,44,58,4,82,98,34,16,92,10,64,24,30,8,12,6,76,74,28,2,84,94,86,68,38,96,26,40,18,90,78,46,56,22,100,20,48,60,50,"BRCA.LumB"
44,58,62,74,50,56,48,4,78,36,10,82,66,68,12,88,98,14,24,94,8,54,22,60,34,18,30,86,72,42,2,92,80,100,76,90,46,42,26,6,84,38,20,70,32,96,28,64,52,16,"BRCA.LumB"
22,70,44,78,30,52,64,20,66,80,26,88,50,60,14,98,96,38,18,84,14,40,72,58,2,6,16,82,62,34,4,90,76,94,74,68,86,32,28,24,92,56,36,48,8,100,10,54,46,42,"BRCA.LumB"
22,64,58,50,42,80,74,12,54,56,76,90,46,66,14,92,100,28,10,96,8,48,38,60,6,18,4,78,72,36,2,86,88,94,82,34,20,30,26,32,84,68,40,70,16,98,24,44,62,52,"BRCA.LumB"
20,70,68,44,42,76,66,4,80,22,58,88,62,52,8,84,90,26,24,94,10,50,6,48,32,56,30,60,86,46,2,92,96,100,78,64,82,36,28,16,12,38,34,72,14,98,18,40,74,54,"BRCA.LumB"
8,76,46,40,34,82,58,4,56,66,48,88,38,68,10,96,90,36,70,94,6,20,44,52,24,50,28,80,78,30,2,86,92,100,84,62,18,16,22,14,64,54,26,72,12,98,32,60,74,42,"BRCA.LumB"
16,54,64,58,42,86,72,18,40,74,50,82,30,78,6,96,98,32,8,92,10,70,62,36,12,14,20,60,80,26,4,68,94,84,44,66,90,28,34,24,88,56,46,76,22,100,2,38,52,48,"BRCA.LumB"
30,62,74,58,36,72,56,12,50,68,44,86,54,76,20,98,100,40,80,94,10,88,66,48,18,14,22,8,84,42,2,92,90,64,82,24,28,26,34,32,6,70,38,78,16,96,4,52,60,46,"BRCA.LumB"
26,68,86,84,40,70,44,20,56,60,52,88,54,64,12,94,98,24,30,92,16,72,66,50,4,6,2,80,78,42,8,90,96,82,46,76,36,38,32,14,12,58,28,62,18,100,22,74,48,34,"BRCA.LumB"
16,62,78,56,36,64,70,8,50,24,18,90,40,68,10,86,98,48,22,94,6,76,26,52,42,54,34,74,72,44,2,82,92,100,66,14,88,28,38,20,4,80,30,84,12,96,32,60,46,58,"BRCA.LumB"
20,64,74,34,48,68,76,12,56,52,24,84,42,72,14,92,96,26,78,94,8,66,38,62,46,60,50,16,88,58,2,82,90,98,86,32,40,28,30,22,6,10,44,80,18,100,4,54,70,36,"BRCA.LumB"
20,44,74,86,32,70,66,12,52,72,46,80,48,76,8,98,94,24,4,92,6,58,88,42,16,18,10,34,82,30,2,84,90,96,62,50,78,36,26,14,64,60,40,68,22,100,28,54,56,38,"BRCA.LumB"
24,64,72,82,52,62,58,6,42,54,20,78,44,70,16,80,92,28,4,96,14,36,48,38,8,18,10,100,60,66,2,94,84,86,90,88,26,50,46,34,56,32,22,76,12,98,30,74,68,40,"BRCA.LumB"
10,70,80,68,42,84,78,6,54,52,14,90,36,82,4,92,96,26,12,94,8,38,40,50,32,24,18,44,76,46,2,74,98,88,64,58,86,28,56,16,20,34,48,72,30,100,22,66,62,60,"BRCA.LumB"
16,54,90,92,62,64,68,14,36,56,48,74,58,84,10,94,96,24,66,98,12,76,42,44,26,20,30,28,78,34,2,80,86,82,60,72,6,40,32,38,8,50,46,88,22,100,4,70,52,18,"BRCA.LumB"
22,72,70,74,40,54,66,26,60,44,18,88,36,82,8,100,98,28,90,94,16,56,52,42,6,4,10,24,62,50,2,84,92,78,68,96,48,30,38,20,34,64,32,80,14,86,12,76,58,46,"BRCA.LumB"
32,68,64,16,52,76,74,20,60,54,18,82,30,50,12,94,100,36,42,96,10,66,28,44,4,6,4,90,92,56,8,78,86,62,70,58,88,34,38,24,84,80,40,72,22,98,14,26,46,48,"BRCA.LumB"
26,64,70,34,48,86,74,10,66,42,24,78,36,50,14,90,92,30,68,100,16,84,28,38,6,60,12,46,80,40,2,52,94,98,72,18,88,22,44,54,8,76,56,62,4,96,20,32,82,58,"BRCA.LumB"
16,48,72,68,34,58,64,10,38,56,18,84,46,66,8,96,94,32,14,90,6,62,70,40,52,50,36,92,76,26,2,80,88,100,74,78,86,22,30,12,82,4,20,44,24,98,28,60,54,42,"BRCA.LumB"
26,64,60,74,38,68,40,12,34,52,48,78,42,80,8,82,100,24,10,92,6,62,20,36,50,56,44,94,88,22,2,86,84,96,76,58,90,16,18,14,66,70,32,72,28,98,4,46,54,30,"BRCA.LumB"
26,44,78,72,62,70,74,22,58,36,34,82,40,80,16,90,98,24,2,94,32,60,46,66,8,8,8,86,92,48,14,88,96,84,76,64,28,42,38,30,12,20,50,52,18,100,10,68,54,56,"BRCA.LumB"
20,54,66,74,38,70,64,8,48,52,12,80,40,88,14,86,94,24,4,92,6,44,42,36,56,32,46,76,78,30,2,84,90,98,82,62,96,18,34,16,68,22,28,60,26,100,10,58,72,50,"BRCA.LumB"
28,36,82,62,48,66,58,16,50,52,8,80,42,26,4,98,72,24,40,92,6,86,60,46,12,18,14,78,84,34,2,76,90,100,74,94,88,30,32,20,64,54,38,70,10,96,22,68,44,56,"BRCA.LumB"
22,56,62,58,46,82,64,16,72,48,74,80,38,70,14,78,100,20,32,94,12,66,24,60,2,8,4,54,76,34,6,86,90,98,52,88,44,26,28,30,96,84,40,68,10,92,18,36,50,42,"BRCA.LumB"
12,50,68,90,28,60,64,8,76,46,24,84,34,70,16,86,98,22,40,96,38,48,36,62,18,10,14,92,80,58,2,88,82,74,66,52,26,44,30,20,94,72,32,56,6,100,4,78,54,42,"BRCA.LumB"
22,62,66,42,40,88,72,14,64,26,28,84,46,50,12,58,98,32,38,94,10,74,16,60,4,6,8,70,76,44,2,90,92,96,80,24,86,34,36,30,56,82,54,78,18,100,20,48,68,52,"BRCA.LumB"
18,60,90,72,34,54,62,24,58,30,8,74,48,68,6,80,94,26,16,92,4,36,38,64,20,44,14,76,66,70,2,84,86,100,96,78,10,22,40,28,98,56,42,50,12,88,52,46,82,32,"BRCA.LumB"
24,64,78,66,32,34,72,16,58,52,20,82,50,80,18,88,98,28,14,94,10,44,62,60,6,8,6,84,76,46,6,90,92,100,48,70,22,40,38,26,86,30,54,74,12,96,36,68,56,42,"BRCA.LumB"
30,52,56,70,54,50,72,90,66,42,60,80,38,62,6,94,100,22,8,92,4,20,44,46,24,18,38,88,68,26,2,76,86,96,78,84,40,16,28,14,82,64,48,58,12,98,10,34,74,32,"BRCA.LumB"
30,46,64,82,52,74,56,22,38,54,20,72,36,80,10,94,98,28,16,92,12,68,40,42,4,6,8,84,88,34,2,78,86,96,70,66,90,24,32,26,76,58,48,62,14,100,18,50,60,44,"BRCA.LumB"
42,54,80,90,36,66,64,14,30,58,10,74,48,78,8,82,92,38,6,94,16,50,56,40,12,18,20,86,98,28,2,76,88,96,68,70,72,32,26,22,84,46,34,60,24,100,4,62,52,44,"BRCA.LumB"
34,36,70,84,44,66,60,16,46,42,54,76,48,68,18,94,98,26,78,96,12,74,62,56,6,8,4,82,92,30,4,72,90,88,40,86,80,32,28,22,10,20,38,52,24,100,14,64,58,50,"BRCA.LumB"
36,40,88,84,48,82,70,16,52,30,22,74,34,72,4,90,98,20,8,94,10,76,56,46,18,26,14,86,78,38,2,66,96,92,50,58,80,44,32,24,42,28,60,62,14,100,6,64,68,54,"BRCA.LumB"
14,52,72,90,22,68,62,6,54,56,20,80,42,82,12,98,100,28,38,94,10,60,78,48,40,36,44,66,70,50,2,76,92,84,86,88,18,26,34,16,4,8,32,74,24,96,30,64,58,46,"BRCA.LumB"
18,76,26,34,48,80,64,22,66,68,78,88,44,50,8,92,100,40,24,96,16,52,38,56,2,14,4,20,74,54,6,94,70,82,90,58,32,28,60,36,30,46,42,84,10,98,12,62,86,72,"BRCA.LumB"
16,48,88,84,44,78,74,6,40,36,52,70,38,76,4,86,98,18,12,96,10,72,56,26,30,42,32,92,82,28,2,64,94,80,46,58,34,24,20,14,90,8,54,50,22,100,68,62,66,60,"BRCA.LumB"
14,62,64,86,40,80,70,10,60,20,54,88,28,78,4,84,98,26,12,92,6,68,16,56,38,44,36,76,72,22,2,74,94,100,52,42,82,32,18,34,90,26,46,66,8,96,58,50,48,30,"BRCA.LumB"
12,46,86,84,24,70,76,10,52,44,66,78,40,54,6,94,96,4,42,98,14,72,20,22,48,50,38,8,92,26,2,80,82,88,30,68,90,28,36,18,58,32,34,74,64,100,16,60,62,56,"BRCA.LumB"
14,38,68,86,40,76,44,8,52,54,16,82,64,80,6,92,96,18,12,94,10,56,36,48,32,46,24,70,90,42,2,72,88,98,78,84,60,22,34,20,74,26,30,66,28,100,4,58,62,50,"BRCA.LumB"
18,58,84,86,60,76,62,6,30,44,22,74,42,70,12,90,94,20,2,92,10,54,40,32,38,26,46,88,72,36,4,80,96,98,68,78,66,24,28,16,82,14,34,50,52,100,8,64,56,48,"BRCA.LumB"
28,44,72,86,30,32,80,8,52,50,24,78,46,90,4,92,98,20,6,96,10,64,38,48,18,22,16,88,84,34,2,70,94,82,74,76,60,40,26,12,68,42,54,58,14,100,56,62,66,36,"BRCA.LumB"
18,62,52,10,50,58,82,86,78,48,42,94,66,54,4,96,88,38,24,90,6,40,64,70,12,14,8,30,36,74,2,92,72,100,84,44,46,32,56,26,16,34,68,80,20,98,22,28,76,60,"BRCA.LumB"
26,56,48,78,62,80,66,16,50,54,14,76,38,68,8,88,98,30,22,94,18,46,36,44,6,10,2,92,86,32,4,72,84,96,90,70,64,28,40,34,82,24,52,60,12,100,20,42,74,58,"BRCA.LumB"
24,56,70,42,78,88,74,26,62,76,12,82,54,52,14,100,86,34,18,94,20,68,66,48,22,6,10,2,60,36,4,80,98,92,84,30,46,40,44,32,8,38,58,90,28,96,16,64,72,50,"BRCA.LumB"
14,50,60,84,34,38,66,8,48,44,36,74,46,70,12,90,98,20,76,96,10,52,56,26,22,24,42,68,78,32,2,86,80,88,62,82,92,18,28,6,94,16,30,58,72,100,4,54,64,40,"BRCA.LumB"
18,86,54,26,46,78,70,12,56,36,24,90,64,76,16,92,88,38,82,100,10,68,34,48,4,22,6,30,74,42,2,96,94,98,80,72,60,40,28,20,14,62,44,66,8,84,32,50,58,52,"BRCA.LumB"
22,68,60,50,30,66,72,6,56,40,44,86,46,82,8,92,98,24,34,96,4,78,26,54,20,18,16,84,80,58,2,90,88,100,70,52,74,28,14,12,64,76,42,62,32,94,10,38,48,36,"BRCA.LumB"
36,72,90,86,48,80,76,16,50,30,6,62,34,82,22,88,100,20,14,96,18,68,52,32,12,10,4,66,84,28,2,70,92,42,40,64,74,24,46,26,94,56,58,78,8,98,44,60,54,38,"BRCA.LumB"
12,62,56,68,60,40,82,6,66,34,20,92,30,84,14,90,98,26,4,96,8,28,18,38,58,88,100,50,52,48,2,80,70,72,78,74,86,24,22,16,42,76,44,46,54,94,10,32,64,36,"BRCA.LumB"
42,54,78,68,38,86,62,12,56,28,26,90,34,74,30,88,96,32,6,94,24,80,14,44,4,10,8,72,84,22,2,76,92,100,58,46,82,50,40,20,36,70,66,52,18,98,16,48,64,60,"BRCA.LumB"
22,68,72,84,38,78,62,6,60,32,58,82,52,76,20,88,98,28,16,96,14,54,56,48,4,10,18,34,80,36,4,86,94,100,42,74,90,40,26,12,44,24,46,70,8,92,66,64,50,30,"BRCA.LumB"
18,62,56,54,92,88,78,16,64,46,68,74,40,66,12,80,98,38,60,90,30,28,8,50,48,26,44,14,100,32,2,82,76,96,86,52,10,24,34,20,4,70,58,84,22,94,6,36,72,42,"BRCA.LumB"
22,70,76,58,32,82,60,8,48,52,26,64,40,72,42,92,98,16,18,90,20,56,34,38,4,10,6,86,88,24,2,84,78,100,66,68,96,54,30,30,36,80,50,46,12,94,14,62,74,44,"BRCA.LumB"
38,42,82,18,66,70,86,28,64,46,14,74,48,44,4,88,94,36,40,96,6,84,34,56,12,24,10,50,68,52,2,80,90,100,78,72,26,30,32,22,20,98,76,58,8,92,16,54,62,60,"BRCA.LumB"
14,74,62,66,10,78,56,6,44,36,76,64,38,30,26,90,94,22,8,96,18,58,32,16,60,68,70,88,86,42,2,72,92,98,46,54,82,12,20,4,84,28,34,80,50,100,24,48,52,40,"BRCA.LumB"
16,54,66,72,38,78,70,6,40,42,64,86,52,74,4,92,98,34,14,94,10,80,46,20,30,50,36,76,84,26,2,82,90,96,58,60,88,12,24,8,68,48,32,62,22,100,18,28,56,44,"BRCA.LumB"
22,44,50,72,38,66,68,16,54,60,24,82,48,62,20,92,98,36,12,94,10,64,28,52,4,8,6,90,74,26,2,84,88,96,76,80,78,30,32,18,86,70,40,56,34,100,14,58,42,46,"BRCA.LumB"
16,62,54,66,20,76,58,14,52,38,44,84,30,72,12,88,100,32,6,92,8,60,22,40,48,56,46,80,78,36,2,82,90,94,64,50,96,24,26,10,86,74,28,68,18,98,4,70,42,34,"BRCA.LumB"
22,54,68,76,38,72,64,20,56,52,24,78,44,74,6,86,98,26,30,94,8,66,28,48,10,12,14,84,80,40,2,82,90,88,58,36,96,34,46,18,92,62,32,70,16,100,4,60,50,42,"BRCA.LumB"
24,48,66,80,46,72,74,14,56,38,50,90,36,76,16,92,96,34,10,94,12,52,28,44,8,6,4,82,84,26,2,78,88,98,68,60,86,30,32,20,64,40,42,70,22,100,18,62,54,58,"BRCA.LumB"
22,36,40,60,54,44,58,10,62,56,16,86,50,52,8,96,100,26,18,92,4,64,30,66,34,84,94,82,72,32,2,90,68,88,76,78,80,20,24,12,42,74,28,70,6,98,14,38,48,46,"BRCA.LumB"
24,58,78,72,38,68,54,18,60,32,30,82,46,76,22,90,96,20,66,98,16,62,42,48,4,6,8,64,88,50,4,86,92,94,80,84,74,36,40,28,12,44,34,70,26,100,10,56,52,14,"BRCA.LumB"
12,60,66,46,14,78,70,8,52,92,22,74,34,82,18,100,96,40,16,88,10,64,90,42,36,50,56,30,72,38,2,80,86,94,68,58,84,20,26,6,62,28,44,76,32,98,4,54,48,24,"BRCA.LumB"
12,58,68,50,20,76,74,8,62,28,80,94,38,66,14,82,92,32,6,84,16,30,22,42,60,44,52,86,72,26,2,88,90,98,56,64,54,18,36,10,100,78,40,70,46,96,4,24,34,48,"BRCA.LumB"
16,68,52,48,42,54,72,8,32,46,70,90,26,80,14,92,98,22,36,88,6,62,44,30,64,76,74,86,84,18,2,82,94,96,78,56,12,24,34,10,50,20,28,66,40,100,4,60,58,38,"BRCA.LumB"
20,48,50,76,68,74,82,30,64,44,56,86,54,72,8,92,98,26,34,96,4,60,38,52,16,12,14,6,70,58,2,80,62,66,90,36,94,40,28,24,84,22,42,78,18,100,10,32,88,46,"BRCA.LumB"
24,40,58,78,26,66,56,6,50,36,16,84,48,54,14,98,100,18,74,94,4,64,42,44,8,12,30,92,80,28,2,96,86,72,70,90,68,22,32,10,82,52,34,76,20,88,60,62,38,46,"BRCA.LumB"
16,72,36,20,64,60,68,12,54,88,62,80,46,58,10,100,96,18,22,94,6,74,92,48,34,26,28,44,66,52,2,84,90,82,78,40,86,32,56,14,4,70,24,76,42,98,8,30,50,38,"BRCA.LumB"
10,54,58,82,40,76,64,4,60,24,48,68,30,80,22,90,100,14,66,96,8,78,36,44,42,46,56,72,88,16,2,94,92,86,38,84,34,26,20,18,6,28,32,74,52,98,12,50,70,62,"BRCA.LumB"
24,52,62,94,40,72,56,14,54,58,22,82,44,46,10,84,100,36,18,96,16,70,38,60,4,6,8,34,78,28,2,86,90,50,66,88,26,48,32,20,92,80,30,76,12,98,68,74,64,42,"BRCA.LumB"
34,54,82,94,52,64,68,16,56,58,38,74,26,72,8,90,98,28,18,96,14,62,50,48,4,12,6,84,86,44,2,70,88,92,78,80,22,40,42,24,76,30,36,60,20,100,10,66,32,46,"BRCA.LumB"
22,60,78,88,38,68,62,16,54,58,12,84,28,76,10,96,98,40,14,94,18,86,70,46,36,30,26,80,82,42,4,64,92,90,74,66,6,32,52,24,8,20,34,72,44,100,2,56,48,50,"BRCA.LumB"
18,62,78,76,38,72,74,12,42,50,60,88,36,82,14,96,92,28,4,94,6,64,66,46,26,44,30,68,84,24,2,86,90,98,70,58,16,34,32,10,20,54,40,80,8,100,22,48,56,52,"BRCA.LumB"
24,42,58,48,26,62,70,16,54,40,52,86,44,72,8,94,100,28,92,98,6,36,30,46,12,10,14,84,66,32,2,90,88,78,82,80,68,22,34,18,74,76,38,64,20,96,4,50,60,56,"BRCA.LumB"
24,46,56,38,72,94,66,4,88,48,32,64,52,74,16,86,98,14,10,90,8,60,28,42,62,70,58,26,84,34,2,76,92,100,80,30,44,50,18,20,6,82,54,78,12,96,22,40,68,36,"BRCA.LumB"
18,64,34,40,26,30,76,12,54,58,22,86,42,74,50,100,94,32,16,88,10,60,90,48,4,14,6,52,62,28,2,84,80,96,78,72,98,36,44,20,70,68,56,82,8,92,24,38,66,46,"BRCA.LumB"
22,62,68,60,30,78,66,12,50,48,34,76,42,84,18,90,100,20,54,94,10,70,64,44,6,4,8,92,74,36,2,86,88,96,72,82,46,26,24,16,80,38,32,52,14,98,28,56,58,40,"BRCA.LumB"
20,62,76,54,28,74,66,6,34,32,58,80,38,86,8,90,96,24,12,92,4,72,40,36,18,48,30,46,84,50,2,82,94,98,78,68,88,16,26,14,52,64,42,70,22,100,10,56,60,44,"BRCA.LumB"
24,52,74,88,50,80,84,22,42,64,28,76,30,72,14,94,96,26,12,92,20,40,62,48,6,8,6,78,82,44,2,66,90,98,86,56,68,38,34,32,36,18,60,70,16,100,10,46,54,58,"BRCA.LumB"
26,58,82,48,34,74,66,12,56,40,36,86,50,62,14,100,94,22,64,96,16,76,90,46,6,8,4,72,78,60,2,88,92,68,84,52,70,20,32,18,10,38,30,80,24,98,28,42,54,44,"BRCA.LumB"
18,60,62,50,32,86,74,10,44,64,46,82,34,78,6,96,94,36,12,92,8,66,52,42,22,26,20,54,80,38,2,84,90,98,76,58,88,24,28,14,40,72,30,68,4,100,16,56,70,48,"BRCA.LumB"
28,62,82,90,48,70,78,20,66,44,64,86,30,76,2,96,100,36,12,98,10,56,58,54,16,14,6,34,84,52,4,80,92,50,88,60,24,42,38,26,22,18,46,72,8,94,32,68,74,40,"BRCA.LumB"
8,68,84,64,36,74,66,10,46,54,60,88,42,70,6,96,94,40,30,92,4,56,38,48,28,14,24,50,86,26,2,80,90,98,76,62,78,18,20,12,82,22,32,72,16,100,44,52,58,34,"BRCA.LumB"
36,60,54,82,30,28,68,26,74,58,14,90,38,64,40,48,84,42,18,86,12,22,34,50,4,8,6,70,78,32,4,96,76,100,98,52,20,44,46,24,56,88,72,94,10,92,16,66,80,62,"BRCA.LumB"
