"data.1","data.2","data.3","data.4","data.5","data.6","data.7","data.8","data.9","data.10","data.11","data.12","data.13","data.14","data.15","data.16","data.17","data.18","data.19","data.20","data.21","data.22","data.23","data.24","data.25","data.26","data.27","data.28","data.29","data.30","data.31","data.32","data.33","data.34","data.35","data.36","data.37","data.38","data.39","data.40","data.41","data.42","data.43","data.44","data.45","data.46","data.47","data.48","data.49","data.50","data.51","data.52","data.53","data.54","data.55","data.56","data.57","data.58","data.59","data.60","data.61","data.62","data.63","data.64","data.65","data.66","data.67","data.68","data.69","data.70","data.71","data.72","data.73","data.74","data.75","data.76","data.77","data.78","data.79","data.80","data.81","data.82","data.83","data.84","data.85","data.86","data.87","data.88","data.89","data.90","data.91","data.92","data.93","data.94","data.95","data.96","data.97","data.98","data.99","data.100","data.101","data.102","data.103","data.104","data.105","data.106","data.107","data.108","data.109","data.110","data.111","data.112","data.113","data.114","data.115","data.116","data.117","data.118","data.119","data.120","data.121","data.122","data.123","data.124","data.125","data.126","data.127","data.128","data.129","data.130","data.131","data.132","data.133","data.134","data.135","data.136","data.137","data.138","data.139","data.140","data.141","data.142","data.143","data.144","data.145","data.146","data.147","data.148","data.149","data.150","data.151","data.152","data.153","data.154","data.155","data.156","data.157","data.158","data.159","data.160","data.161","data.162","data.163","data.164","data.165","data.166","data.167","data.168","data.169","data.170","data.171","data.172","data.173","data.174","data.175","data.176","data.177","data.178","data.179","data.180","data.181","data.182","data.183","data.184","data.185","data.186","data.187","data.188","data.189","data.190","data.191","data.192","data.193","data.194","data.195","data.196","data.197","data.198","data.199","data.200","data.201","data.202","data.203","data.204","data.205","data.206","data.207","data.208","data.209","data.210","data.211","data.212","data.213","data.214","data.215","data.216","data.217","data.218","data.219","data.220","data.221","data.222","data.223","data.224","data.225","data.226","data.227","data.228","data.229","data.230","data.231","data.232","data.233","data.234","data.235","data.236","data.237","data.238","data.239","data.240","data.241","data.242","data.243","data.244","data.245","data.246","data.247","data.248","data.249","data.250","data.251","data.252","data.253","data.254","data.255","data.256","data.257","data.258","data.259","data.260","data.261","data.262","data.263","data.264","data.265","data.266","data.267","data.268","data.269","data.270","data.271","data.272","data.273","data.274","data.275","data.276","data.277","data.278","data.279","data.280","data.281","data.282","data.283","data.284","data.285","data.286","data.287","data.288","data.289","data.290","data.291","data.292","data.293","data.294","data.295","data.296","data.297","data.298","data.299","data.300","data.301","data.302","data.303","data.304","data.305","data.306","data.307","data.308","data.309","data.310","data.311","data.312","data.313","data.314","data.315","data.316","data.317","data.318","data.319","data.320","data.321","data.322","data.323","data.324","data.325","data.326","data.327","data.328","data.329","data.330","data.331","data.332","data.333","data.334","data.335","data.336","data.337","data.338","data.339","phenotype"
13,116,201,125,468,130,242,365,964,163,509,550,715,853,448,110,121,432,547,200,77,622,115,548,712,3362,215,430,213,387,327,323,1154,207,1821,317,196,310,3466,282,288,418,804,324,432,548,306,948,816,10,50,186,339,76,563,469,492,1415,212,28,588,363,231,45,28,290,356,478,1343,530,912,207,180,941,199,141,888,171,73,536,172,308,58,52,688,189,144,264,58,21,88,62,73,35,1840,262,67,194,61,43,132,10,19,10,10,204,10,233,279,277,136,365,10,153,96,330,19,76,49,485,294,10,10,143,123,294,52,339,342,137,19,347,60,127,84,147,80,349,106,146,68,10,311,168,84,227,143,558,107,301,161,96,47,51,167,119,4557,368,208,69,193,745,65,111,189,45,73,57,103,985,197,184,227,183,2415,398,239,10,664,1088,1460,101,1221,96,86,46,96,73,114,165,246,134,193,116,93,128,951,37,81,154,76,295,119,76,248,1896,240,1445,52,68,143,20,10,105,41,107,114,187,90,129,24,65,84,273,35,149,37,215,10,99,92,66,168,82,10,31,223,10,382,14,103,366,54,342,249,306,10,10,10,135,57,430,269,104,94,53,10,412,308,355,216,394,587,363,61,113,333,93,197,10,139,314,828,983,145,55,10,259,347,95,73,252,171,39,11,113,1074,423,33,229,102,377,477,101,4040,10,63,9323,1881,10,120,218,232,624,560,37,184,49,132,328,180,1500,219,106,341,325,15,4547,213,92,160,109,199,268,45,10,901,73,316,1149,504,1221,71,10,24,221,558,467,10,"N"
34,257,300,301,408,312,208,253,486,174,1239,430,319,543,284,57,474,322,534,147,194,390,179,663,695,2245,175,271,170,443,133,299,701,132,1015,224,154,228,1702,230,459,296,486,183,264,424,352,536,565,25,246,122,278,376,306,291,306,942,186,32,265,466,188,64,126,148,845,318,734,459,608,104,160,589,351,292,451,158,480,384,403,746,163,65,439,136,241,232,261,170,219,50,62,68,2037,96,348,102,191,103,319,10,68,22,10,178,19,186,207,190,196,19,10,150,201,208,10,159,118,430,179,10,10,87,10,68,216,210,345,190,48,132,413,107,30,139,13,296,101,87,151,139,207,80,26,417,822,574,106,235,63,104,90,542,251,180,10,496,355,73,10,497,281,117,152,132,128,68,270,10,510,102,174,301,12,530,118,239,10,792,798,699,2005,116,133,401,142,292,305,123,213,98,172,42,75,106,502,586,27,86,21,239,138,73,174,1428,676,10,105,193,138,28,26,10,389,59,104,122,19,81,30,53,65,193,55,615,203,121,303,193,48,27,118,57,17,68,203,10,3145,75,96,337,130,450,130,446,145,65,10,77,100,256,311,39,16,58,582,350,230,145,186,38,376,189,37,168,336,154,140,74,278,278,933,950,164,131,68,267,192,39,63,204,74,197,77,10,676,260,252,153,91,279,526,423,2190,148,14,130,13,57,13,33,189,300,1508,10,125,109,354,451,287,1289,176,407,183,269,48,3659,29,62,192,157,241,1466,53,10,10,96,60,692,257,690,19,212,414,173,1277,10,44,"N"
10,130.1,412.6,503.4,198.6,471.9,445.3,610.1,788.4,260.1,376.7,578.3,358.9,649.6,386.6,55.8,379.9,388.8,848.3,152.1,177.4,432.6,132.7,611,704.6,2185.8,143.6,269.7,134,355.1,281,470.4,894.2,255.4,1295.8,273.1,154.2,234.5,2085.6,154.7,428.2,312.7,588.7,279.3,339.2,396,429.6,687,595.3,72.8,138.2,178.2,156.2,371.7,215.9,319.9,427.6,1210,417.3,95.8,699.7,856.9,192.7,82.5,194.9,312.2,531,249.5,954.5,591.3,572.1,202.1,115.5,907.5,139.6,114,693.6,198.5,251.1,406.5,239.9,487.4,131.1,46.3,575.1,123.7,97.6,213.3,63.2,144.3,312.7,137.3,166.2,126.7,1416.7,110.5,237.8,160.4,156.6,114.5,190,1120.3,53.5,76.1,62.2,134.5,17,127.1,238.9,154.9,164,255.2,11.3,108.1,148.2,181.3,28.6,76,60.2,10,156.8,44.4,42.2,98.4,304.7,199.9,71.2,219.1,295.8,178.8,85.8,139.6,171.5,151.9,105.6,180.8,148.3,279.4,156.7,95.6,171.4,100,243.5,162.5,235,615.4,230.3,687.9,104,188.8,173.8,229.7,105.5,242.1,280.2,171.4,2837.4,514.9,500.4,131.8,283.5,572.7,92.1,142,246.1,108.4,142.4,76.9,662.3,1124.1,494,160.5,153.7,303.8,1343.5,625.2,236.9,81.1,1138.2,914,1009.8,191.7,1039.7,136.5,90.5,44.2,113.3,121.9,86.9,146.8,237,117.7,204.8,226.6,120.9,121.1,675.8,257.9,150.7,122.1,140.3,191,248.8,109.6,194.5,1348.3,671.2,15.1,102.5,156,163.7,100.3,90.7,239.5,215.5,168.9,81.5,166,116.9,149.9,83.6,116.7,92.3,251.7,212.5,162.4,110.5,503.2,13.8,143.1,192.2,132.7,218.9,75.7,229.4,178.8,115.9,44.2,1135.9,63.8,143.3,243.2,188.1,515.3,136.3,222.6,10,10,126,106.2,136.5,246.2,37.1,104.8,195.7,97.6,122.1,286.8,180.8,97.3,145.9,457.5,383.1,140.5,118.6,172.9,746.5,197,135.5,90.9,81.2,242.4,958.8,1624,113.4,99.8,106.8,290.2,230.6,280.1,94.9,194.7,148.7,88.2,114.3,114.9,817.1,394.4,84.9,142.8,108.4,593.9,348.2,137.2,1719.4,149.9,129.1,5783.1,1481.1,157.1,150.8,256.2,410,517.9,716.5,52.1,203,158.9,223.5,597.3,327.2,1966.4,113.5,220.9,597.6,253.8,90.3,2219.9,217.5,85.7,130.3,128.3,130.1,752.7,129.3,196.3,1581.4,116.9,494.2,922.1,370,928.1,202.5,67,93.3,295.7,506.3,765.5,30,"N"
313,1178,454,667,10,500,665,574,753,289,1184,480,575,740,426,62,367,468,1017,281,256,593,203,973,1007,2053,324,464,52,687,363,546,608,365,1133,398,28,61,1740,69,429,488,601,320,480,432,480,848,584,119,546,50,81,599,16,413,587,932,498,222,560,794,246,156,144,317,779,73,1119,609,606,589,72,823,914,627,537,200,1099,798,554,757,174,167,776,42,179,417,79,178,319,232,96,14,1713,41,731,320,643,730,760,18,229,300,284,43,18,47,359,46,318,42,10,76,32,91,10,34,27,65,54,15,21,22,56,87,447,74,104,58,172,85,774,136,147,336,68,304,84,171,171,122,315,315,58,385,1010,505,117,70,152,277,216,190,172,167,425,610,598,275,15,564,529,168,248,158,252,82,411,90,683,139,219,457,128,732,83,279,186,868,1067,1017,1589,129,158,84,271,933,636,139,221,203,187,82,72,155,742,471,26,266,10,50,149,146,313,1128,900,10,168,417,151,83,102,15,109,120,188,178,94,148,86,156,115,759,68,311,331,178,39,187,69,64,155,244,10,91,73,37,2543,117,149,94,219,813,23,577,163,195,10,130,130,364,327,96,32,83,843,87,84,10,49,104,459,52,98,135,521,278,49,283,266,107,826,2432,33,133,104,235,75,109,121,62,33,436,108,12,812,448,98,335,163,941,111,135,399,332,21,933,225,580,40,33,348,691,440,39,168,141,538,691,425,2744,50,1629,176,183,253,877,146,96,51,180,60,1705,81,10,255,85,832,1145,428,862,37,58,79,328,745,75,238,"N"
216,460,451,611,221,580,549,694,697,341,763,527,498,531,396,192,298,386,983,259,174,418,150,912,1077,1878,210,371,134,684,373,429,744,405,1115,379,128,173,1978,146,401,403,511,294,373,441,587,730,549,75,205,134,125,395,173,360,537,988,475,198,473,885,188,90,62,287,630,206,835,541,569,419,129,867,299,231,594,242,501,658,412,789,152,91,566,94,155,295,158,120,321,133,208,157,1372,62,425,299,337,387,400,10,86,172,127,75,55,114,400,147,209,178,10,80,120,161,16,208,30,18,134,55,65,68,398,254,114,183,298,153,88,155,361,139,132,236,110,298,161,113,230,92,241,214,121,415,318,569,95,160,175,193,109,260,186,129,2552,419,344,174,307,653,236,170,220,299,177,74,232,801,429,140,154,302,1022,633,271,109,862,855,974,268,1299,103,107,94,134,403,205,101,218,122,178,143,101,135,606,269,128,127,94,177,187,127,218,1117,720,10,160,222,124,95,113,226,190,164,98,152,98,112,66,99,95,398,117,239,107,418,56,177,128,93,196,110,10,110,135,27,1707,85,127,189,117,599,166,392,10,149,39,102,155,211,203,62,184,153,388,258,162,142,129,376,394,118,113,130,615,197,117,136,107,225,860,2060,66,120,72,267,116,191,85,174,147,268,100,55,822,451,72,273,144,979,256,246,1168,222,114,4362,1523,164,327,444,366,666,630,366,163,99,459,594,370,2317,91,744,366,197,221,1651,194,163,132,200,63,1295,152,10,1085,104,533,1050,426,799,174,57,84,328,956,786,74,"N"
169,553,664,789,29,821,629,609,1158,407,1020,660,516,838,368,219,573,564,1199,259,325,563,299,1069,1272,2109,234,630,55,818,309,629,748,500,1180,371,166,42,2157,64,572,353,643,400,437,527,654,899,614,102,308,23,86,540,47,496,712,1117,584,210,459,973,249,95,151,297,855,43,1340,672,686,418,70,1033,410,301,719,230,612,710,596,944,142,107,751,30,130,508,285,233,419,240,205,30,1586,47,397,272,206,121,267,53,185,155,145,33,68,50,341,43,207,10,10,52,69,58,15,22,247,90,23,116,103,38,641,25,131,61,78,33,139,71,288,160,175,260,102,322,202,134,174,128,328,258,154,593,641,856,142,75,167,268,177,179,234,131,2858,631,648,232,395,802,182,190,307,151,232,95,491,1130,410,147,283,423,731,705,55,206,961,1057,778,502,1084,129,114,83,168,321,276,153,223,154,182,188,261,173,737,404,176,222,145,38,207,144,215,1149,760,10,176,240,185,88,171,179,285,211,126,243,75,174,173,121,128,365,321,151,153,546,21,157,172,114,214,226,144,149,80,34,1479,108,158,77,257,773,10,379,110,195,82,149,142,420,383,106,198,128,391,87,84,10,46,536,488,41,119,206,728,202,51,176,157,103,553,1844,50,179,95,251,42,19,167,52,119,134,123,265,808,492,169,279,107,924,52,110,74,210,139,4079,1630,296,220,259,450,719,475,247,197,143,455,624,443,1902,44,506,482,259,209,347,221,145,63,404,34,876,255,122,1167,143,389,985,445,904,81,99,108,326,946,1017,211,"N"
10,20,16,10,1085,10,10,10,10,10,10,65,34,10,10,10,10,10,13,10,20,74,10,180,31,197,25,10,360,21,21,10,76,10,41,10,10,568,174,550,10,41,100,10,39,10,57,10,47,10,10,601,388,18,1163,61,10,10,20,10,10,10,10,14,102,53,71,802,101,10,66,10,397,19,10,10,67,10,24,38,22,10,44,10,23,383,339,10,154,10,26,26,17,421,457,555,10,10,20,70,19,10,10,10,10,394,10,459,54,574,23,31,10,380,204,494,10,799,56,584,441,10,10,408,10,662,10,710,696,477,10,632,10,10,10,10,10,19,83,10,29,106,16,21,31,46,43,137,10,524,28,44,10,10,45,69,10,37,55,10,10,10,41,10,27,10,10,10,10,21,40,25,24,10,10,10,374,10,30,11,18,82,299,10,55,26,10,10,10,13,43,10,10,15,64,27,10,55,86,10,10,589,19,10,10,512,78,10,37,41,27,10,10,10,10,10,12,10,10,10,10,10,15,12,10,35,53,10,10,113,10,59,51,10,10,10,439,10,49,10,25,1002,10,12,747,42,10,10,10,10,45,10,114,10,10,10,10,468,592,297,561,12,41,741,10,31,101,44,435,10,16,685,41,57,442,10,243,26,380,755,10,550,10,10,10,10,10,39,10,36,10,105,1516,13,9196,10,10,167,14,10,67,326,16,33,124,10,16,13,10,10,10,29,466,10,17,10,28,7800,10,25,344,124,58,29,13,10,30,32,25,16,10,94,10,77,10,10,10,10,10,"N"
10,88,53,30,412,129,121,121,438,35,275,312,259,338,131,94,364,282,348,75,95,490,46,122,178,2194,49,142,276,51,67,128,512,10,1196,135,107,307,2469,294,395,204,373,239,195,297,76,475,382,10,68,164,330,141,441,260,20,1254,60,10,279,114,173,20,199,300,344,418,725,346,382,10,169,838,74,111,476,122,21,81,155,374,77,38,346,182,32,98,72,62,115,53,10,252,1991,268,189,10,54,27,271,10,17,10,10,179,172,243,199,267,71,17,10,296,240,331,19,227,96,315,270,70,69,126,44,12,10,440,576,247,10,293,185,133,23,108,100,205,51,57,55,177,168,61,67,616,390,360,116,323,141,69,87,93,225,202,2948,559,385,58,227,443,109,104,178,46,204,47,367,518,686,134,83,281,1109,718,388,188,933,490,753,98,1920,49,65,10,140,16,24,223,201,97,147,109,61,134,501,335,75,125,63,272,212,10,227,1598,744,225,68,189,118,95,70,40,144,10,67,98,39,119,16,113,71,246,74,376,54,419,10,160,124,10,137,64,57,129,255,17,2241,10,130,400,137,37,275,335,50,10,63,78,110,334,353,89,98,103,140,419,322,300,255,384,233,261,24,140,450,101,194,10,122,331,979,81,149,10,76,306,271,389,90,368,157,28,49,82,533,84,10,173,83,35,418,150,3802,57,49,7064,379,40,42,57,120,44,831,10,156,140,155,614,84,346,219,61,271,197,40,5049,90,178,355,116,68,841,10,89,1237,79,25,210,150,841,76,18,15,145,1116,106,10,"N"
155,448,525,736,10,642,626,573,977,416,674,554,492,719,419,239,459,443,988,270,247,556,217,908,1009,1703,274,543,37,580,390,553,683,452,997,376,102,41,1510,52,410,393,571,323,393,454,586,864,536,138,254,30,33,602,54,403,689,978,573,278,541,793,275,163,95,225,626,69,1070,663,562,522,66,865,73,73,611,242,494,741,433,655,156,96,728,36,109,302,23,176,332,272,371,12,1027,16,227,335,138,117,120,152,251,334,267,21,10,38,312,38,170,544,10,32,52,40,106,28,18,79,21,10,10,41,385,19,51,63,80,43,119,60,132,174,246,251,212,284,223,122,205,83,306,307,335,560,269,678,133,53,217,243,168,240,186,160,2466,411,366,262,503,705,138,229,290,96,195,146,323,1308,413,225,238,448,1078,549,72,95,946,783,790,151,551,155,147,82,134,81,169,120,227,123,232,324,200,161,718,205,298,288,243,37,226,168,196,1006,665,10,198,158,119,180,172,487,257,232,114,229,150,173,201,176,119,289,547,267,86,540,49,120,204,197,294,257,95,131,46,73,591,118,186,69,249,703,13,271,65,400,116,136,126,285,240,152,441,127,79,74,72,25,38,877,429,39,116,208,671,226,40,229,97,110,579,1860,37,149,161,259,69,17,168,40,101,73,158,305,756,504,166,221,126,1044,63,181,166,258,191,3597,1849,289,741,902,429,607,429,618,200,137,412,518,408,1983,40,190,477,253,276,473,280,163,36,285,29,324,343,115,1130,130,700,1001,398,757,115,190,224,291,1234,1197,107,"N"
136,453,450,688,10,730,633,626,842,335,1489,652,531,542,347,89,518,398,1052,213,187,276,253,1033,1309,1541,156,375,110,735,387,671,726,431,921,359,63,70,1885,68,456,392,482,395,296,396,559,681,414,136,498,61,25,648,81,290,715,1014,558,201,276,959,175,161,149,311,840,109,997,523,454,377,82,773,60,55,523,161,544,573,487,923,213,92,576,58,143,309,21,221,449,287,177,80,1462,37,698,242,119,95,141,1267,167,206,208,10,10,56,281,66,330,81,10,73,76,99,40,94,278,103,54,11,10,33,66,100,65,139,178,64,147,89,132,143,131,406,84,224,141,78,227,127,235,237,159,462,467,663,152,89,141,293,122,299,133,132,845,384,393,236,35,630,176,162,176,206,191,122,335,146,663,134,230,338,373,554,82,179,386,902,801,247,596,140,94,149,158,34,159,174,171,79,187,275,152,114,566,233,201,182,16,80,205,81,149,961,1268,13,166,129,144,127,239,84,141,151,79,182,133,95,90,171,99,247,77,549,136,438,170,218,130,152,175,233,13,146,102,22,404,139,120,124,298,567,93,135,107,1389,156,101,134,301,224,258,106,135,132,113,114,10,73,209,413,59,157,211,523,186,83,181,75,167,500,1771,44,176,118,170,119,141,99,80,146,32,147,20,721,387,173,392,135,912,81,120,241,142,116,1873,513,179,98,127,475,482,926,67,212,136,459,476,504,1709,63,28,673,281,254,584,202,137,74,313,85,271,212,11,568,190,417,799,362,643,188,178,214,249,2691,164,193,"N"
204,625,539,641,10,568,463,602,782,391,1338,676,491,689,252,293,495,416,922,211,126,364,253,960,1347,1567,154,430,38,735,319,504,721,372,846,245,47,74,1459,105,572,526,437,475,265,446,603,554,567,113,338,61,81,422,149,223,637,1063,464,174,421,784,185,70,356,289,994,89,895,501,414,296,82,603,655,267,496,107,638,768,357,824,190,115,506,60,190,277,114,227,370,223,266,82,1727,38,545,255,223,334,327,31,135,212,221,43,16,90,303,105,297,12,10,93,84,99,29,74,31,104,95,44,48,22,378,55,264,124,167,50,73,59,451,144,160,270,79,285,202,94,382,200,143,168,99,629,701,593,116,85,152,276,78,126,139,143,1838,632,602,263,191,619,215,130,179,215,328,79,765,628,768,122,227,380,703,708,117,284,541,945,749,924,1143,139,151,49,141,363,305,133,203,179,108,113,169,138,562,414,160,96,105,59,220,157,187,1009,1030,207,212,315,126,117,154,216,110,193,77,208,127,126,108,85,116,318,175,187,215,391,18,320,151,105,160,211,24,105,106,23,1716,133,136,118,459,603,34,354,61,582,67,124,142,380,267,119,107,204,687,136,102,10,78,419,483,71,133,189,606,148,49,245,87,127,416,1538,14,163,117,188,113,34,124,90,160,176,53,89,735,348,95,283,167,914,152,56,586,222,72,2848,1026,415,277,390,353,423,601,187,202,124,346,560,500,1608,67,652,384,203,184,993,221,91,57,389,63,1296,259,35,791,144,704,836,460,690,87,46,66,200,1595,647,413,"N"
10,34,10,10,46,10,46,10,10,16,21,72,93,10,10,10,78,55,62,10,30,130,54,159,92,377,18,10,293,10,10,13,10,10,153,10,27,778,198,758,10,39,139,10,18,10,41,10,46,10,10,423,158,31,1002,90,10,23,10,10,10,10,49,23,26,10,59,765,152,16,99,10,354,33,10,10,103,10,10,16,23,10,33,10,53,356,249,10,124,10,12,10,10,352,401,463,10,10,10,31,44,10,10,10,10,328,10,373,43,524,24,94,10,323,211,508,10,629,174,65,398,10,10,257,26,658,17,395,677,408,10,644,52,19,10,10,10,65,97,10,42,58,23,17,16,104,71,192,57,617,42,10,10,10,81,93,74,36,50,10,10,23,10,10,49,11,15,10,10,14,147,36,22,65,52,62,394,10,93,10,36,121,716,18,47,161,21,10,10,42,39,10,36,12,48,27,16,90,44,10,10,541,28,10,52,531,302,10,32,27,31,17,10,10,10,10,10,10,22,35,10,37,19,28,10,224,49,49,10,141,10,10,53,10,12,10,430,10,214,10,34,708,10,25,598,106,10,10,10,41,40,10,10,10,10,14,10,422,526,18,438,53,54,609,16,10,130,28,361,10,21,553,159,61,373,10,10,139,585,125,10,518,10,20,10,10,10,36,10,10,14,124,1286,100,4932,10,10,1053,10,10,78,280,10,22,605,10,15,10,13,90,50,47,534,10,71,35,10,5984,10,27,440,60,111,142,10,10,55,29,10,10,10,135,23,50,74,36,249,10,10,"N"
10,10,10,10,10,10,233,10,18,17,26,157,10,212,26,10,298,138,134,10,110,483,97,229,186,1299,10,21,292,15,10,10,103,10,520,62,197,445,507,425,29,84,331,335,196,90,34,116,149,10,14,237,267,20,644,271,10,448,10,10,13,10,97,37,36,260,135,471,412,136,211,10,330,534,10,49,353,10,31,21,31,169,143,18,187,302,246,146,163,41,32,25,24,377,1195,245,73,10,12,18,158,10,10,10,10,274,10,447,10,484,63,136,28,79,452,495,27,435,355,346,439,10,10,296,63,120,43,401,589,273,10,589,166,107,21,16,45,180,109,10,22,10,191,61,126,286,144,332,49,418,114,58,79,96,90,219,1174,68,29,10,113,137,41,19,127,10,55,10,117,147,597,132,46,232,453,484,441,59,981,77,122,128,1820,100,36,198,76,10,10,138,319,43,195,48,73,100,132,172,73,74,10,514,80,10,219,1056,347,27,36,127,141,41,10,49,46,13,13,10,11,67,10,84,48,92,10,162,43,283,10,84,106,36,59,10,22,101,407,14,812,10,115,610,22,10,162,296,32,10,10,18,55,211,55,10,73,25,10,675,526,10,388,376,86,364,10,63,161,46,312,10,63,447,673,17,356,10,10,350,432,480,42,431,10,10,22,37,76,19,11,86,55,96,942,130,7016,10,38,4024,56,10,93,89,73,10,994,10,71,107,63,415,10,43,389,10,103,245,11,9220,10,74,439,10,169,249,10,10,503,76,15,10,10,552,80,10,40,90,589,10,10,"N"
10,103,10,10,680,10,10,10,10,19,141,10,10,10,10,10,10,15,91,10,10,45,29,36,315,10,34,10,377,10,10,10,10,10,12,10,10,589,204,600,10,33,10,10,20,10,85,10,30,10,10,437,607,42,795,10,10,10,10,10,10,10,24,10,92,10,94,664,10,15,18,10,376,10,10,10,10,10,11,36,10,19,10,10,10,380,203,10,105,10,10,17,15,206,23,606,68,38,10,48,21,10,10,10,10,594,10,559,60,530,33,61,10,316,200,681,10,716,24,1115,400,10,10,302,10,631,10,540,618,337,10,717,10,27,10,10,10,10,97,10,23,76,10,10,25,10,39,10,10,757,32,10,10,10,19,164,10,10,21,10,10,10,17,12,20,10,10,10,10,10,10,10,10,10,10,10,388,10,25,20,10,93,10,10,133,10,10,10,10,17,10,10,10,10,10,10,10,10,59,10,10,634,10,10,10,130,10,11,12,10,10,10,10,10,10,10,10,10,10,10,10,16,10,31,10,35,48,10,10,198,10,59,10,10,10,10,476,10,10,10,10,877,10,10,360,10,10,10,10,41,41,10,108,10,10,10,10,972,612,186,483,10,52,729,10,32,105,27,395,10,14,612,10,55,493,10,61,10,272,176,10,554,10,29,10,10,18,10,10,31,10,10,382,31,6405,10,10,283,14,10,66,298,10,36,10,10,14,10,10,10,10,51,423,10,48,10,18,8369,10,10,782,37,88,10,10,10,22,10,14,19,10,23,17,10,68,21,10,10,10,"N"
10,133,182,123,30,300,147,158,240,91,386,482,141,441,58,123,376,207,387,95,88,391,79,187,361,2210,17,66,271,260,54,101,643,60,835,146,162,404,2436,268,422,177,371,401,164,264,183,185,354,10,44,289,236,250,362,233,87,1103,77,10,134,391,87,30,99,196,406,458,884,252,419,10,176,671,160,189,336,59,119,107,327,677,142,53,286,163,221,164,219,92,183,52,65,210,2638,139,308,20,42,43,299,10,10,10,10,162,217,284,140,369,95,87,10,186,274,326,10,10,13,296,217,90,112,104,70,16,94,473,552,299,10,189,439,101,10,85,62,259,130,24,167,89,133,26,54,516,643,676,90,327,67,109,63,155,234,184,1411,748,752,62,103,260,103,80,111,72,140,20,298,121,651,67,126,259,59,548,445,192,258,502,578,464,2642,119,102,236,94,164,99,105,208,100,193,53,83,87,396,539,58,73,10,280,129,27,182,1531,1362,10,76,134,135,86,25,41,314,52,61,99,47,91,33,86,89,162,45,544,148,249,186,98,77,10,112,43,15,115,230,10,3356,25,109,439,199,141,220,329,10,18,19,90,118,339,648,72,39,132,280,465,301,377,255,82,225,236,33,105,203,85,204,10,293,370,762,196,125,67,78,360,200,433,73,294,133,40,57,22,511,88,137,114,94,36,579,215,3242,103,14,3580,240,112,84,247,197,61,2004,10,183,171,251,476,174,527,199,149,224,220,18,3305,65,131,192,155,250,1448,13,17,223,81,20,211,160,619,52,10,115,130,1832,45,60,"N"
240,827,429,571,166,495,423,450,658,244,1332,481,362,641,337,130,500,374,1005,241,168,416,177,950,1150,2295,144,362,70,541,224,523,685,300,985,218,91,138,1619,90,376,338,488,327,339,374,492,794,541,98,458,93,144,523,107,308,468,938,400,145,391,778,169,110,110,257,952,46,1115,532,470,326,22,861,803,585,516,173,1088,744,497,1111,240,135,527,54,30,329,79,181,309,111,102,29,2370,63,645,200,432,452,571,10,136,157,142,99,44,98,247,41,230,18,10,59,94,114,10,26,134,101,68,18,26,100,22,10,482,178,224,78,51,91,609,119,119,266,27,295,77,127,209,157,186,185,42,615,900,489,118,112,101,285,135,689,210,203,159,583,615,236,10,520,459,179,142,162,254,82,357,58,665,111,211,462,20,483,119,408,44,875,761,1315,1921,136,153,245,230,386,575,142,182,146,126,48,65,116,677,851,28,185,10,61,151,101,251,1088,870,10,143,393,124,72,80,10,343,110,123,174,56,122,85,129,97,385,100,549,398,205,221,168,60,60,144,200,10,97,98,25,3349,117,125,158,337,668,48,590,245,287,16,116,161,357,316,54,10,85,1132,156,110,10,81,51,451,78,78,148,436,185,87,269,268,128,575,2007,45,152,139,229,160,49,113,90,93,316,135,10,713,392,212,433,98,727,138,344,313,259,16,487,103,219,20,29,319,491,876,10,188,143,447,365,446,2273,76,1110,308,174,135,896,123,106,80,212,94,2114,72,10,62,82,378,832,392,714,21,320,379,118,1307,22,143,"N"
22,192,359,432,10,667,176,594,886,209,914,554,553,684,332,311,445,472,687,258,272,491,246,592,901,1694,255,534,33,380,256,601,758,372,958,355,180,29,1270,52,519,427,583,287,396,407,429,940,535,101,345,42,44,600,36,336,530,1067,567,145,389,775,323,186,175,311,667,65,936,571,435,273,11,863,660,353,599,262,305,482,447,661,125,138,638,39,20,290,82,205,415,203,180,19,1535,14,402,262,340,237,484,228,169,143,132,27,132,29,344,38,272,113,48,20,20,58,23,10,247,11,19,100,98,65,368,68,257,40,47,37,129,54,361,193,135,316,134,327,216,167,115,37,351,300,184,644,693,572,178,47,184,204,220,520,218,195,1465,592,612,257,171,684,387,159,278,230,307,100,442,578,624,239,288,487,721,811,52,363,574,964,725,436,792,181,172,187,224,225,212,223,247,217,184,142,160,196,743,369,88,219,70,31,203,85,238,911,745,10,173,263,202,170,108,204,239,115,152,239,119,192,149,219,151,506,130,284,270,355,193,181,136,95,206,201,80,128,56,64,1590,157,229,59,275,600,41,461,161,128,53,120,200,355,284,71,140,142,364,70,10,10,41,361,440,37,115,167,687,226,34,361,207,22,321,1445,10,112,219,356,46,58,167,29,139,205,115,113,753,416,233,314,63,446,37,154,51,260,144,2750,757,316,48,57,315,420,562,10,266,204,353,632,241,1255,26,385,450,325,150,126,259,188,39,172,192,1031,74,105,674,115,399,839,391,730,249,59,151,224,1021,328,172,"N"
302,737,584,785,10,860,683,676,898,507,661,657,470,530,353,167,451,494,1102,269,308,434,288,896,1139,1506,248,620,15,761,474,509,571,683,882,350,244,10,1637,10,405,371,485,343,379,493,623,801,469,185,262,15,12,534,21,417,769,793,660,435,413,883,239,160,82,226,542,55,1010,645,545,564,58,727,269,207,534,257,519,763,638,868,196,131,589,26,35,474,220,221,376,253,284,18,1305,17,353,315,316,189,271,85,299,284,251,10,77,19,307,22,219,437,10,10,59,35,97,25,43,47,22,105,94,10,397,76,152,10,10,10,190,42,246,182,230,231,188,223,229,130,121,178,299,300,282,390,296,541,158,39,188,291,172,265,131,140,2195,436,383,248,518,639,173,207,210,116,230,147,322,1211,298,208,245,350,1060,654,10,122,961,837,598,346,608,151,112,97,142,275,214,101,218,153,169,233,285,187,594,269,304,276,234,16,230,221,176,772,524,43,144,172,138,94,245,310,202,286,107,220,175,164,179,110,129,319,408,163,130,641,61,123,148,230,235,228,51,155,20,92,1012,168,161,34,205,654,10,244,51,142,203,136,147,264,253,114,394,134,331,48,29,10,34,620,470,19,154,139,698,174,54,227,91,36,357,1728,10,187,71,209,39,19,156,21,110,151,115,299,639,496,130,276,143,1160,13,95,18,288,72,2964,1502,257,840,1204,531,581,370,1166,197,133,564,543,474,1612,23,496,502,282,325,66,232,245,19,505,64,613,529,111,968,142,693,933,337,680,190,157,202,224,537,1109,189,"N"
10,29,101,82,342,255,156,325,664,41,515,357,380,545,305,10,445,417,485,146,132,582,55,110,237,2750,103,253,144,112,98,262,917,54,1383,281,132,359,3006,260,463,319,643,327,303,315,144,818,530,10,230,266,124,321,360,271,175,1474,193,10,403,400,184,76,144,392,404,346,951,579,680,28,16,1049,322,186,780,82,172,158,264,499,92,69,457,145,124,196,52,133,153,66,31,85,2051,183,334,40,294,119,553,21,22,10,10,192,10,179,306,180,166,96,10,158,197,265,25,215,52,10,223,10,10,95,143,290,53,215,240,181,38,266,328,177,57,202,92,291,129,115,145,156,242,108,84,649,499,642,94,280,129,144,112,186,345,220,2161,604,456,116,213,643,256,136,233,249,252,40,430,537,651,164,138,396,1233,846,202,232,638,907,979,201,2139,88,103,28,165,44,31,232,267,156,152,104,68,176,658,413,80,142,10,245,203,23,244,1608,975,73,91,242,178,128,69,58,115,14,96,180,62,159,10,119,109,546,75,533,130,319,10,67,112,29,174,45,37,126,208,28,3277,71,157,341,182,185,188,404,47,10,88,89,151,298,577,35,62,91,217,383,266,18,173,306,397,206,52,167,841,180,141,131,216,309,766,611,123,10,123,371,161,42,102,262,149,93,51,40,842,232,56,152,80,66,502,111,2703,84,37,5138,478,61,46,97,158,217,764,10,212,181,212,705,104,1241,145,325,234,228,14,2871,204,220,229,117,198,1616,15,23,877,61,63,607,335,1008,137,15,44,154,1242,143,97,"N"
233,827,637,753,174,579,686,541,825,359,1321,572,601,805,340,220,509,475,1185,280,183,603,234,1089,1458,2308,179,482,85,636,357,545,711,419,1100,408,120,62,1781,85,479,494,606,332,347,486,630,904,618,113,319,58,100,592,91,322,575,981,513,194,528,960,263,137,178,272,927,120,1053,589,473,438,73,951,476,304,533,208,842,807,592,1155,142,126,679,53,234,362,185,174,386,275,139,31,1971,34,456,300,308,320,437,10,195,256,221,57,46,63,315,52,289,16,10,40,24,63,39,39,25,146,17,76,66,47,199,20,219,128,172,66,123,99,430,153,157,256,75,272,97,134,211,152,214,259,97,582,921,637,141,65,101,251,127,454,189,177,1568,541,610,228,292,634,271,138,199,200,244,78,561,379,622,130,265,443,494,868,88,232,457,1017,984,852,1302,155,131,228,161,496,417,149,196,163,162,106,113,144,752,440,91,186,46,65,171,182,213,1242,883,10,139,255,185,120,102,100,188,144,127,188,151,126,98,98,118,442,90,388,214,286,167,220,100,59,157,247,25,110,96,33,2184,119,126,129,327,842,38,387,99,142,55,145,123,409,379,90,109,106,576,122,97,143,67,283,463,66,158,141,644,192,62,259,223,142,493,2488,39,151,122,209,128,30,107,70,41,210,130,76,786,485,227,237,160,986,121,178,242,276,68,2866,646,340,89,137,351,589,656,123,200,132,526,689,478,2477,71,788,393,285,261,1032,171,93,68,252,163,1224,138,41,553,100,601,1082,538,842,95,203,224,207,701,357,201,"N"
278,513,623,658,10,753,461,515,730,440,743,664,413,537,217,476,485,455,692,215,224,302,361,787,1055,1068,134,331,11,744,351,527,601,550,700,302,46,10,991,10,519,298,406,411,323,389,557,539,452,221,325,10,14,552,20,291,675,810,492,200,266,753,193,132,132,275,740,38,734,465,382,315,56,679,420,236,487,191,461,592,650,625,203,144,409,16,70,358,974,309,362,192,116,23,1087,17,574,244,164,90,160,185,146,167,138,10,322,11,262,16,246,340,10,29,10,28,86,22,948,11,25,500,477,10,193,65,215,10,10,10,99,34,240,222,122,240,101,310,158,133,129,297,170,181,222,364,461,500,183,14,101,305,188,643,170,128,1137,508,486,231,133,553,196,204,206,237,281,122,598,475,446,164,287,368,466,636,16,259,393,775,533,622,564,143,152,417,131,160,297,162,168,167,152,118,322,160,467,327,124,227,102,10,221,147,200,630,551,50,201,143,188,103,212,270,426,317,110,231,152,119,133,97,130,176,99,250,212,357,490,255,115,101,169,232,95,124,89,52,840,159,187,32,199,608,10,260,172,520,78,146,150,366,237,105,234,182,402,37,16,10,10,241,492,22,155,134,583,136,36,196,133,10,268,951,10,239,175,213,194,44,129,18,147,123,131,163,586,383,291,280,224,796,10,177,11,176,52,1556,775,550,268,353,416,479,688,290,227,157,459,505,469,962,10,294,564,274,227,31,207,313,22,393,453,581,250,124,466,218,461,645,362,615,247,439,494,205,978,437,228,"N"
337,122,901,543,10,990,894,1009,1483,637,1270,1070,769,954,529,348,184,749,1270,464,89,584,466,1382,2030,2398,305,971,33,1117,683,694,930,911,1338,615,231,36,2201,60,574,662,793,419,541,759,1019,1084,787,130,226,28,46,197,41,543,1302,1471,616,236,640,980,442,39,38,345,1203,82,1353,799,705,757,59,1310,574,337,865,263,222,949,611,1001,136,104,989,42,137,625,64,84,185,226,160,52,1992,29,380,579,230,138,232,746,106,99,96,17,17,49,490,47,263,285,13,10,26,46,35,30,300,13,22,82,83,27,322,54,140,68,105,45,174,60,171,184,303,308,193,511,145,239,284,207,366,373,163,416,240,1027,205,58,141,261,163,63,146,79,2877,424,509,144,271,1128,96,243,295,87,269,118,635,1226,383,318,482,258,1205,709,99,36,557,1512,1183,165,850,168,232,49,125,207,389,249,247,258,262,142,380,228,1078,127,395,387,341,73,197,238,301,1256,644,21,103,183,224,46,614,607,62,355,198,410,168,220,172,72,211,457,114,120,78,512,18,215,164,248,267,375,166,71,70,19,615,75,194,60,275,1045,14,297,67,236,17,274,85,546,358,227,300,191,119,79,74,77,46,288,650,30,271,67,811,100,45,141,129,34,514,2055,25,215,46,293,59,87,85,57,161,52,68,309,1173,878,52,441,203,1406,63,109,196,57,141,3581,2204,210,612,740,483,971,478,981,288,51,514,595,517,2134,43,320,476,428,75,499,396,165,35,326,51,378,346,252,753,168,904,1348,926,1127,235,22,22,352,804,1132,213,"N"
10,13,28,10,52,10,143,10,430,34,141,347,241,306,338,10,45,333,106,36,41,199,105,326,265,2437,138,286,311,129,89,13,750,17,1422,218,160,608,2526,487,37,196,663,89,100,354,127,725,507,10,10,394,409,23,877,433,103,1236,10,10,140,57,218,12,10,60,184,703,735,102,568,10,342,929,10,30,797,10,24,133,25,103,56,10,364,360,236,20,126,24,41,11,27,334,495,243,10,40,10,28,40,10,10,10,10,349,10,396,71,412,50,91,10,267,369,470,10,697,49,374,619,10,10,165,43,184,10,362,510,262,10,557,29,42,10,41,18,304,103,71,34,31,92,33,26,76,43,263,74,421,28,72,38,10,77,110,1035,127,87,10,10,422,33,143,139,14,26,10,48,90,88,124,134,55,819,49,232,10,182,821,1100,85,155,10,101,10,35,10,39,152,155,10,91,12,80,58,714,32,84,141,10,424,28,10,170,2277,126,10,26,67,132,10,10,10,10,10,69,119,10,67,35,27,28,49,10,86,41,42,10,127,20,53,32,25,29,10,430,10,135,10,41,734,10,72,664,113,10,10,10,76,14,220,68,14,31,142,10,772,460,227,439,41,260,553,53,27,102,41,316,10,25,440,283,78,346,10,10,194,509,155,10,624,10,12,10,21,740,177,10,86,23,72,756,23,5119,10,10,3558,216,10,83,288,58,238,135,10,44,10,22,63,43,143,352,10,62,69,10,5936,104,30,373,100,66,159,10,10,149,86,39,621,223,1060,29,10,35,81,108,10,10,"N"
10,165,407,103,327,257,248,424,1173,219,1124,794,707,870,582,39,131,762,452,284,78,826,184,989,1242,3628,284,686,186,634,408,344,1315,387,2059,471,157,221,3641,281,449,565,1012,145,555,819,546,1168,808,10,177,190,279,88,355,606,697,1618,215,37,788,807,275,37,43,297,771,383,1513,707,1112,379,124,1290,299,294,1011,134,145,687,189,362,109,90,895,162,127,418,79,27,50,18,31,225,2232,254,85,269,286,179,391,10,10,10,10,148,17,220,493,276,133,34,10,43,251,277,10,136,190,30,296,20,42,107,35,428,40,280,294,195,31,212,167,110,109,244,45,516,112,235,135,143,371,271,24,246,214,537,95,312,86,102,48,40,161,65,1483,273,250,10,10,819,152,150,231,10,119,59,172,232,201,201,261,127,1899,348,180,10,342,1468,1577,106,1637,113,172,51,91,169,377,220,292,206,200,38,114,164,1154,119,87,245,10,265,72,39,401,2095,567,39,61,117,232,10,87,31,95,131,212,249,51,195,38,39,186,351,35,241,60,175,10,127,50,46,111,140,10,21,196,24,843,10,105,389,17,758,173,445,10,10,10,171,62,385,417,106,41,115,78,426,318,253,205,44,740,230,151,46,328,73,232,10,132,590,908,1407,181,60,10,303,118,412,37,195,52,36,21,42,1219,656,33,386,113,701,610,92,3343,45,27,4068,663,10,107,81,187,1001,564,10,189,48,182,268,123,1888,210,197,190,261,10,3377,206,55,195,188,135,436,25,10,331,76,536,1554,702,1491,54,17,17,258,377,147,10,"N"
343,821,626,755,10,781,575,569,880,452,797,681,508,660,354,237,500,449,975,307,309,433,337,886,1025,1394,224,628,11,723,364,500,604,586,821,364,151,10,1170,24,448,395,491,315,425,443,563,770,488,150,311,10,11,499,13,364,714,831,635,285,355,938,245,146,126,255,708,32,941,576,552,509,37,805,699,499,538,238,647,709,590,706,172,149,587,10,36,516,43,273,416,210,187,14,1274,10,478,294,401,262,408,57,249,264,225,10,14,14,353,16,259,54,10,16,10,54,44,40,38,25,14,15,17,10,344,61,344,10,11,10,203,21,492,171,204,283,122,289,146,171,145,196,325,308,138,397,556,532,139,17,158,320,208,468,153,133,1537,548,561,314,218,554,275,193,252,194,248,104,412,652,502,160,327,360,599,689,10,247,564,837,649,742,765,161,168,216,169,521,443,126,203,227,190,158,189,155,634,386,107,236,85,14,187,265,220,721,643,361,187,284,162,122,220,186,300,223,158,214,123,144,141,131,155,441,203,309,263,395,222,160,99,135,172,273,39,132,21,69,1293,171,182,29,262,621,10,361,94,554,78,143,164,338,270,115,258,134,720,13,10,10,17,334,465,18,125,134,588,221,48,256,228,23,334,1382,10,243,135,262,110,41,139,12,102,193,184,153,651,491,203,238,177,845,11,187,10,266,89,1975,993,369,268,335,459,510,458,298,207,132,409,560,458,1381,10,715,386,291,325,31,226,137,10,290,88,846,280,43,582,107,447,851,331,635,123,220,232,235,974,639,206,"N"
24,214,371,541,10,542,292,541,947,238,898,576,591,736,413,306,584,558,746,193,309,601,234,695,918,1958,167,387,78,263,265,652,877,346,1134,269,184,50,1746,83,551,407,622,351,441,463,426,910,501,75,266,61,109,647,20,443,567,1205,526,139,557,821,273,164,205,299,686,76,1136,618,588,242,25,850,631,392,721,245,386,509,437,725,100,109,608,59,134,354,93,203,386,190,172,85,1752,60,303,265,370,186,514,130,108,89,85,12,206,62,307,48,174,281,10,17,37,80,17,23,271,100,134,110,119,47,265,120,215,37,47,42,165,86,341,163,146,290,164,370,233,122,136,83,329,213,157,696,558,676,140,84,204,200,209,407,232,180,2203,650,604,163,414,755,292,204,271,172,259,97,481,1005,429,221,239,377,1181,734,61,272,1273,1003,889,624,1126,135,153,152,211,242,171,210,260,153,206,221,180,182,792,351,138,319,106,31,221,84,254,1234,704,2041,184,243,203,134,110,389,320,130,152,229,59,211,161,238,138,467,244,390,187,481,64,209,190,131,274,174,89,112,84,58,1777,126,181,83,256,724,28,474,101,10,68,133,143,312,257,79,232,143,417,102,101,10,67,450,410,55,119,181,754,233,59,192,167,93,520,1549,41,113,190,403,65,14,163,58,124,166,111,278,807,438,155,232,54,370,72,205,109,274,142,3823,1131,224,86,109,367,459,510,20,238,153,376,658,299,1476,48,531,530,290,101,269,227,143,58,221,76,1100,101,73,1301,114,469,888,429,884,165,57,146,245,439,741,198,"N"
10,186,392,632,10,606,324,649,1264,262,922,671,687,777,397,108,561,560,803,314,305,743,211,852,1100,2412,196,612,58,344,313,621,887,391,1264,469,51,70,1963,125,615,453,717,249,399,456,487,1051,680,49,351,57,126,648,48,454,716,1455,551,141,524,1007,287,150,159,347,735,135,1251,775,670,258,95,1170,218,187,724,231,396,729,323,650,113,112,697,66,112,352,38,226,405,105,85,43,1888,43,306,291,116,95,206,292,124,87,94,41,13,86,267,76,311,52,10,29,10,108,26,109,51,90,50,10,10,155,298,15,67,90,127,71,145,116,209,149,133,264,84,371,118,137,150,32,274,228,207,765,683,909,136,102,137,256,234,304,221,207,1767,505,531,197,204,828,223,159,251,231,256,69,436,540,628,184,342,493,928,797,83,182,514,1220,1216,366,1175,157,148,98,163,121,213,198,198,144,156,78,148,180,905,322,81,142,98,57,157,71,216,1382,937,10,198,261,228,150,99,119,170,96,132,196,85,173,111,257,106,339,132,501,125,323,84,143,104,57,204,153,200,89,123,37,1433,96,173,122,284,878,20,344,111,371,50,115,142,307,327,72,139,105,198,141,129,35,68,342,517,101,96,162,852,241,86,200,155,51,530,1736,77,123,112,315,73,46,131,88,50,88,121,89,876,390,121,214,61,559,163,167,393,172,80,3674,539,329,23,82,337,384,674,10,186,137,303,651,253,1712,58,182,503,240,119,1134,221,128,66,151,95,633,70,317,610,92,477,1177,448,906,185,31,92,313,2304,197,142,"N"
313,1107,463,616,10,523,564,519,700,278,1191,484,393,500,376,270,496,425,869,214,249,435,187,995,1087,1895,167,259,51,639,304,500,639,314,987,326,83,54,1397,68,355,428,487,275,370,358,464,727,508,108,526,37,43,564,63,362,563,872,426,176,431,714,214,168,108,263,920,89,826,514,553,486,10,759,709,444,513,219,1095,667,609,958,188,192,651,58,152,342,50,210,263,228,97,23,1739,23,564,276,536,587,614,10,158,220,200,32,28,49,335,44,331,25,10,53,28,49,13,45,134,86,62,10,16,53,31,68,368,80,96,48,100,92,633,124,99,221,61,244,72,154,136,127,238,276,122,452,685,445,107,76,108,227,189,1227,201,144,705,459,469,181,16,555,509,156,203,156,216,132,333,131,591,116,180,440,440,664,70,305,184,766,858,1100,1430,121,131,522,214,558,407,94,204,143,169,87,55,128,587,506,43,204,21,47,125,112,254,961,654,10,121,260,133,65,79,61,603,111,153,141,87,125,89,155,91,381,83,449,346,173,364,153,59,54,108,210,10,72,75,44,2816,105,157,137,153,762,31,528,237,242,15,99,146,250,231,71,44,60,792,96,82,10,43,112,403,58,118,100,486,197,56,238,247,117,728,2291,18,125,87,209,139,27,92,64,56,402,113,28,726,396,280,376,167,848,98,414,305,273,27,1512,375,315,65,94,317,574,952,91,154,125,573,599,396,2656,55,1237,406,193,220,755,111,68,51,187,806,1853,85,10,251,92,518,997,383,733,67,416,521,225,953,112,146,"N"
10,54,10,10,822,10,10,50,10,33,10,10,10,10,17,10,10,10,51,10,10,43,24,104,195,69,10,10,342,10,11,10,27,10,10,10,10,349,165,726,10,10,60,10,10,10,10,10,10,10,10,288,721,24,1348,10,10,10,20,10,10,10,10,10,10,10,34,621,10,17,10,10,386,10,10,10,45,10,13,35,21,23,23,10,27,298,356,10,54,10,10,10,10,336,205,605,55,10,18,10,13,10,10,10,10,321,10,443,19,525,10,10,10,609,246,510,10,473,39,660,442,10,10,339,10,123,10,384,488,247,10,728,24,31,10,10,30,10,186,10,10,96,10,10,10,59,112,10,10,450,10,31,10,18,19,10,10,59,10,10,10,10,18,22,13,10,50,10,10,10,20,36,10,10,10,10,203,10,10,10,10,79,340,54,74,12,13,10,10,11,18,10,10,10,107,24,10,63,10,10,14,516,10,22,10,67,45,10,10,51,30,10,10,10,10,10,10,10,10,10,10,56,10,10,10,438,16,25,60,33,10,10,21,16,10,45,554,10,64,10,17,849,10,10,303,37,10,10,10,10,10,10,122,26,10,68,10,513,593,378,242,10,35,510,10,10,79,38,802,10,15,443,10,41,452,10,10,10,256,10,10,510,10,10,10,10,21,40,20,24,10,85,1038,31,13661,10,10,129,19,10,53,243,33,33,78,48,10,18,10,10,10,50,216,10,100,10,27,15753,10,48,321,124,47,74,10,10,10,159,19,50,10,18,25,10,10,10,258,10,10,"N"
25,65,10,10,797,10,10,12,10,29,223,10,41,10,10,10,10,47,42,10,38,62,14,123,81,19,24,10,381,29,10,10,10,10,10,16,10,756,162,519,10,60,47,33,36,10,55,10,10,10,10,567,503,10,767,11,10,10,12,10,10,63,14,10,10,10,46,828,71,23,29,10,378,18,10,10,78,10,10,28,10,10,10,23,17,369,166,10,89,10,10,23,10,454,476,495,23,31,10,10,28,10,10,10,10,293,10,667,68,545,10,87,10,301,474,565,12,638,39,10,424,10,10,226,10,660,10,687,1175,651,10,641,56,30,10,10,10,21,243,10,14,147,10,23,19,10,13,10,48,633,44,10,10,10,30,184,10,23,34,10,162,10,18,10,21,10,10,10,10,16,128,22,10,10,10,10,767,10,10,16,10,50,130,129,10,10,25,10,10,32,10,10,10,10,69,23,10,10,22,10,10,628,10,10,10,193,296,10,17,26,19,10,10,10,10,10,10,10,10,31,10,45,10,10,10,55,18,19,10,10,10,20,25,21,27,23,476,10,10,10,26,737,10,10,523,10,10,10,10,10,41,45,102,10,10,83,10,1413,608,725,452,87,43,457,10,14,100,47,421,10,24,792,37,23,347,10,10,15,392,705,10,524,10,10,10,10,10,10,10,29,10,10,1333,20,6382,11,10,247,10,10,57,283,34,28,213,10,21,10,10,10,20,53,394,10,42,10,35,8097,23,10,455,16,72,53,10,10,134,10,10,12,10,10,10,10,43,34,130,10,10,"N"
280,923,699,887,10,460,819,756,928,425,1073,576,444,579,306,284,403,508,966,295,362,498,216,836,954,1498,224,439,60,704,478,571,667,481,873,355,241,35,1311,42,379,418,448,387,327,553,590,690,489,153,354,27,39,615,31,363,642,820,619,315,550,767,250,187,334,166,814,61,1083,592,549,519,106,778,105,102,492,177,723,733,707,966,168,130,558,30,158,320,361,161,330,217,302,24,1289,29,311,337,165,153,166,280,241,339,275,14,1007,17,346,24,277,10,10,30,49,47,281,29,14,111,42,868,835,22,17,16,127,32,58,24,131,64,155,238,180,209,109,227,132,113,101,144,230,282,339,439,397,633,140,35,209,262,172,439,138,139,1785,141,82,266,151,525,189,214,261,108,196,130,581,677,683,148,210,430,142,654,50,126,307,849,748,261,695,132,115,151,141,138,211,114,199,64,222,152,214,148,644,157,215,226,188,39,149,87,229,943,400,10,165,140,135,81,224,201,431,214,121,153,197,132,191,118,101,282,250,427,216,553,393,138,114,120,232,245,178,112,58,317,790,139,190,82,153,775,10,265,209,39,148,118,120,227,187,177,63,132,158,79,80,23,37,549,449,40,104,164,568,209,51,209,129,91,455,1708,13,111,95,142,107,25,124,45,107,94,146,68,732,465,323,360,185,1070,42,310,53,249,66,3063,1189,366,322,410,444,550,611,664,192,111,684,571,496,1844,40,298,536,302,308,147,205,148,31,342,138,443,376,289,416,113,886,932,340,692,132,290,347,192,278,662,167,"N"
194,586,441,656,119,507,442,685,775,299,941,507,447,665,419,72,383,459,925,216,207,475,171,974,1105,2194,138,221,123,428,318,611,780,341,1114,264,111,124,1731,173,469,459,529,315,368,439,611,797,431,81,366,115,87,459,149,379,535,927,403,155,477,804,201,108,149,253,893,248,1062,676,671,354,45,951,703,526,519,187,755,676,520,913,218,130,588,104,279,337,144,170,311,98,123,55,1931,51,513,291,475,480,516,10,109,155,140,76,196,124,256,119,232,34,10,115,61,140,16,127,225,136,85,86,89,137,82,33,261,113,161,117,144,64,620,121,101,175,49,285,110,93,227,122,288,237,88,426,628,516,92,181,107,212,113,626,155,164,1028,585,562,182,78,611,434,161,132,159,156,113,271,342,455,129,186,309,969,549,103,270,437,778,962,798,1881,114,103,140,158,461,289,133,198,129,155,70,77,110,666,517,56,116,21,169,108,91,219,1167,573,10,128,169,140,64,80,28,290,117,128,155,70,112,30,137,94,470,88,518,254,244,108,176,62,61,106,99,16,82,105,24,3012,89,117,228,117,628,92,507,110,124,14,98,152,207,119,73,76,46,966,234,173,10,104,173,404,151,102,138,441,171,129,161,192,197,682,2103,77,107,92,387,130,52,73,138,46,466,116,61,814,449,165,326,109,751,222,373,553,251,36,2123,478,172,86,113,404,638,552,46,153,116,430,508,364,2443,119,1110,288,202,141,1353,137,109,172,195,78,2117,67,28,526,102,411,1007,401,781,87,113,230,185,774,228,65,"N"
78,125,535,340,63,642,464,627,1110,340,1176,738,744,850,489,30,279,699,794,311,180,765,212,1176,1388,2652,232,516,166,635,401,526,1113,384,1573,393,137,159,2672,237,564,500,869,166,485,548,578,1051,851,13,170,141,198,153,250,652,695,1514,411,113,576,778,273,46,86,368,619,291,1241,824,934,338,155,1152,270,300,970,178,215,820,317,522,129,75,777,136,130,412,662,92,194,74,62,138,1944,209,222,254,255,115,327,10,51,21,10,122,179,183,397,217,178,117,10,160,167,225,18,263,50,10,227,351,300,58,177,202,59,154,201,141,86,180,282,134,98,245,57,436,123,154,156,95,403,228,101,392,209,985,111,257,112,222,163,77,185,109,1422,383,301,16,53,884,110,166,298,105,203,80,201,393,214,182,284,236,1557,521,154,34,488,1334,1339,197,1575,102,146,141,146,249,241,188,286,140,232,73,110,156,950,228,107,298,33,206,99,56,330,1995,509,10,112,273,260,43,73,64,174,125,155,204,70,144,26,87,122,229,45,332,110,251,28,214,64,52,171,152,106,63,200,16,1184,68,159,297,56,761,82,513,10,35,10,129,108,351,367,58,100,74,122,288,113,30,186,217,647,237,162,125,546,153,172,27,163,206,1167,1617,150,123,55,330,182,200,72,216,94,79,78,63,1093,563,69,229,139,711,274,215,1938,57,43,3184,686,36,59,148,409,893,583,10,198,64,292,521,284,1953,157,229,232,275,39,2694,216,98,146,191,71,599,46,56,644,104,279,1253,559,1235,141,34,60,390,868,193,29,"N"
243,1037,440,869,10,630,658,649,857,393,762,582,467,715,339,68,424,433,1103,254,285,592,217,1192,1455,1864,238,653,101,706,470,571,641,498,1016,377,170,45,1742,84,430,385,519,304,369,440,596,886,527,113,147,45,58,522,22,386,802,921,520,245,490,875,204,147,68,237,698,70,1065,583,592,488,72,835,531,424,565,211,806,723,535,963,242,137,619,40,159,355,55,175,390,220,253,39,1789,26,412,334,488,459,463,10,282,281,279,17,36,65,351,53,248,162,982,16,76,60,145,46,16,90,27,10,10,50,252,24,387,59,125,56,157,83,506,134,189,211,159,304,173,127,123,130,265,269,155,506,237,546,121,90,166,222,143,211,156,141,2460,855,834,162,324,571,333,165,187,173,215,104,256,985,343,153,256,453,830,580,88,233,654,844,732,630,1236,150,128,89,158,334,235,122,182,150,168,194,163,137,671,429,127,179,132,99,237,157,174,993,656,22,174,267,129,115,90,476,171,172,113,173,259,147,103,109,100,307,57,292,195,347,88,156,110,82,167,237,136,99,66,87,2059,122,151,106,209,605,23,396,22,68,97,119,139,244,217,79,250,110,547,105,97,10,48,373,442,46,141,189,662,179,79,212,125,49,535,2105,57,139,105,292,83,18,108,51,77,248,122,122,733,482,137,304,183,944,84,180,184,254,175,4057,1567,171,276,340,441,640,535,471,166,117,445,520,454,2339,52,964,464,231,262,459,236,68,50,349,45,1259,196,193,719,97,549,905,435,736,220,117,164,265,466,931,147,"N"
10,83,41,10,10,343,212,149,598,10,770,365,394,469,333,61,988,483,436,118,202,669,78,36,10,3359,24,227,166,30,148,181,939,48,1534,163,125,189,2233,158,515,157,547,433,370,276,80,465,606,10,475,195,215,316,467,328,12,1484,127,10,183,320,208,106,118,478,624,179,739,480,475,10,12,871,472,449,599,176,298,98,307,928,87,69,403,125,295,167,14,204,155,73,25,62,3313,188,425,10,317,29,1225,10,10,10,10,160,40,121,382,128,232,23,10,16,170,246,10,10,23,452,135,10,10,88,11,200,237,193,245,174,10,85,423,176,71,267,68,379,110,121,126,95,364,49,25,747,1044,318,188,190,154,68,164,323,264,313,40,884,750,75,19,515,531,143,256,281,413,53,280,26,729,280,158,537,10,1111,163,903,28,971,1084,390,2538,142,159,92,351,10,10,235,246,226,245,80,73,227,803,878,10,319,10,185,174,10,385,1826,1560,10,122,395,215,142,20,10,218,10,186,160,31,233,10,124,135,718,52,543,395,226,68,140,77,27,205,41,10,106,162,19,5211,172,182,195,353,181,69,829,171,10,35,69,129,506,457,42,10,106,987,312,197,10,171,40,331,220,23,163,689,217,146,177,383,324,784,89,75,28,184,524,159,28,194,152,142,159,115,17,663,44,47,128,120,53,435,243,2302,112,10,420,12,86,32,10,135,10,1259,10,162,232,284,915,164,25,143,185,150,260,10,2489,102,175,224,128,409,2347,10,22,41,99,10,88,28,921,33,22,61,230,1590,10,129,"N"
10,167,247,394,10,370,290,490,956,154,379,530,552,732,516,239,303,409,625,179,295,615,96,345,518,2404,189,282,118,317,268,506,830,197,1444,302,180,149,2361,170,313,317,640,278,540,408,241,816,753,79,164,94,230,381,233,521,354,1002,397,65,381,523,270,147,70,364,387,282,1161,632,607,193,142,981,201,195,863,285,271,482,390,546,113,89,616,148,66,293,87,124,249,110,118,128,1361,84,166,157,256,103,318,10,88,45,47,90,42,143,292,233,192,782,10,103,158,195,84,64,70,277,350,27,34,10,147,24,63,134,180,122,79,171,234,203,69,145,87,240,145,101,130,88,409,179,508,476,174,637,80,217,222,149,161,675,246,149,2583,302,227,123,220,736,212,177,354,148,123,118,174,936,308,199,173,339,1716,652,102,61,1244,912,1030,136,1235,104,68,259,176,97,59,188,218,70,349,248,82,136,750,141,129,230,145,198,181,35,205,1497,401,1314,86,72,165,189,69,224,236,135,95,158,141,141,128,155,142,223,76,530,90,558,46,91,241,62,190,86,38,117,132,58,1688,78,196,272,11,624,76,350,401,10,118,95,113,209,217,68,153,37,138,224,207,10,135,435,438,215,94,145,527,207,103,57,142,166,1220,1282,148,44,96,309,179,197,205,174,88,146,73,127,751,289,137,127,126,297,292,306,2478,120,114,6106,1219,127,66,140,298,555,884,10,210,108,300,640,182,1668,184,343,613,354,72,2718,233,155,200,210,490,869,101,22,1577,68,151,888,357,925,307,25,115,365,343,437,10,"PR"
231,616,808,883,24,1439,1273,933,1784,556,941,902,827,1033,266,34,535,837,1026,526,445,638,410,1380,1733,2489,225,724,14,1010,476,643,1015,727,1345,438,250,42,1982,43,843,715,669,369,530,691,1066,1071,890,151,357,26,40,714,17,551,957,1399,831,269,310,1313,400,106,121,319,822,27,1598,684,782,569,95,1160,289,228,911,245,674,834,661,832,181,96,844,25,42,708,188,237,562,239,161,25,1974,10,305,372,239,126,207,10,220,213,184,17,537,29,389,22,335,10,10,36,10,25,212,43,62,47,27,240,215,52,48,48,164,44,41,17,216,10,255,180,136,232,53,452,135,173,102,146,400,367,96,403,534,1125,186,41,136,536,401,367,224,88,1056,261,276,205,23,1016,179,197,446,185,214,90,295,382,403,146,508,472,23,542,17,237,120,1642,1234,457,1106,114,139,247,133,196,280,200,256,128,215,122,143,120,1403,432,97,217,128,10,126,95,228,1333,634,10,185,271,224,128,121,10,348,287,154,267,270,123,103,168,115,313,116,556,249,356,377,123,98,88,154,196,10,118,48,18,1443,138,197,56,313,1048,10,361,151,27,72,125,188,328,293,88,59,188,330,42,58,10,25,124,566,28,129,157,983,290,10,163,250,23,620,2027,25,321,98,201,117,49,118,16,97,128,198,170,986,571,314,290,183,1138,26,225,11,205,48,1788,351,259,51,78,701,900,914,54,223,142,535,489,556,1982,24,283,323,263,400,70,219,184,16,159,62,808,171,10,152,106,310,1319,498,1031,169,253,288,389,213,290,252,"PR"
276,558,659,1239,120,886,1270,1059,1409,462,838,699,616,926,495,89,295,622,1255,299,518,681,210,1437,1521,2517,253,563,69,891,575,696,886,659,1354,492,221,62,2174,83,456,577,599,364,441,636,888,1098,652,186,140,32,47,772,94,413,863,1220,759,378,475,1040,394,160,55,303,861,129,1353,793,988,616,157,822,98,84,737,334,466,914,566,894,149,113,968,53,184,435,41,122,368,334,334,10,1735,10,234,399,175,145,141,462,132,191,173,34,10,57,360,43,236,81,208,89,71,57,369,37,10,99,69,21,28,74,88,103,75,81,122,76,203,90,137,140,195,182,141,244,203,153,122,103,332,362,367,476,107,796,120,86,256,419,268,353,162,123,3733,275,214,133,458,754,98,182,250,88,178,118,162,1184,133,193,277,467,986,846,92,50,459,1030,1030,151,619,136,116,287,105,104,82,178,238,95,481,221,193,185,867,118,152,201,613,71,186,106,183,1299,533,411,156,129,112,154,225,228,190,193,130,179,341,135,300,138,93,172,38,316,65,628,100,107,157,139,160,193,74,100,42,412,636,139,144,113,10,786,28,227,157,10,89,148,104,293,270,74,262,71,111,89,102,95,65,716,501,81,125,93,816,245,81,131,60,105,757,2455,29,154,89,174,116,120,168,48,138,69,139,245,937,648,304,146,159,1325,121,98,315,259,179,5986,2511,68,631,783,540,805,616,1432,197,87,499,751,477,2931,71,309,496,585,308,754,232,147,61,370,179,330,409,60,544,121,629,1071,548,1002,273,59,84,409,126,1217,107,"PR"
249,828,373,466,10,516,354,427,670,245,1139,474,428,667,316,83,508,393,757,240,184,508,172,851,983,2465,205,402,75,560,268,486,681,268,1147,267,100,85,1768,102,458,457,545,252,387,332,417,808,669,80,256,53,169,528,59,406,421,863,284,110,382,734,228,127,85,297,713,115,1147,503,663,400,23,763,946,650,486,210,1199,697,560,946,321,116,555,66,175,272,78,185,257,113,67,31,2974,41,583,238,596,592,816,10,159,188,207,61,47,93,296,85,227,19,10,133,113,110,10,96,52,235,99,25,25,152,18,10,497,106,171,98,121,133,912,130,111,303,36,316,77,160,151,170,230,194,44,493,845,556,121,123,93,223,166,1115,259,171,133,621,641,208,10,522,684,136,212,194,355,62,228,36,506,137,164,412,111,803,83,302,55,822,921,1252,2220,100,137,491,290,697,446,84,183,200,172,73,89,153,631,872,34,392,11,66,129,106,315,1291,745,10,142,481,163,60,105,10,439,80,181,203,72,209,80,92,110,771,45,868,318,183,202,151,67,34,135,148,28,78,93,29,4152,124,204,171,159,745,34,721,125,62,14,133,150,389,342,67,11,108,1133,167,118,10,85,88,480,131,96,133,496,204,73,232,446,138,837,2116,90,123,100,407,95,30,137,112,55,439,137,10,695,338,224,200,217,664,136,477,1133,183,17,473,62,221,30,19,276,560,986,10,172,117,459,692,419,2444,74,1396,342,192,123,2218,133,53,135,235,330,2629,74,19,72,73,313,959,419,882,20,165,274,229,465,10,127,"PR"
94,14,813,54,148,794,684,1688,2651,305,743,1811,1177,1274,686,97,88,1226,1081,381,173,1286,246,1031,1554,3569,464,1055,97,1350,623,595,1806,948,2276,901,103,107,3626,150,490,733,1229,41,833,1028,1397,1795,1463,73,137,103,184,108,163,958,1586,3095,407,68,612,1164,695,31,14,397,453,242,2612,1125,1500,599,135,1887,42,60,1785,350,45,782,305,515,45,58,1213,83,62,652,29,33,59,19,76,81,2137,39,10,470,35,30,85,10,28,10,10,77,23,114,610,184,148,1008,10,102,115,187,264,94,85,289,136,27,32,51,11,166,10,106,104,77,174,121,25,202,177,108,115,706,100,205,47,145,543,419,180,349,20,1139,169,196,168,375,285,72,143,18,3690,302,225,10,133,1664,25,203,675,82,88,101,232,780,34,314,549,184,964,366,132,10,149,2519,1861,50,216,148,110,237,84,16,79,511,289,71,424,138,268,192,1770,41,159,637,258,149,63,68,377,2723,230,23,83,48,342,45,896,34,91,235,170,400,177,233,83,55,186,67,10,164,21,443,10,94,123,87,184,67,512,56,84,55,115,33,114,218,17,970,99,186,10,10,15,317,64,896,512,176,124,146,10,257,189,135,103,367,1160,144,123,60,599,82,90,57,72,10,1035,1886,76,139,15,233,82,25,86,206,189,10,47,102,1909,986,44,146,121,862,161,139,1522,37,96,6823,1857,10,143,220,520,1259,438,75,295,53,209,353,265,2402,112,21,845,542,32,2549,503,50,200,265,108,70,108,588,204,70,353,2137,772,1728,184,15,13,387,13,414,142,"PR"
205,224,805,590,93,1090,960,1067,1535,550,884,930,792,1050,558,488,362,666,1281,367,169,815,425,1271,1572,2651,320,842,25,884,504,846,1000,695,1415,520,281,23,2450,23,576,533,851,386,527,790,904,1221,757,187,270,17,24,473,52,399,975,1605,759,319,618,1312,465,90,90,300,983,81,1502,814,656,753,61,1012,441,218,852,295,234,935,638,929,140,147,1015,24,41,429,213,147,322,199,315,10,1851,50,304,501,319,240,290,86,165,162,159,23,806,33,441,48,357,312,10,33,35,43,253,10,90,49,23,369,323,28,323,19,85,54,47,18,212,23,238,186,234,307,152,374,277,176,207,95,404,457,243,575,193,1077,158,42,206,330,271,238,192,90,3302,446,446,181,528,1060,74,257,264,105,230,134,704,1079,452,296,423,379,1297,698,32,40,787,1445,1196,106,838,183,157,139,108,222,200,224,221,192,235,209,366,207,1020,199,370,341,384,34,215,183,249,1383,561,14,122,164,188,95,271,304,252,329,169,330,228,168,166,95,155,326,160,247,55,705,83,189,162,156,344,364,54,84,10,148,667,122,190,41,171,979,20,301,59,62,80,219,132,445,266,219,469,178,152,58,66,64,40,712,644,39,237,111,956,152,10,185,103,10,581,2498,13,156,107,229,75,10,162,26,136,51,126,331,1188,889,156,355,199,1386,81,154,386,146,189,4853,2167,298,508,638,544,738,633,560,268,104,533,572,337,2537,25,342,372,433,206,855,379,280,28,394,154,309,466,67,966,143,867,1353,608,1124,258,52,67,272,346,840,126,"PR"
10,10,82,31,459,10,155,131,462,59,171,603,300,605,514,10,57,373,204,105,68,479,68,252,284,3050,137,282,265,200,179,61,1085,23,1683,296,221,514,3259,449,94,157,704,120,299,475,181,751,648,10,10,262,395,68,598,506,136,1644,38,10,189,251,201,10,73,152,362,593,1581,231,464,23,164,713,10,10,984,10,22,165,30,132,93,10,445,306,10,133,60,17,21,23,95,414,1427,387,10,20,10,34,40,10,10,10,10,415,10,304,241,540,79,405,10,207,368,459,73,261,94,827,299,10,10,216,35,351,10,426,368,200,10,493,10,98,10,52,72,272,221,94,47,77,213,71,117,218,52,332,158,433,99,78,13,17,134,51,2650,205,58,10,74,294,22,19,188,22,43,21,40,349,91,212,162,42,715,154,270,10,194,886,1132,21,277,10,40,71,49,10,10,302,191,29,260,78,64,120,785,10,88,318,135,367,29,10,190,2752,138,17,56,21,244,10,42,37,35,35,104,171,41,111,13,57,96,29,10,214,27,257,10,84,78,10,117,27,95,55,291,108,54,10,74,538,10,66,303,122,10,10,23,34,23,540,607,45,67,94,10,593,466,431,363,253,503,528,18,48,252,36,279,10,36,448,622,136,299,10,10,266,336,540,43,417,45,13,12,70,627,143,10,116,80,36,924,47,5292,22,18,8397,532,10,73,112,130,194,323,10,117,24,69,186,35,192,300,10,223,302,10,6144,104,82,254,87,163,53,10,61,180,119,44,644,232,1064,68,19,40,286,20,75,10,"PR"
10,67,52,10,10,127,128,84,10,43,40,158,110,144,30,10,139,97,184,17,158,164,65,231,301,1019,20,10,325,69,10,24,340,10,379,33,32,212,531,544,128,75,185,80,56,43,113,16,142,10,10,234,288,36,575,181,14,614,12,10,10,39,33,10,37,89,140,402,542,142,569,10,315,209,10,177,151,10,16,67,56,206,122,12,170,298,147,92,127,25,65,10,20,392,1187,419,68,10,10,10,67,10,10,10,10,248,10,430,30,640,114,60,10,304,446,367,10,666,64,716,426,10,10,557,10,68,25,491,580,414,10,375,251,43,10,10,10,130,211,10,22,60,75,50,74,383,129,476,39,466,29,35,77,19,231,144,424,141,207,10,23,53,16,37,108,85,10,10,12,91,229,61,76,68,135,75,416,43,107,108,51,293,1731,55,54,518,28,10,10,90,152,17,55,10,135,30,59,492,76,10,10,489,13,10,16,903,557,13,45,29,149,10,10,10,143,21,31,10,10,28,10,67,25,10,10,185,17,185,79,264,45,30,48,22,33,95,423,10,1171,10,27,648,10,50,144,187,10,10,10,60,135,253,78,10,24,92,166,624,497,10,277,49,117,545,10,112,102,60,338,10,108,483,381,70,398,42,17,504,133,446,17,427,10,12,10,10,139,22,27,16,129,158,859,91,5214,19,10,1993,62,10,64,215,88,41,1743,10,85,10,88,114,40,73,522,10,104,52,23,8248,10,27,523,180,99,300,10,10,82,36,10,38,37,318,28,13,44,74,37,10,10,"PR"
298,654,870,1385,10,932,1431,642,1265,503,1003,748,611,1080,541,45,575,635,1499,348,487,767,279,1273,1599,2561,304,810,75,1052,631,745,932,708,1391,532,368,10,2491,69,545,587,737,387,517,793,915,1178,693,84,246,44,119,725,63,619,1159,1310,895,394,679,1307,367,175,220,247,1074,100,1708,765,737,594,85,1178,19,61,875,213,581,915,553,994,151,150,646,56,203,652,351,241,413,327,165,57,2147,35,160,455,153,83,142,10,222,203,211,38,1136,27,479,32,390,1265,10,10,44,66,339,10,34,144,51,427,355,110,68,68,48,60,102,79,176,103,87,118,142,123,99,250,122,133,86,90,342,303,146,391,288,869,120,88,174,418,265,300,170,136,1668,264,231,96,123,717,98,176,318,126,178,77,829,257,370,95,266,397,41,797,96,97,316,1311,944,115,536,131,76,109,101,45,134,199,203,54,210,212,122,144,944,150,73,271,75,92,157,77,163,1424,386,10,162,186,257,97,168,10,234,203,107,177,301,157,158,129,108,124,95,351,87,430,52,201,99,76,144,201,412,95,63,150,580,144,160,125,96,985,24,215,73,16,143,121,166,392,280,119,61,75,77,116,10,18,32,305,545,58,126,137,838,252,104,151,63,29,542,2202,43,121,89,205,10,48,148,90,72,37,117,464,988,644,158,228,170,1374,54,181,119,193,131,2982,744,305,221,243,550,843,526,231,216,120,484,668,348,2270,70,147,699,292,319,466,217,102,75,406,128,230,188,624,391,94,803,1236,540,1011,168,78,75,404,160,172,144,"PR"
190,164,1064,1147,175,1138,1384,1524,2256,692,768,1160,889,1391,763,226,293,761,1435,565,279,1024,195,1353,1628,3007,378,781,85,1308,699,1049,1239,979,1721,670,144,77,2993,153,732,750,876,296,621,877,1232,1350,942,86,116,72,109,397,117,718,1516,2194,962,321,682,1409,410,47,44,557,1016,198,2011,1096,1073,632,199,1367,49,73,1186,161,263,1292,336,403,158,101,1025,77,119,568,93,135,339,207,159,53,1831,97,83,544,136,65,84,10,73,88,62,74,41,103,401,109,268,120,10,129,10,109,184,94,213,94,84,30,38,10,12,127,65,113,193,68,209,77,107,188,145,164,189,493,192,112,132,87,473,391,277,384,169,1513,96,154,247,557,432,307,145,93,2217,355,249,121,36,1442,38,161,538,133,88,66,447,855,270,183,471,227,340,512,169,25,243,1726,1370,59,623,123,82,212,72,42,90,332,301,65,225,128,110,146,1232,112,170,216,178,80,112,81,200,1742,516,10,174,130,311,98,547,93,275,153,78,175,111,121,111,135,121,89,26,258,46,679,47,96,151,127,210,210,69,118,83,120,322,127,146,177,12,1361,101,232,60,15,89,123,110,251,167,121,131,168,55,157,127,10,98,263,689,125,94,103,1198,177,108,88,55,104,1016,2499,95,191,55,215,84,17,86,94,181,27,138,165,1442,789,116,224,144,1497,164,239,428,104,140,4095,1149,167,224,277,810,1341,424,181,174,59,277,489,405,2742,83,116,346,250,138,1071,301,87,78,436,49,207,391,54,330,98,604,1562,642,1290,200,59,96,356,237,640,101,"PR"
421,703,971,1050,10,1136,1214,930,1295,615,677,867,626,913,490,126,362,530,1323,420,364,592,344,1194,1356,1831,357,713,10,997,579,764,850,774,997,474,271,10,1456,18,577,519,641,345,529,868,1001,1061,638,227,159,11,30,722,18,430,1002,1234,888,534,318,1244,389,133,75,297,759,54,1316,760,647,660,61,978,307,186,643,258,547,895,610,831,170,131,850,17,78,508,44,109,382,225,220,14,1562,10,215,415,316,186,253,18,157,223,165,18,90,10,458,15,298,261,10,32,10,34,385,10,27,49,10,50,53,10,62,60,179,10,10,10,238,37,283,206,167,236,123,226,148,153,72,188,419,403,269,385,224,791,142,15,227,478,322,792,209,83,2052,415,457,187,339,859,167,232,372,167,143,219,287,1216,208,156,340,378,547,458,10,127,410,1133,847,368,617,149,128,340,119,134,130,183,257,86,258,170,273,160,829,182,176,251,353,20,207,126,185,935,422,10,208,139,172,177,275,251,581,261,96,167,206,120,191,124,128,255,100,328,93,664,366,175,119,170,217,210,31,151,10,244,1012,154,169,15,81,809,10,236,117,113,155,149,123,299,133,190,251,154,304,26,10,41,10,287,582,14,169,126,866,229,10,195,107,22,483,1873,10,279,135,216,110,46,155,17,158,179,185,122,895,664,306,228,201,1338,17,279,14,266,76,2722,1454,123,793,933,702,624,658,706,207,104,558,418,426,1830,11,389,567,367,366,38,254,278,10,431,133,649,520,40,508,100,495,1083,385,777,293,381,425,271,395,1148,283,"PR"
10,81,267,175,343,712,140,527,994,135,295,816,232,846,224,36,338,332,611,242,187,883,110,276,544,3424,70,194,106,304,194,321,1235,99,1407,298,171,165,2888,195,680,215,763,309,381,335,413,484,736,10,13,82,198,268,383,438,241,2536,271,10,146,675,252,24,52,442,360,280,2106,402,815,10,156,842,46,88,956,97,61,187,240,343,105,17,607,132,88,177,361,105,197,93,38,146,2514,188,106,10,12,16,176,238,13,10,10,104,575,152,204,162,80,261,10,116,69,146,149,106,69,133,177,510,505,68,18,206,11,227,318,109,12,122,171,128,67,60,65,285,116,51,175,57,332,114,168,713,213,1388,152,199,169,209,417,96,309,142,4097,463,353,64,169,842,50,186,91,244,178,53,227,807,346,161,265,237,509,562,121,143,412,1018,1094,159,1339,158,99,315,97,37,47,315,239,53,362,270,225,137,909,269,107,227,332,201,200,41,136,2375,695,10,117,157,208,149,116,165,373,147,57,163,33,102,69,100,125,65,79,463,73,756,89,116,258,29,247,50,71,181,173,127,1328,31,151,354,93,263,65,274,63,10,556,118,90,665,432,152,114,143,159,126,198,132,151,319,464,263,54,157,1115,112,80,10,66,189,1244,224,143,115,197,329,227,28,167,159,199,12,119,211,773,141,82,66,122,132,476,226,2056,31,132,8473,848,23,44,117,371,103,1363,10,247,60,216,481,298,387,190,26,187,322,28,3148,235,244,114,262,78,483,55,23,490,99,10,345,157,1053,166,16,92,374,411,258,216,"PR"
170,429,376,708,50,422,553,683,996,411,493,588,534,523,473,78,220,375,851,228,159,500,124,809,838,1928,264,369,126,595,345,519,791,384,1184,332,65,157,2244,181,382,402,488,312,421,559,520,827,484,132,138,102,171,291,182,442,747,1071,499,169,718,864,211,162,58,244,425,245,999,541,707,420,134,791,257,196,725,232,429,594,402,536,120,76,676,106,165,271,89,114,323,133,192,72,1218,122,307,315,324,267,284,10,111,166,127,121,15,159,218,218,149,1178,10,121,76,115,397,198,57,105,193,11,16,98,182,166,177,120,145,57,113,138,239,155,147,128,139,307,156,127,231,105,285,248,303,342,130,605,84,209,188,191,130,498,182,107,3160,409,294,148,340,642,161,160,286,108,113,102,185,1338,316,228,164,218,2556,544,142,56,1323,820,1067,285,1305,93,86,175,115,256,130,168,181,96,250,263,149,130,697,135,83,203,220,160,191,106,243,1232,402,117,101,149,128,123,79,259,105,137,118,212,143,134,166,113,126,222,126,215,88,467,92,166,142,80,179,134,14,98,104,149,1402,93,143,193,10,743,73,316,10,22,160,112,106,185,74,158,234,127,265,234,202,10,122,766,484,159,126,114,724,144,108,97,87,172,1004,1764,114,94,101,213,93,190,129,187,136,218,86,75,842,435,100,184,99,977,356,159,1463,158,114,5005,2448,82,468,621,402,694,547,756,181,90,352,531,311,2236,148,819,603,258,160,1903,228,217,106,282,130,987,221,28,1883,103,846,1079,367,906,191,83,142,325,302,1156,104,"PR"
10,10,100,10,301,734,583,340,748,16,431,1631,1347,761,20,10,442,231,377,42,108,1112,92,13,386,3575,10,10,115,196,64,109,860,30,1448,223,387,33,1847,258,235,128,955,424,375,161,80,110,752,10,13,97,218,63,198,748,10,4075,10,10,12,69,182,10,39,425,319,208,2574,162,766,61,110,700,50,80,1892,138,10,48,79,660,98,10,364,96,93,247,10,30,131,274,56,163,4645,139,35,10,32,10,94,10,10,10,10,102,170,194,29,215,45,395,10,23,74,119,174,106,521,267,352,10,10,125,173,181,10,152,226,145,10,137,326,95,54,48,40,364,123,18,113,99,124,97,279,1412,128,2076,303,280,123,113,561,25,721,108,2974,257,283,20,99,178,16,100,554,377,372,10,413,972,580,101,310,553,547,825,78,195,557,214,371,79,1985,267,66,262,81,10,18,635,411,88,164,133,184,310,257,695,63,203,48,140,376,10,164,2826,523,17,31,48,583,129,181,187,630,34,50,120,39,311,88,157,186,44,134,546,59,1475,26,34,460,10,328,13,62,272,242,10,1311,11,210,195,291,10,53,446,81,10,152,203,69,1810,1293,109,138,565,64,275,150,177,126,904,340,126,10,80,836,13,116,10,47,37,383,18,89,68,461,811,76,245,281,198,197,12,115,409,120,10,29,32,107,110,252,156,1880,24,138,9678,161,10,22,70,286,10,1777,10,335,90,142,698,286,23,121,10,111,67,10,2941,79,322,191,225,64,171,10,57,656,140,10,12,10,900,59,10,18,215,1165,24,203,"PR"
10,55,419,339,313,996,710,493,1359,253,527,813,440,902,541,10,135,820,819,359,163,886,161,715,936,3700,232,401,195,431,390,690,1373,317,2460,358,25,162,4112,220,391,569,900,278,450,909,635,1207,969,40,91,148,229,192,283,620,627,1900,401,54,528,846,304,51,74,399,520,326,1836,1075,946,222,128,1412,72,47,1160,474,50,874,208,322,64,72,884,148,13,376,134,32,201,110,153,173,1387,192,191,222,29,34,102,10,24,10,10,136,136,161,350,207,157,22,10,125,68,214,313,161,27,382,142,118,98,55,11,218,17,232,194,97,40,191,57,157,81,137,266,450,180,172,113,154,455,280,256,351,58,1034,108,255,122,155,158,133,153,103,2822,615,592,13,92,722,46,203,420,31,186,59,349,749,249,170,317,167,126,484,153,10,76,1714,1408,57,582,78,102,148,108,23,77,351,279,62,276,73,214,166,1393,64,192,363,104,228,173,19,313,2351,248,58,73,48,238,15,121,171,102,173,165,261,88,161,87,148,102,129,43,313,77,485,10,110,96,205,133,97,520,62,124,164,198,61,136,326,43,624,147,250,10,10,158,187,114,374,111,678,215,167,10,309,235,208,179,587,740,214,144,125,800,149,121,28,70,232,1020,1082,103,75,10,213,97,29,88,216,173,17,52,366,1112,431,64,290,113,527,493,142,2658,50,199,5779,1149,10,52,131,345,650,742,25,131,63,141,483,273,1519,161,28,678,276,58,3143,312,206,240,166,164,118,95,660,72,92,274,1519,766,1811,157,14,35,301,115,355,45,"PR"
10,10,10,10,10,10,358,24,10,43,10,39,10,10,31,10,67,43,56,10,36,583,31,92,10,193,10,10,346,10,10,10,13,10,74,10,43,490,157,504,10,38,121,206,10,10,10,10,27,10,10,285,422,10,697,52,10,10,10,10,10,10,17,10,10,37,41,800,428,17,10,34,263,11,10,10,551,10,45,53,10,10,75,36,10,320,79,10,92,10,54,10,50,262,3150,120,115,10,10,10,17,163,10,10,10,212,10,586,48,617,10,102,10,62,202,439,10,117,85,760,405,10,10,325,13,63,41,786,857,307,10,612,10,37,10,10,86,53,127,11,53,67,19,20,152,86,77,246,10,678,71,37,70,37,99,170,849,26,10,10,198,10,22,10,43,192,129,10,90,10,818,10,10,201,11,58,663,313,24,10,22,10,1780,10,77,59,17,10,10,108,25,10,10,24,10,193,10,458,102,84,10,394,12,14,26,854,1365,10,10,13,49,10,10,10,26,10,10,10,36,128,18,193,26,10,10,537,37,259,10,279,70,10,95,10,88,102,451,10,620,10,61,652,10,15,344,62,106,10,26,10,62,418,202,10,10,211,10,683,543,721,407,337,18,543,10,39,12,37,264,10,10,406,16,55,233,25,20,131,289,169,31,414,10,10,10,10,45,10,21,36,40,26,556,10,5440,10,10,2601,10,10,105,311,31,20,1326,10,55,10,11,77,198,95,265,18,26,16,82,7299,13,181,448,24,62,41,10,10,148,83,13,10,34,121,10,10,46,10,927,10,10,"PR"
196,594,642,814,10,889,800,905,911,454,649,702,365,683,311,320,364,417,972,264,208,416,299,899,1188,1624,229,487,44,834,439,621,691,607,832,282,146,34,1478,48,505,440,467,431,296,535,764,771,551,183,129,41,38,589,38,297,850,1127,654,305,422,906,236,122,134,315,901,71,1004,549,421,377,65,855,205,107,592,214,512,780,434,705,205,119,563,36,123,310,155,185,434,284,281,10,1186,32,331,337,173,154,192,10,170,244,235,18,77,32,330,47,297,681,10,57,51,64,319,18,27,21,11,48,41,31,350,59,161,47,70,37,118,55,219,183,171,171,162,244,229,92,193,118,238,271,237,480,200,678,131,60,229,327,161,675,192,131,2007,458,426,215,315,732,118,225,101,250,175,100,630,1292,380,159,169,392,643,686,52,144,599,960,640,443,590,112,135,129,109,156,120,227,207,84,148,194,330,120,534,201,304,168,545,65,210,216,170,806,568,10,182,118,152,169,345,394,285,265,94,211,209,138,171,180,124,157,139,259,103,718,225,143,236,198,229,251,18,204,10,208,1030,138,174,52,162,640,54,184,100,140,271,133,110,330,280,83,276,133,332,73,69,10,43,462,497,42,96,194,703,151,38,164,78,94,357,1558,10,207,151,174,105,16,165,43,274,124,147,74,739,435,175,202,214,1153,29,202,41,209,104,2622,1638,264,1047,1421,595,511,640,785,238,122,422,542,421,1677,36,380,694,235,356,204,289,186,43,454,80,726,563,24,782,170,539,856,341,712,331,195,267,216,591,1170,295,"PR"
141,232,612,803,10,1433,679,791,1214,481,911,859,710,857,312,70,585,623,984,286,320,508,379,1237,1784,2281,187,807,25,943,320,736,928,539,1018,378,169,29,2099,35,622,358,653,419,429,461,865,916,661,213,288,17,37,657,13,437,971,1571,727,189,256,1226,281,96,130,382,861,55,1369,552,585,346,16,1145,586,275,657,195,463,695,496,967,161,103,683,17,101,604,572,263,430,209,139,27,2319,20,406,222,223,92,317,130,166,122,113,15,352,22,284,14,285,84,363,16,10,52,233,49,41,43,41,240,230,16,143,42,301,33,34,14,90,45,279,171,136,245,55,361,224,123,132,193,267,218,170,658,617,1047,178,32,130,477,326,290,239,117,2561,636,627,201,247,797,185,159,248,240,255,128,431,997,547,161,414,462,317,734,27,321,411,1505,936,792,922,181,145,238,138,194,272,182,188,121,190,181,443,144,936,563,191,276,150,14,233,143,190,1207,693,10,190,251,213,158,335,142,280,309,138,244,378,113,188,114,112,280,103,332,242,575,140,195,138,108,244,273,302,160,91,70,1530,149,139,70,260,967,13,338,188,61,284,173,148,489,358,176,245,211,607,54,62,10,38,199,622,24,98,190,969,201,49,201,116,15,411,1505,10,266,135,224,46,65,176,24,147,89,147,186,922,445,330,237,148,833,23,128,24,262,184,3663,1017,257,204,223,575,399,806,92,283,153,441,544,502,1473,25,374,760,324,186,165,250,371,12,576,92,863,354,409,486,178,195,909,402,818,167,231,255,294,526,902,223,"PR"
297,847,815,1306,69,916,1266,1121,1416,511,756,857,648,1008,520,53,401,459,1438,411,355,694,250,1141,1326,2250,288,772,64,940,463,777,906,730,1181,489,72,36,2007,56,534,531,636,358,479,723,950,1168,701,116,287,36,73,809,45,440,1071,1247,776,368,444,1182,291,143,100,284,923,97,1538,721,639,648,128,1018,213,169,744,186,698,1057,591,1041,143,115,939,36,168,470,103,162,341,271,274,36,1736,10,267,405,222,176,235,56,177,222,228,28,92,26,421,33,257,1423,10,81,73,83,105,10,51,28,69,52,45,52,56,10,220,61,91,43,165,75,280,154,157,191,81,258,149,102,114,173,308,374,208,509,424,865,109,68,175,411,234,828,142,127,2676,302,287,134,195,896,203,108,357,181,166,154,248,956,381,138,274,376,522,559,108,137,358,1214,991,344,859,120,103,264,118,189,185,186,242,118,246,276,149,147,898,231,125,199,249,40,188,82,131,1250,535,61,228,130,187,122,166,159,238,191,82,172,128,103,139,105,94,230,37,359,133,538,210,121,107,108,226,242,220,102,47,195,1414,130,130,107,73,1033,90,247,103,49,139,103,141,234,183,180,176,142,270,124,101,84,49,389,546,39,121,164,930,203,66,186,137,99,574,2435,14,151,94,184,90,117,127,35,75,162,121,270,996,610,289,281,170,1331,47,180,62,300,120,4258,1524,323,509,700,604,799,662,598,190,109,565,490,454,2636,49,539,636,327,329,312,221,118,74,296,261,846,308,294,457,89,571,1106,561,888,167,342,349,335,406,997,135,"PR"
325,832,675,908,10,867,911,728,1181,550,913,636,589,865,378,322,546,493,1206,336,343,564,306,1007,1228,1764,272,896,10,787,524,625,704,632,999,449,224,19,1682,25,491,494,576,341,469,596,717,940,594,257,382,15,20,758,35,455,892,996,802,354,486,967,332,145,138,231,892,41,1149,678,605,630,80,993,250,166,661,250,717,777,631,876,152,145,827,10,41,579,503,255,404,243,202,18,1659,10,332,336,277,150,219,10,316,351,290,17,998,10,414,25,265,171,321,10,10,12,348,24,21,37,15,609,597,27,240,38,161,23,18,10,178,38,196,195,192,193,137,237,153,137,166,144,354,390,253,407,383,693,129,16,246,438,270,369,131,111,2247,403,383,238,288,812,178,196,348,166,141,154,414,971,415,184,309,362,666,585,14,160,525,1058,739,309,699,127,117,160,136,158,236,156,155,60,271,174,288,108,873,234,214,199,255,17,221,129,185,990,407,10,193,134,154,138,300,310,191,225,123,216,259,84,170,134,132,336,81,304,173,713,128,164,141,116,211,192,42,117,38,230,922,160,164,44,121,885,10,241,338,90,332,144,124,287,180,240,494,151,226,26,10,14,22,363,618,24,156,153,728,210,10,207,115,29,552,1761,15,167,80,170,89,54,144,27,132,106,188,148,861,595,228,431,195,1145,14,68,19,250,60,3015,1481,482,349,372,510,618,526,598,187,118,424,505,495,1698,16,390,556,381,361,70,242,235,13,443,190,536,523,59,685,143,628,1032,404,773,216,131,130,244,354,973,179,"PR"
405,649,980,1301,58,761,1435,696,1500,662,475,758,411,875,296,117,271,914,1433,406,525,543,409,1645,2366,2386,142,442,10,933,548,523,701,793,653,250,148,10,2165,33,408,473,490,529,308,845,1172,715,646,399,184,17,10,647,17,318,960,1288,853,377,219,1182,292,101,87,380,848,10,1336,377,549,336,78,1112,48,35,635,293,455,756,601,1160,192,234,462,21,22,505,373,211,635,298,385,10,1949,10,470,418,87,59,88,10,396,455,383,20,78,12,440,13,208,65,10,10,10,10,190,47,110,50,16,118,98,14,202,10,34,10,10,10,86,12,47,123,203,172,362,203,283,225,80,195,217,424,254,425,130,807,182,20,144,477,251,91,189,155,1961,178,178,298,355,820,37,237,292,156,152,227,155,507,233,98,366,368,470,728,10,90,165,1062,751,130,194,158,163,32,65,20,60,174,186,58,131,106,525,174,711,106,260,217,88,10,240,131,121,834,625,10,222,139,85,156,308,10,112,379,295,276,302,105,166,97,135,132,58,124,153,520,17,100,79,160,127,158,10,187,26,122,249,221,118,59,354,938,10,179,67,10,413,215,115,403,372,97,438,192,62,31,59,10,16,395,557,10,151,178,1125,136,10,198,31,10,366,1798,10,102,169,127,47,61,175,13,137,22,79,767,722,403,149,315,248,1582,19,33,10,201,164,3377,713,207,329,412,711,420,407,365,236,136,542,536,771,1979,18,51,959,193,516,53,260,470,15,821,12,112,405,10,248,203,334,988,256,490,43,58,53,266,82,542,198,"PR"
16,111,310,785,138,613,511,708,888,310,427,594,396,694,482,49,351,404,868,205,245,550,140,774,1090,2218,259,347,146,415,334,543,887,317,1290,293,130,60,2620,205,367,419,559,202,370,595,449,776,478,36,183,112,212,536,246,385,575,1156,488,161,993,740,182,134,229,202,685,288,1021,603,541,288,17,896,38,56,771,220,367,668,346,544,145,92,620,122,56,359,120,139,276,82,174,106,1239,168,247,221,133,106,116,986,93,93,66,142,102,169,298,167,208,1392,10,161,159,112,376,31,59,289,285,37,39,178,237,23,48,150,182,141,49,141,115,175,109,158,95,290,104,89,185,62,298,256,229,456,290,780,49,212,156,189,144,679,168,140,2455,265,233,114,212,678,88,125,279,141,138,75,452,938,589,135,197,265,1411,542,163,56,834,971,1114,91,790,47,57,324,100,58,65,147,180,57,215,133,77,94,686,122,137,178,184,200,119,63,173,1425,400,763,103,128,186,96,75,256,392,94,71,149,73,115,96,179,70,111,35,299,69,549,148,187,122,109,161,134,261,95,143,247,669,47,127,240,41,439,57,140,98,10,206,92,120,139,186,67,194,94,65,262,193,165,123,508,519,259,94,139,567,161,79,63,67,197,1028,1652,82,59,115,182,10,82,80,158,100,50,118,80,955,460,164,202,123,792,368,406,2065,130,170,5217,1236,135,188,263,389,624,707,113,178,125,304,492,297,2234,123,138,702,204,118,2819,190,75,239,160,267,439,140,200,1169,94,918,1108,357,994,276,63,132,297,254,544,62,"PR"
24,35,456,132,32,345,334,1027,2179,264,705,994,834,1533,1013,59,78,803,526,542,251,1320,161,528,753,3823,504,885,120,657,538,552,1451,476,2236,752,64,145,3746,183,283,729,1064,254,857,783,808,1607,1208,12,61,98,204,68,246,921,866,1926,410,86,809,858,631,49,13,520,465,345,2050,971,1068,515,158,1723,10,40,1314,235,55,890,172,139,11,66,1162,137,25,423,72,22,54,42,42,56,2131,154,10,481,96,63,131,10,28,10,10,170,14,141,700,232,199,134,20,182,51,132,128,45,38,317,284,16,23,27,68,37,13,174,195,102,148,139,33,266,157,224,133,381,108,230,58,58,661,381,207,316,53,1039,93,238,179,141,157,48,159,99,4711,191,100,11,36,1454,39,186,133,28,40,103,107,856,85,303,325,114,2936,422,77,10,338,1695,1927,36,343,139,116,256,85,10,102,282,308,133,377,207,108,193,1460,30,117,509,326,209,64,33,255,2144,229,10,67,44,278,63,326,86,32,121,125,221,237,196,50,90,145,137,10,196,24,300,14,51,134,58,202,74,49,60,109,169,120,31,140,238,10,909,105,284,10,10,10,151,80,349,391,30,144,33,10,220,194,248,138,554,740,230,183,74,671,170,88,10,50,150,1641,2185,149,43,10,211,157,214,134,178,111,19,80,163,1656,741,20,154,78,692,472,61,2500,48,92,8839,2304,10,105,117,259,1352,402,71,211,73,129,429,129,2630,188,17,256,373,30,3049,439,12,205,153,106,68,59,54,466,59,613,1932,669,1518,218,10,17,377,59,367,10,"PR"
155,48,758,208,110,482,827,1097,2237,347,905,1481,1184,1408,760,92,94,1108,773,594,152,1161,183,1146,1371,3401,612,1170,94,1402,1045,481,1635,932,2227,766,340,18,3308,149,440,987,1412,146,897,1399,1243,2002,1399,23,96,91,139,111,187,1050,1822,2430,353,127,778,1152,759,75,10,474,552,233,2095,1151,1345,973,102,1763,30,44,1563,417,83,894,281,423,27,79,1332,104,61,580,38,35,25,46,52,38,1653,125,20,766,82,77,115,445,28,10,10,141,10,134,721,144,181,222,10,12,10,120,593,44,124,219,158,10,13,10,12,147,21,102,113,71,124,128,40,284,219,289,127,564,76,295,41,114,772,573,203,220,69,1132,176,190,191,246,232,81,150,67,2926,193,138,10,38,1453,54,202,661,41,48,152,165,740,109,377,582,179,1498,308,76,10,190,1991,1700,36,368,97,173,201,100,37,152,401,389,237,501,106,123,237,1720,29,154,466,254,187,62,51,483,2219,199,29,54,57,515,51,192,66,88,215,207,368,415,265,181,84,206,118,10,351,37,328,10,72,146,111,196,144,186,70,79,44,128,35,204,195,10,1184,118,287,39,10,10,253,53,628,374,182,92,101,10,190,167,103,104,225,1277,177,307,62,380,79,86,59,81,10,985,1831,105,114,56,223,68,141,94,189,115,10,71,71,1846,1225,74,251,113,1537,204,88,1467,39,42,5221,1883,10,200,269,308,1869,614,430,256,37,188,302,175,2136,102,65,569,591,29,1833,530,29,85,312,461,68,84,189,191,35,817,2412,1031,1729,181,11,17,458,76,367,11,"PR"
264,135,959,708,10,1157,1064,1150,1823,649,1078,1042,911,1225,554,591,505,839,1352,545,304,755,489,1289,1701,2229,352,1232,15,976,604,1037,1201,967,1451,701,307,16,2260,29,911,843,1066,350,694,1029,1212,1379,891,103,270,13,24,520,29,665,1323,1684,972,351,485,1404,616,59,77,424,1192,16,1780,1011,820,620,22,1345,167,126,1014,256,252,1150,577,747,126,136,1181,21,71,804,318,197,350,224,175,31,2154,14,174,417,123,38,125,10,126,80,75,10,403,25,594,22,324,224,10,10,21,22,307,12,108,13,27,296,294,10,184,82,68,27,22,12,299,41,108,270,239,211,117,467,219,233,139,110,570,483,249,486,244,1175,171,25,199,642,458,165,238,84,1814,231,258,104,86,926,54,155,517,160,186,157,431,713,349,296,561,486,119,595,30,59,89,1672,1161,94,645,171,130,222,142,69,202,399,252,148,337,133,314,207,1242,142,276,401,95,46,174,95,274,1498,396,18,143,162,375,63,290,82,256,258,195,400,297,212,98,121,184,284,43,166,126,889,23,177,163,124,336,325,898,115,12,196,414,143,221,76,114,1194,10,289,233,19,62,236,137,694,422,363,266,203,69,16,61,10,24,757,952,34,229,130,1104,238,10,181,75,10,674,2150,14,294,127,194,42,51,179,33,142,25,139,177,1318,988,153,301,359,1300,40,156,106,101,213,2771,939,413,111,151,597,902,502,64,314,108,433,535,460,1855,33,68,733,479,163,478,343,146,15,570,77,173,471,1819,151,159,560,1419,664,1192,262,41,70,350,200,551,274,"PR"
359,616,750,997,41,1239,904,883,1123,542,626,768,549,788,318,49,465,648,915,561,543,537,252,952,1070,1545,273,555,10,737,688,662,729,677,997,410,280,18,1232,34,686,479,493,352,498,718,1034,921,735,140,317,27,22,494,19,389,916,1086,833,533,421,844,371,118,210,161,1046,60,1087,673,671,516,72,1041,146,117,514,336,474,771,534,636,191,151,659,10,93,413,76,238,390,239,246,16,1221,10,589,387,211,137,172,10,221,365,245,12,110,10,430,33,269,145,10,38,10,23,569,10,41,60,24,56,55,12,10,75,127,10,19,12,210,41,122,214,164,223,197,367,189,162,73,135,369,373,320,448,288,676,113,32,223,406,287,517,119,114,1447,75,48,230,233,724,162,247,369,66,113,175,210,880,334,200,390,363,39,566,17,129,340,959,845,234,574,121,79,215,144,149,200,227,182,36,249,283,252,193,877,166,183,105,269,11,193,91,244,905,404,10,201,148,143,110,199,306,365,160,152,203,152,128,160,151,147,232,140,338,237,364,283,96,93,139,270,205,10,121,21,368,606,151,205,38,49,808,10,276,195,22,433,150,155,233,215,282,579,138,158,64,10,10,27,466,531,30,105,106,796,190,36,213,113,17,443,1386,17,328,64,116,74,16,129,18,166,119,173,399,787,524,238,374,179,960,26,235,10,193,98,2156,1054,467,422,515,598,542,474,420,207,144,491,518,505,1380,13,200,615,333,313,38,225,173,34,513,105,361,234,18,453,160,657,888,456,813,198,213,254,278,154,811,172,"PR"
185,486,733,864,57,884,859,867,1326,430,824,772,680,911,395,413,441,560,1168,380,331,659,309,945,1279,2482,224,509,48,721,412,858,991,626,1279,435,89,23,1872,40,537,507,663,325,546,898,825,1184,692,135,236,30,32,976,39,412,988,1546,875,316,437,1204,346,181,166,371,780,89,1530,776,670,474,109,972,432,231,794,248,588,771,550,896,139,148,717,46,52,435,201,197,371,219,190,10,1874,29,242,424,260,233,302,691,143,147,170,21,256,10,357,24,315,160,58,10,18,47,211,11,109,10,27,211,183,52,139,60,188,33,33,28,179,57,295,178,132,197,133,303,143,149,98,63,366,368,293,389,442,923,120,46,185,439,333,1044,243,122,1988,444,407,225,70,919,190,206,321,219,157,139,382,970,602,186,322,424,1106,621,48,177,927,1279,980,272,895,145,111,327,148,186,135,247,236,147,179,152,245,120,877,188,149,222,150,63,171,103,197,1233,437,1036,182,150,191,178,163,228,540,205,115,164,137,145,153,183,114,302,85,381,137,588,251,217,133,106,200,208,189,116,39,89,1528,119,156,61,119,958,10,274,304,83,93,133,139,270,197,133,216,130,320,67,77,33,36,265,577,38,161,141,999,232,19,214,103,10,496,2238,27,184,161,207,60,10,132,44,137,128,166,175,1053,557,315,381,131,870,47,235,70,256,129,3730,1044,395,228,263,588,656,636,115,224,138,400,518,374,2237,37,385,648,247,241,330,295,179,24,306,421,915,289,238,993,94,540,1178,456,943,229,200,310,252,594,706,179,"PR"
460,416,1070,1031,10,1265,1382,1037,1470,733,982,1050,763,1094,416,292,306,640,1519,590,183,627,560,1308,1781,2087,312,1121,12,1131,761,802,1015,998,1089,597,287,15,1927,10,569,661,759,359,503,1098,1290,1220,755,280,179,10,19,527,26,428,1185,1306,883,576,399,1196,430,101,53,346,1016,16,1376,886,612,792,64,1072,241,133,803,303,314,1048,788,1031,151,159,1014,13,25,601,489,138,286,190,244,10,1774,12,268,572,217,222,216,10,127,162,131,15,104,10,564,19,290,179,77,10,10,27,513,10,142,47,10,236,214,10,47,38,145,10,10,10,132,29,171,272,273,276,170,338,200,217,136,258,317,493,319,426,126,986,191,11,173,510,287,487,124,69,2389,416,415,196,387,990,68,279,326,59,192,220,397,945,250,208,408,344,611,648,15,38,376,1491,911,97,582,193,145,402,105,174,206,220,267,103,240,127,373,206,902,122,270,290,626,50,124,153,223,987,378,12,170,142,189,81,391,332,621,368,143,312,228,147,173,78,159,199,130,123,56,738,218,181,98,277,336,322,563,90,23,244,434,133,156,40,49,1144,10,267,55,27,125,225,118,487,274,307,290,169,69,10,16,10,10,600,687,27,283,115,880,184,33,193,112,14,391,1931,10,286,77,119,85,10,153,11,138,35,139,358,1117,964,352,351,259,1603,32,184,43,122,123,3235,1736,126,527,696,654,831,581,1022,227,66,709,518,524,1824,10,234,663,492,251,179,446,376,14,810,112,207,658,1330,510,126,681,1247,632,912,263,241,213,237,149,955,262,"PR"
10,10,10,10,27,13,247,27,68,26,242,391,140,238,57,10,552,175,75,41,126,602,59,10,144,2214,10,21,276,22,10,49,243,10,935,46,181,318,1320,288,21,228,509,215,177,135,84,68,138,10,21,241,162,47,450,485,10,907,16,10,31,10,108,10,55,258,148,347,810,71,227,10,195,423,10,27,647,53,16,57,76,227,65,10,204,190,10,148,95,63,53,90,29,114,2654,273,15,10,10,15,575,10,10,10,10,245,18,241,32,259,52,315,10,255,329,186,26,164,137,283,385,10,10,232,119,10,41,284,381,287,10,212,391,111,63,10,79,238,12,21,76,20,250,75,182,759,144,611,128,355,125,54,203,44,267,239,2321,298,152,10,38,84,27,39,299,243,118,10,189,291,674,108,84,405,612,718,394,424,1033,47,295,77,3268,84,75,476,123,10,36,162,209,95,174,167,10,257,108,660,54,262,10,288,163,15,310,1588,768,59,53,80,171,103,10,10,149,10,56,36,39,297,14,236,103,96,76,765,33,473,10,120,181,10,251,10,25,98,265,35,2806,10,283,488,10,23,151,465,172,10,195,43,60,398,512,10,110,92,45,405,308,320,116,790,108,363,42,89,218,50,145,10,94,281,452,10,147,10,80,709,232,86,112,327,88,10,79,126,28,17,14,140,75,108,628,91,5081,10,136,8081,36,10,59,43,28,22,1458,10,138,120,125,529,116,23,260,10,106,252,11,5294,45,175,323,121,145,549,10,10,1289,51,21,19,10,769,108,10,37,281,375,10,10,"PR"
145,523,622,881,10,762,949,738,1162,414,497,759,448,783,455,82,416,393,1208,306,256,586,190,962,1144,2230,191,327,127,697,377,747,778,705,1091,403,86,71,1891,90,620,443,529,362,374,585,773,881,560,188,225,48,110,896,78,390,850,1270,727,257,683,850,261,116,134,263,1003,106,1446,625,634,315,99,1239,159,128,666,192,545,722,604,1048,237,108,690,79,154,390,149,199,325,217,177,62,1205,44,404,272,148,82,144,10,83,124,99,59,68,71,270,94,142,233,10,98,104,69,363,36,35,61,75,45,50,121,178,190,139,80,148,58,121,132,174,99,112,105,98,215,129,81,190,119,372,258,346,426,241,1048,96,95,171,376,230,995,180,129,2712,344,261,204,265,857,137,171,347,64,169,159,508,615,341,162,256,277,531,511,116,104,550,965,975,262,569,99,77,319,96,29,96,200,154,61,289,150,262,122,675,172,194,154,338,112,158,132,165,1364,439,84,128,80,145,113,143,316,444,207,71,159,98,106,81,116,84,175,12,412,79,842,313,219,145,155,154,174,930,97,85,296,872,89,143,169,130,954,10,210,34,38,266,125,106,294,256,170,251,131,199,55,110,172,71,820,517,79,147,170,800,161,49,72,74,122,794,2015,79,179,122,173,75,134,100,78,186,95,92,99,966,497,360,189,188,1104,128,182,264,162,69,4262,1551,244,366,447,572,534,749,352,166,112,547,487,403,2147,59,278,595,307,193,784,151,135,66,289,208,569,436,1265,719,126,640,860,341,765,286,368,455,249,302,548,94,"PR"
10,24,241,70,352,564,396,549,996,103,394,968,655,863,220,10,228,521,586,242,196,1118,126,188,398,4279,51,174,157,358,184,206,1422,73,1626,282,412,530,3233,298,588,235,905,176,365,444,407,601,931,10,13,237,340,97,356,503,232,3134,233,10,129,717,345,30,28,387,386,427,2756,510,806,13,183,1215,27,61,1269,54,12,230,184,379,85,16,732,222,13,206,64,74,86,68,10,244,3086,90,40,33,10,10,118,10,10,10,10,312,10,216,159,230,116,327,10,216,110,249,115,132,144,10,91,13,26,206,36,247,49,303,266,157,10,220,93,115,21,57,96,313,53,44,66,280,315,59,220,610,68,1665,151,340,99,141,237,28,261,10,2943,508,334,10,104,621,21,91,412,141,149,18,185,459,198,180,269,202,1198,481,172,10,252,1230,963,63,1050,144,133,248,94,23,29,446,254,60,230,91,163,168,859,81,129,295,174,318,114,14,131,2861,408,54,59,10,350,68,139,123,309,95,49,133,14,215,10,85,103,47,44,506,38,565,10,151,213,10,239,27,57,130,272,47,276,10,141,380,17,225,240,152,18,29,61,153,122,909,497,99,84,114,10,347,403,116,240,302,606,240,70,56,917,79,152,10,67,332,1148,341,220,70,28,327,83,195,104,336,222,10,66,88,899,186,31,58,142,118,709,185,3168,15,129,9044,345,10,39,85,227,178,1190,10,244,48,144,384,87,586,111,19,254,234,10,4396,203,198,330,165,134,149,10,50,201,150,40,498,180,1165,123,32,43,337,166,128,112,"PR"
223,416,692,1102,182,1118,1208,1078,1371,557,632,865,600,916,408,359,350,417,1449,349,167,504,217,855,1265,2335,162,392,45,842,490,717,899,729,987,461,129,89,1907,85,557,511,448,399,361,626,979,786,610,285,159,56,46,539,78,321,988,1475,817,321,335,1137,290,95,110,301,614,146,1300,655,654,430,140,1027,281,149,659,194,407,758,496,944,228,119,674,60,164,396,271,161,434,317,175,80,1751,29,237,420,148,145,185,10,122,214,189,45,79,59,337,106,277,574,10,60,37,54,373,43,53,25,47,113,103,29,101,166,167,89,147,46,129,46,239,166,204,128,115,222,221,91,220,104,213,316,356,404,234,795,102,81,195,524,207,824,157,116,2946,464,465,232,285,900,101,186,227,184,127,112,317,1207,463,172,338,318,123,617,107,135,581,1135,961,465,633,149,123,211,65,93,97,203,182,37,164,144,254,122,807,180,258,99,364,58,170,137,124,1080,621,10,145,140,142,156,253,307,240,257,75,138,112,99,144,79,131,172,35,221,73,773,294,261,112,162,189,260,51,134,87,209,1063,133,109,95,158,855,61,215,272,60,363,117,113,318,215,171,224,168,297,44,107,25,64,344,489,61,116,176,993,136,82,127,79,119,447,2144,37,196,101,161,92,46,131,72,187,91,56,128,1049,521,227,161,173,1311,120,92,263,163,173,4218,1714,178,842,1050,608,469,783,770,209,96,409,497,470,2080,62,364,652,276,257,751,291,293,47,262,169,732,632,76,801,131,561,931,433,743,268,236,276,220,357,1108,226,"PR"
505,187,838,546,10,805,916,943,1065,629,816,890,617,800,439,418,238,663,1031,527,196,586,505,912,1070,1280,404,695,10,919,593,755,787,872,997,542,227,10,1214,10,585,538,713,363,570,788,793,880,690,124,217,15,24,332,21,468,998,1053,714,451,414,896,465,115,38,428,840,61,1026,727,617,677,51,853,275,162,665,352,268,892,607,630,166,196,825,10,93,608,204,103,221,184,252,10,1149,10,219,560,193,102,163,46,98,126,103,11,153,13,502,23,293,572,13,10,10,10,518,10,72,46,10,192,169,10,99,53,124,10,10,10,238,42,134,362,280,335,172,359,163,261,169,172,481,501,345,351,111,713,216,29,224,499,328,262,207,74,1401,347,378,144,258,820,87,299,404,89,189,264,465,994,182,346,407,349,764,537,17,26,389,993,765,137,503,231,131,263,135,147,189,371,305,172,280,155,498,240,777,74,380,363,574,21,240,214,301,827,309,19,166,134,276,108,516,489,274,381,205,379,359,224,180,155,245,272,105,170,49,641,63,184,175,314,327,292,581,113,25,88,471,149,275,37,93,757,22,299,73,16,51,279,115,326,206,413,450,228,69,47,31,21,20,591,664,27,306,97,674,158,39,194,109,16,388,1280,10,297,110,238,92,10,178,27,255,63,163,324,823,731,134,261,462,1177,16,279,50,57,145,1685,1131,58,668,808,555,731,583,847,336,76,497,471,503,1273,13,142,522,447,180,159,388,153,16,467,56,279,528,1030,438,187,685,985,527,825,300,128,156,242,204,862,255,"PR"
195,599,496,887,10,644,825,831,942,421,528,589,400,621,366,219,293,350,1169,230,153,455,191,949,1181,1964,230,378,41,746,378,563,763,450,985,336,141,103,1745,106,452,423,447,395,308,449,703,812,521,210,182,62,66,467,121,240,693,1241,594,254,465,950,203,127,90,267,538,114,1074,596,553,347,92,708,571,354,473,160,614,766,415,764,216,103,655,64,142,259,78,167,342,236,164,19,1573,68,572,323,248,363,282,10,132,215,194,41,10,66,346,88,261,455,10,59,97,76,193,70,107,126,38,11,16,36,129,136,305,114,120,55,112,58,462,148,165,165,138,201,189,93,310,124,194,208,344,493,190,671,111,104,148,379,215,1080,182,150,2936,704,671,253,207,665,179,142,174,168,163,113,254,1208,346,129,167,320,1569,577,84,170,910,892,890,798,1155,100,121,323,120,267,163,150,184,86,132,182,206,121,603,299,184,243,319,65,169,145,167,1045,527,13,103,139,107,131,164,401,310,205,89,173,165,134,132,89,92,218,188,348,171,513,303,235,132,171,185,203,26,122,97,110,2014,124,137,130,141,663,69,256,31,46,311,113,125,259,128,134,305,154,659,138,129,10,78,520,420,86,113,137,790,158,90,150,112,137,557,2082,68,161,99,195,139,28,115,96,151,248,112,76,822,464,208,211,153,1170,116,233,735,179,143,5002,1872,127,710,965,494,505,862,724,192,102,379,490,414,2242,76,937,726,213,229,1293,238,195,77,234,119,1515,364,66,1258,137,612,946,354,767,271,234,337,261,403,977,207,"PR"
143,493,656,1031,161,753,884,1047,1375,437,709,802,639,930,441,190,350,434,1226,284,271,658,237,1465,1743,2647,228,614,58,829,315,706,760,541,1266,229,194,72,2553,127,500,599,593,327,242,623,760,937,582,164,110,39,88,721,146,391,841,1261,632,258,731,895,250,122,94,192,757,110,1402,775,572,415,102,1161,79,88,623,213,548,734,595,1094,162,91,796,47,196,381,756,155,404,241,382,30,1706,58,308,323,136,84,112,10,143,206,171,41,112,50,299,87,221,237,10,88,26,69,772,42,79,107,76,208,196,78,84,28,66,93,133,41,137,97,136,146,135,129,150,352,274,115,228,111,243,229,333,529,197,838,112,81,172,340,202,1139,129,124,3872,389,385,210,484,741,79,175,288,48,112,123,612,1421,374,196,274,344,932,537,99,88,636,1234,1015,173,467,110,117,398,81,78,60,213,149,33,212,111,200,127,780,150,324,186,298,106,167,69,155,1305,551,10,192,114,131,113,230,559,364,187,100,214,133,76,166,73,89,123,61,191,61,714,220,148,124,171,204,164,412,93,81,451,813,125,104,89,155,867,58,238,56,10,306,144,93,374,343,172,221,106,99,95,95,36,58,751,500,62,120,179,796,154,80,150,46,45,638,2076,54,134,70,148,152,23,132,37,121,55,100,207,1012,590,246,99,88,1125,132,236,417,171,109,5936,2212,69,503,628,444,604,813,540,185,74,485,471,442,2356,59,176,820,322,245,973,227,144,48,309,123,495,471,571,756,107,837,952,507,880,266,217,260,297,92,1329,87,"PR"
195,563,561,713,10,792,747,651,1147,364,657,687,551,814,468,46,427,570,1004,323,282,760,247,998,1115,2338,241,643,76,896,317,643,824,460,1335,402,185,47,2516,58,475,473,672,301,522,463,642,768,655,142,261,31,81,567,73,530,578,1027,618,207,541,965,248,111,92,314,564,77,1406,659,737,519,78,1068,342,274,842,319,843,725,586,990,194,104,809,14,163,556,635,179,364,211,250,68,1659,34,354,281,432,264,413,16,202,203,187,34,569,61,314,19,214,449,860,80,45,31,161,10,67,74,25,625,600,66,148,55,185,67,107,43,166,76,435,151,138,211,87,280,137,129,266,110,384,287,197,489,272,750,83,66,195,235,230,382,278,121,3877,449,478,133,404,742,193,141,276,184,166,79,281,1069,336,112,274,400,748,355,75,133,890,1166,951,513,1647,102,118,116,144,273,197,153,175,104,274,195,161,117,828,337,221,241,236,37,169,148,218,1245,571,11,165,195,177,117,179,181,278,192,111,169,114,113,127,126,95,323,114,279,156,588,119,161,169,104,277,167,79,138,72,51,2210,117,177,81,123,838,16,335,58,107,157,122,132,292,252,86,163,74,555,44,94,34,52,264,484,51,110,130,655,234,55,171,128,37,1049,1963,32,147,98,245,116,121,131,42,141,253,112,240,816,505,115,198,94,929,96,427,312,193,94,6391,1985,123,275,364,457,712,805,280,140,84,438,383,379,2409,45,699,387,289,223,697,193,144,10,257,35,1301,273,32,969,92,476,938,374,912,177,118,150,290,487,921,130,"PR"
