data.1,data.2,data.3,data.4,data.5,data.6,data.7,data.8,data.9,data.10,data.11,data.12,data.13,data.14,data.15,data.16,data.17,data.18,data.19,data.20,data.21,data.22,data.23,data.24,data.25,data.26,data.27,data.28,data.29,data.30,data.31,data.32,data.33,data.34,data.35,data.36,data.37,data.38,data.39,data.40,data.41,data.42,data.43,data.44,data.45,data.46,data.47,data.48,data.49,data.50,data.51,data.52,data.53,data.54,data.55,data.56,data.57,data.58,data.59,data.60,data.61,data.62,data.63,data.64,data.65,data.66,data.67,data.68,data.69,data.70,data.71,data.72,data.73,data.74,data.75,data.76,data.77,data.78,data.79,data.80,data.81,data.82,data.83,data.84,data.85,data.86,data.87,data.88,data.89,data.90,data.91,data.92,data.93,data.94,data.95,data.96,data.97,data.98,data.99,data.100,data.101,data.102,data.103,data.104,data.105,data.106,data.107,data.108,data.109,data.110,data.111,data.112,data.113,data.114,data.115,data.116,data.117,data.118,data.119,data.120,data.121,data.122,data.123,data.124,data.125,data.126,data.127,data.128,data.129,data.130,data.131,data.132,data.133,data.134,data.135,data.136,data.137,data.138,data.139,data.140,data.141,data.142,data.143,data.144,data.145,data.146,data.147,data.148,data.149,data.150,data.151,data.152,data.153,data.154,data.155,data.156,data.157,data.158,data.159,data.160,data.161,data.162,data.163,data.164,data.165,data.166,data.167,data.168,data.169,data.170,data.171,data.172,data.173,data.174,data.175,data.176,data.177,data.178,data.179,data.180,data.181,data.182,data.183,data.184,data.185,data.186,data.187,data.188,data.189,data.190,data.191,data.192,data.193,data.194,data.195,data.196,data.197,data.198,data.199,data.200,data.201,data.202,data.203,data.204,data.205,data.206,data.207,data.208,data.209,data.210,data.211,data.212,data.213,data.214,data.215,data.216,data.217,data.218,data.219,data.220,data.221,data.222,data.223,data.224,data.225,data.226,data.227,data.228,data.229,data.230,data.231,data.232,data.233,data.234,data.235,data.236,data.237,data.238,data.239,data.240,data.241,data.242,data.243,data.244,data.245,data.246,data.247,data.248,data.249,data.250,data.251,data.252,data.253,data.254,data.255,data.256,data.257,data.258,data.259,data.260,data.261,data.262,data.263,data.264,data.265,data.266,data.267,data.268,data.269,data.270,data.271,data.272,data.273,data.274,data.275,data.276,data.277,data.278,data.279,data.280,data.281,data.282,data.283,data.284,data.285,data.286,data.287,data.288,data.289,data.290,data.291,data.292,data.293,data.294,data.295,data.296,data.297,data.298,data.299,data.300,data.301,data.302,data.303,data.304,data.305,data.306,data.307,data.308,data.309,data.310,data.311,data.312,data.313,data.314,data.315,data.316,data.317,data.318,data.319,data.320,data.321,data.322,data.323,data.324,data.325,data.326,data.327,data.328,data.329,data.330,data.331,data.332,data.333,data.334,data.335,data.336,data.337,data.338,data.339,data.340,data.341,data.342,data.343,data.344,data.345,data.346,data.347,data.348,data.349,data.350,data.351,data.352,data.353,data.354,data.355,data.356,data.357,data.358,data.359,data.360,data.361,data.362,data.363,data.364,data.365,data.366,data.367,data.368,data.369,data.370,data.371,data.372,data.373,data.374,data.375,data.376,data.377,data.378,data.379,data.380,data.381,data.382,data.383,data.384,data.385,data.386,data.387,data.388,data.389,data.390,data.391,data.392,data.393,data.394,data.395,data.396,data.397,data.398,data.399,data.400,data.401,data.402,data.403,data.404,data.405,data.406,data.407,data.408,data.409,data.410,data.411,data.412,data.413,data.414,data.415,data.416,data.417,data.418,data.419,data.420,data.421,data.422,data.423,data.424,data.425,data.426,data.427,data.428,data.429,data.430,data.431,data.432,data.433,data.434,data.435,data.436,data.437,data.438,data.439,data.440,data.441,data.442,data.443,data.444,data.445,data.446,data.447,data.448,data.449,data.450,data.451,data.452,data.453,data.454,data.455,data.456,data.457,data.458,data.459,data.460,data.461,data.462,data.463,data.464,data.465,data.466,data.467,data.468,data.469,data.470,data.471,data.472,data.473,data.474,data.475,data.476,data.477,data.478,data.479,data.480,data.481,data.482,data.483,data.484,data.485,data.486,data.487,data.488,data.489,data.490,data.491,data.492,data.493,data.494,data.495,data.496,data.497,data.498,data.499,data.500,data.501,data.502,data.503,data.504,data.505,data.506,data.507,data.508,data.509,data.510,data.511,data.512,data.513,data.514,data.515,data.516,data.517,data.518,data.519,data.520,data.521,data.522,data.523,data.524,data.525,data.526,data.527,data.528,data.529,data.530,data.531,data.532,data.533,data.534,data.535,data.536,data.537,data.538,data.539,data.540,data.541,data.542,data.543,data.544,data.545,data.546,data.547,data.548,data.549,data.550,data.551,data.552,data.553,data.554,data.555,data.556,data.557,data.558,data.559,data.560,data.561,data.562,data.563,data.564,data.565,data.566,data.567,data.568,data.569,data.570,data.571,data.572,data.573,data.574,data.575,data.576,data.577,data.578,data.579,data.580,data.581,data.582,data.583,data.584,data.585,data.586,data.587,data.588,data.589,data.590,data.591,data.592,data.593,data.594,data.595,data.596,data.597,data.598,data.599,data.600,data.601,data.602,data.603,data.604,data.605,data.606,data.607,data.608,data.609,data.610,data.611,data.612,data.613,data.614,data.615,data.616,data.617,data.618,data.619,data.620,data.621,data.622,data.623,data.624,data.625,data.626,data.627,data.628,data.629,data.630,data.631,data.632,data.633,data.634,data.635,data.636,data.637,data.638,data.639,data.640,data.641,data.642,data.643,data.644,data.645,data.646,data.647,data.648,data.649,data.650,data.651,data.652,data.653,data.654,data.655,data.656,data.657,data.658,data.659,data.660,data.661,data.662,data.663,data.664,data.665,data.666,data.667,data.668,data.669,data.670,data.671,data.672,data.673,data.674,data.675,data.676,data.677,data.678,data.679,data.680,data.681,data.682,data.683,data.684,data.685,data.686,data.687,data.688,data.689,data.690,data.691,data.692,data.693,data.694,data.695,data.696,data.697,data.698,data.699,data.700,data.701,data.702,data.703,data.704,data.705,data.706,data.707,data.708,data.709,data.710,data.711,data.712,data.713,data.714,data.715,data.716,data.717,data.718,data.719,data.720,data.721,data.722,data.723,data.724,data.725,data.726,data.727,data.728,data.729,data.730,data.731,data.732,data.733,data.734,data.735,data.736,data.737,data.738,data.739,data.740,data.741,data.742,data.743,data.744,data.745,data.746,data.747,data.748,data.749,data.750,data.751,data.752,data.753,data.754,data.755,data.756,data.757,data.758,data.759,data.760,data.761,data.762,data.763,data.764,data.765,data.766,data.767,data.768,data.769,data.770,data.771,data.772,data.773,data.774,data.775,data.776,data.777,data.778,data.779,data.780,data.781,data.782,data.783,data.784,data.785,data.786,data.787,data.788,data.789,data.790,data.791,data.792,data.793,data.794,data.795,data.796,data.797,data.798,data.799,data.800,data.801,data.802,data.803,data.804,data.805,data.806,data.807,data.808,data.809,data.810,data.811,data.812,data.813,data.814,data.815,data.816,data.817,data.818,data.819,data.820,data.821,data.822,data.823,data.824,data.825,data.826,data.827,data.828,data.829,data.830,data.831,data.832,data.833,data.834,data.835,data.836,data.837,data.838,data.839,data.840,data.841,data.842,data.843,data.844,data.845,data.846,data.847,data.848,data.849,data.850,data.851,data.852,data.853,data.854,data.855,data.856,phenotype
159,10,90,10,10,10,141,10,63,10,91,10,10,10,134,83,10,94,109,10,535,142,36,10,274,10,177,167,130,59,119,34,52,141,85,235,132,32,50,10,29,113,59,10,76,10,21,10,119,10,10,132,10,47,152,34,10,90,26,29,105,54,10,51,102,56,22,10,284,113,69,88,223,200,30,10,10,75,36,10,93,74,119,38,10,79,31,22,137,129,64,10,42,95,10,97,108,108,61,79,10,144,92,921,195,10,10,10,34,52,10,86,10,10,199,10,69,137,78,104,91,43,10,168,10,10,23,10,131,22,69,29,10,401,68,153,171,10,86,46,87,62,88,11,10,10,142,41,13,39,176,27,1922,10,39,10,80,1406,61,173,30,228,10,10,81,168,74,128,37,103,412,60,10,10,29,16,81,10,101,10,91,28,203,32,10,84,68,115,475,24,10,10,10,201,86,10,77,12,10,162,10,38,10,168,10,28,57,471,10,42,10,172,10,50,10,10,10,28,10,178,35,78,112,30,10,10,48,27,10,32,168,365,10,60,43,10,10,77,308,354,48,10,10,59,10,10,10,72,53,59,154,12,132,82,56,109,250,167,75,10,10,24,10,10,22,64,10,71,10,172,125,15,88,10,45,204,10,126,204,87,39,25,10,154,10,56,306,10,107,68,10,51,33,62,52,75,59,10,26,142,14,110,10,321,10,37,25,165,10,37,30,174,18,21,21,34,225,10,10,12,32,35,158,10,68,137,72,294,56,10,200,54,67,134,13,47,54,229,10,87,104,100,10,149,10,35,41,105,60,70,348,10,57,10,10,24,104,10,75,10,15,17,10,97,87,44,10,44,10,66,100,86,287,10,10,23,38,47,10,10,10,10,36,10,10,10,55,26,10,80,10,10,65,162,58,25,10,62,40,52,301,130,109,47,19,10,10,300,186,1036,10,468,52,10,105,468,10,81,10,72,16,69,24,39,10,138,10,64,134,10,598,10,27,59,31,10,10,67,26,10,25,81,200,52,456,10,172,123,260,20,23,112,10,62,10,55,10,44,170,10,10,735,179,181,42,10,51,84,54,236,83,172,10,15,10,49,10,939,51,43,10,32,138,150,10,103,52,72,84,38,192,10,10,97,97,56,10,10,68,118,35,53,43,10,77,140,373,10,10,130,126,70,70,10,10,67,69,10,10,169,22,10,10,107,26,41,115,33,10,15,252,16,80,299,115,70,19,17,92,10,47,131,14,157,583,339,176,10,105,128,111,10,263,10,26,373,10,13,41,61,10,10,187,10,21,25,62,10,10,12,10,173,51,10,10,138,10,10,153,359,10,10,368,10,35,312,41,104,65,210,39,19,334,10,10,91,10,86,71,18,260,10,67,41,26,10,221,21,54,45,10,141,65,64,10,10,44,88,38,31,13,10,213,74,10,10,10,10,10,98,85,15,122,12,85,84,22,141,48,63,180,186,275,52,2009,93,137,10,39,76,10,10,10,1617,10,75,53,86,59,26,10,26,10,364,10,64,19,10,16,65,212,142,10,105,80,160,85,10,10,10,37,28,219,10,10,10,355,10,157,188,25,39,10,95,249,31,10,10,31,45,127,10,21,24,87,10,533,51,38,10,35,174,26,10,192,10,15,204,10,67,57,21,55,62,10,2914,106,35,48,98,10,598,10,64,109,135,116,221,28,213,10,1064,10,142,43,63,10,10,40,11,10,466,76,69,82,1182,10,80,103,10,10,11,18,10,10,18,116,123,217,93,63,10,10,71,200,10,141,467,30,10,10,10,176,182,143,73,174,28,40,63,115,78,10,462,175,111,10,43,103,95,1686,10,51,330,10,403,10,10,260,10,10,10,93,37,10,10,37,70,79,22,10,10,375,105,92,10,52,45,52,54,32,196,10,74,50,104,135,10,84,165,73,30,65,10,10,56,21,120,10,12,62,115,66,10,71,91,CMD
31,118,144,10,10,82,466,10,162,277,123,196,99,10,82,123,534,105,10,10,114,10,160,129,55,10,330,129,301,123,237,154,85,465,138,484,265,103,117,174,10,90,69,43,10,261,133,19,43,139,408,57,225,73,267,55,198,76,57,268,361,55,90,37,64,76,457,177,195,90,15,340,319,10,54,393,15,10,10,10,10,10,78,174,193,16,10,312,1588,10,198,10,201,129,117,151,210,10,39,10,24,237,234,151,169,10,405,910,157,237,10,10,102,352,162,16,201,10,10,10,100,69,10,10,304,10,10,109,76,289,10,82,180,60,19,288,286,10,187,106,10,84,130,10,103,48,358,123,333,10,246,42,678,748,10,10,217,135,78,312,156,336,67,51,87,147,100,622,153,247,108,10,175,10,10,10,10,66,130,304,133,133,10,199,10,280,111,448,1321,282,321,57,117,423,10,10,10,127,12,259,10,96,108,184,49,144,15,1746,163,45,33,160,48,516,10,250,52,88,10,10,258,10,37,10,10,111,87,148,309,10,586,282,373,280,118,12,10,408,16,10,78,10,198,10,10,288,10,139,289,121,298,10,201,547,195,243,81,384,114,63,90,181,381,109,264,28,204,87,10,10,2386,156,54,10,252,30,67,577,301,153,121,343,100,25,153,79,226,94,78,99,69,28,13,93,88,156,141,10,10,15,10,187,10,205,39,16,10,141,10,210,10,195,10,10,10,129,120,87,10,111,151,138,10,10,22,91,171,126,51,120,10,10,33,10,55,42,180,10,10,10,10,18,205,10,25,10,99,79,21,300,319,108,342,249,10,10,100,10,270,40,88,25,81,157,42,10,75,334,72,156,123,10,333,13,231,330,124,190,10,10,63,63,150,216,169,226,214,31,217,306,10,10,112,225,276,10,10,54,114,28,10,622,55,153,10,99,10,10,75,5618,19,598,145,153,45,10,136,34,64,10,150,190,21,99,10,10,267,10,151,33,961,99,18,93,10,91,126,10,33,10,69,129,18,34,507,10,136,334,166,189,120,240,13,10,100,339,10,22,22,10,10,10,10,1027,141,225,37,184,180,303,172,46,10,168,286,408,10,303,10,43,10,111,115,312,10,64,10,153,115,57,10,75,100,10,391,184,67,10,214,54,10,232,150,10,295,183,403,72,103,231,604,99,102,108,91,121,82,10,96,762,742,165,109,10,63,10,229,10,238,690,183,102,117,223,498,109,48,154,217,82,196,562,195,10,577,439,123,49,240,82,42,60,237,10,10,10,192,10,102,51,81,10,555,31,43,166,115,112,81,10,10,945,136,156,180,10,10,10,118,384,48,10,328,10,102,865,63,94,3198,247,160,19,408,10,10,96,160,306,30,70,19,16,79,288,25,10,10,31,150,216,10,10,94,145,10,250,37,225,82,186,10,90,141,40,76,66,88,189,103,225,10,10,18,130,229,232,169,382,243,225,10,448,181,274,1876,334,10,102,249,171,112,60,21,2262,10,123,111,168,18,57,211,87,10,625,66,112,246,456,10,12,10,672,121,10,148,168,85,10,10,225,81,58,10,345,10,868,384,10,262,94,124,156,271,10,348,1117,765,10,10,84,153,69,190,10,73,141,2014,58,19,354,123,412,10,274,10,10,51,663,276,109,1588,168,810,93,10,2676,81,82,36,390,10,99,154,141,94,75,10,12,211,10,222,1299,10,253,10,187,10,10,10,48,201,172,79,171,142,11520,10,162,10,21,103,84,10,10,10,10,48,168,232,10,10,10,73,253,130,10,121,565,10,931,228,10,313,10,217,133,10,10,51,10,111,18,207,286,192,123,288,270,252,766,4106,246,93,10,51,19,12,486,663,10,10,10,99,118,165,10,313,57,217,96,294,273,442,10,222,10,82,10,10,202,10,168,10,222,127,105,400,21,42,36,90,42,84,147,10,562,328,226,247,90,252,346,34,462,259,186,CMD
259,181,10,10,10,138,1156,201,90,10,35,98,673,10,281,95,612,61,202,10,102,80,166,10,183,248,104,10,515,71,622,356,13,126,447,10,725,10,29,1685,10,10,266,114,32,87,116,160,31,152,10,347,499,388,394,125,10,171,80,113,138,831,576,35,464,377,1977,50,163,59,10,220,10,10,111,198,369,332,150,11,120,53,110,80,205,214,131,2445,2812,49,107,10,105,180,134,135,229,10,52,226,65,913,330,260,99,636,259,655,53,37,10,10,10,156,74,128,59,122,10,101,230,62,38,290,400,10,117,524,20,1017,10,368,254,229,34,10,217,58,147,336,174,108,220,105,76,99,523,381,171,10,16,354,10,219,59,10,146,10,275,454,114,247,244,80,10,371,605,10,113,208,10,10,152,320,98,92,163,108,10,324,183,163,10,838,73,251,146,1131,3747,157,10,29,78,299,213,10,86,262,229,50,10,10,10,304,62,17,244,804,168,98,108,129,168,10,84,10,412,239,10,314,35,13,105,815,223,1144,55,147,32,187,335,32,816,1610,125,10,10,71,10,10,198,10,129,10,10,199,1508,10,62,154,329,10,125,278,99,90,10,163,154,90,68,154,317,10,296,10,77,107,10,81,10,93,529,80,743,32,10,242,265,138,220,385,187,10,1034,22,414,108,144,125,159,549,499,114,102,353,116,10,10,192,77,192,366,10,11,320,10,10,64,225,211,65,22,10,10,120,10,159,1351,37,37,125,117,10,184,17,10,53,10,70,10,19,10,10,81,156,17,290,281,107,216,293,13,10,47,68,192,126,84,10,38,10,107,13,10,19,29,10,135,348,122,99,102,271,10,153,779,11,10,1892,202,210,242,10,162,10,345,251,71,122,113,90,131,347,174,712,162,76,144,10,150,433,65,353,125,135,394,10,86,113,26,415,117,183,150,119,10,10,514,90,113,17,146,141,10,368,16,201,50,971,193,10,108,131,149,10,98,475,113,38,1007,10,180,308,10,178,239,107,38,138,10,695,10,10,52,381,3375,374,76,327,59,380,62,320,3233,99,10,32,10,275,201,195,277,6018,105,59,83,131,76,10,900,10,141,119,238,193,90,926,31,222,43,71,102,211,10,29,10,110,56,536,86,855,95,13,219,204,16,10,178,10,35,228,192,25,187,159,484,175,10,2165,23,290,107,10,767,32,168,10,217,910,2432,70,10,28,140,29,466,217,281,214,64,10,89,141,277,672,80,146,354,35,253,128,302,205,10,205,277,213,157,150,10,390,80,10,95,184,353,199,348,105,314,144,369,239,10,67,61,533,223,141,10,377,78,129,284,123,254,10,302,111,983,10,25,10,289,1378,83,119,55,451,10,29,10,10,174,186,636,265,450,96,642,10,160,214,125,41,10,26,111,3664,375,10,777,120,10,213,92,275,1369,10,205,159,250,98,55,65,309,263,10,248,271,87,301,171,67,73,129,123,269,187,137,272,78,141,3066,318,228,230,10,162,71,107,64,5121,10,117,47,2084,137,372,332,228,64,615,99,122,336,3297,44,10,190,187,10,95,64,329,938,320,73,10,175,360,771,458,108,73,301,1801,202,13,286,10,10,28,533,23,256,10,14,199,84,309,52,250,74,44,473,152,207,43,351,451,10,22,312,10,22,980,74,95,1970,186,219,211,242,5513,195,369,10,99,10,633,171,10,1064,70,260,10,110,10,138,1333,131,165,10,68,10,10,62,11,10,93,885,223,149,420,10,661,73,318,10,95,138,11,10,49,77,95,10,10,71,919,68,10,10,10,339,1229,10,876,588,74,268,10,156,152,585,104,40,190,58,93,405,10,74,77,172,251,509,751,1976,114,132,65,235,874,132,499,752,448,80,10,61,23,132,10,351,190,280,117,10,10,46,28,146,116,13,78,95,10,131,73,149,117,76,135,311,52,898,61,122,175,126,233,10,105,350,360,438,62,131,539,19,919,295,157,CMD
282,110,14,306,73,5577,7152,218,208,199,95,10,53,10,55,10,414,21,373,127,10,79,10,224,253,10,168,104,592,10,41,223,41,278,23,153,129,10,148,63,10,10,217,127,249,10,37,78,113,25,195,99,78,77,621,17,31,74,10,262,234,10,70,35,56,216,234,31,10,185,71,10,32,135,119,10,67,10,104,41,203,44,60,113,10,78,26,97,1942,40,81,176,53,283,22,150,37,10,31,10,113,174,41,10,206,10,318,407,110,202,10,10,77,14,96,43,184,55,10,100,35,11,10,504,542,10,50,10,265,112,10,45,161,133,179,10,10,117,295,249,39,10,10,10,152,15,793,28,342,10,519,159,934,211,10,10,628,10,10,381,86,225,17,10,98,11,31,78,10,161,428,10,11,217,36,10,17,10,198,313,232,81,329,329,101,160,73,192,712,10,255,848,154,10,114,52,46,139,10,254,35,10,158,266,26,21,10,805,52,32,77,10,10,278,57,107,127,39,10,30,288,126,10,164,70,66,75,80,10,20,751,831,186,450,115,109,10,23,136,185,86,10,109,30,118,370,127,270,265,92,10,94,256,263,39,10,10,110,133,57,89,173,350,10,263,179,208,103,56,68,10,88,10,107,254,860,10,791,429,189,187,263,81,10,10,75,136,133,37,122,10,10,90,149,144,115,376,10,143,10,25,255,159,205,134,165,38,52,127,325,10,230,10,10,43,95,250,92,10,89,10,40,10,10,57,257,52,182,28,10,107,40,50,304,77,204,65,266,77,10,104,102,10,10,10,10,92,10,285,63,244,49,115,73,26,23,251,71,217,10,179,15,266,464,57,31,10,50,10,49,188,85,324,33,114,10,10,82,67,117,10,10,37,65,12,72,10,38,122,10,10,91,81,252,443,31,66,101,92,49,32,176,212,217,52,103,48,10,10,2143,23,588,160,10,148,454,75,35,33,162,55,10,81,10,10,122,234,10,942,10,1096,10,168,10,10,171,158,126,10,41,303,97,10,124,520,10,171,26,10,188,81,202,92,68,172,394,10,10,66,10,65,402,10,283,272,205,78,185,86,10,144,133,10,37,94,248,124,34,25,140,36,10,165,90,10,214,86,109,104,26,311,118,10,58,267,35,10,10,123,97,135,121,55,10,76,420,357,94,87,56,405,165,45,156,10,10,92,10,75,378,327,362,51,174,61,10,10,10,101,644,514,10,120,207,168,379,103,111,297,70,62,254,248,37,27,391,10,121,178,75,118,100,497,10,40,44,118,94,267,248,197,10,365,10,10,139,14,66,52,214,84,337,118,144,220,10,10,10,118,353,71,10,10,217,46,246,56,518,164,217,189,84,1005,10,28,148,92,237,224,90,10,10,97,43,10,10,10,10,347,94,37,414,106,321,31,102,153,10,320,313,84,54,249,179,31,85,20,243,10,53,25,59,10,37,127,70,66,136,250,137,251,82,185,41,4389,10,10,153,200,199,13,144,14,9161,10,123,196,82,165,74,157,14,10,686,91,10,10,139,123,118,149,446,81,57,10,55,161,72,52,10,141,95,40,35,22,10,644,10,350,131,97,27,10,42,147,12,663,10,211,10,68,10,14,10,10,35,324,124,43,121,63,231,10,219,101,10,12,849,10,92,10,10,650,10,175,947,130,150,107,10,17,1403,243,58,10,10,63,10,153,10,217,962,205,183,10,225,10,31,160,10,10,394,78,176,92,359,10,51,10,10,251,55,10,68,10,10,75,10,10,147,66,10,179,265,258,512,152,661,68,132,10,144,160,10,208,110,10,155,37,10,67,86,358,1832,51,310,69,353,82,677,2335,25,58,1938,208,1151,107,306,763,10,56,10,134,426,211,10,220,185,44,10,10,101,10,73,141,23,86,10,20,10,69,545,10,114,10,136,425,26,74,121,112,84,10,26,10,131,139,72,40,10,203,63,107,10,10,194,CMD
438,84,10,60,67,265,1533,10,35,44,54,187,24,10,176,212,139,125,10,10,127,49,227,10,10,302,10,378,106,22,15,10,182,132,26,173,10,40,67,10,10,58,10,44,31,10,10,10,74,44,10,10,33,10,151,143,10,15,10,111,17,61,90,106,236,10,28,74,10,51,56,56,33,10,10,91,157,54,10,10,10,100,10,10,10,10,60,31,68,174,83,401,21,10,10,183,44,201,15,10,459,402,10,429,10,120,21,360,120,114,104,236,10,176,19,10,2258,10,203,10,77,10,201,602,49,10,176,93,12,10,318,10,261,10,595,10,222,10,10,199,10,84,114,10,319,53,14,88,10,84,17,10,10,42,10,196,10,14,10,10,75,10,280,141,10,56,70,70,68,540,185,10,22,196,10,53,10,12,114,104,31,84,10,10,93,224,263,37,125,95,67,35,10,10,176,151,10,173,67,10,128,84,10,10,10,12,10,265,10,47,10,58,30,10,10,445,28,10,10,56,160,12,139,10,10,58,68,162,47,19,227,10,213,330,10,10,10,51,137,10,58,10,10,26,10,10,383,113,307,38,10,10,67,212,10,10,26,10,10,10,10,19,500,38,114,10,10,118,10,10,10,162,10,307,113,75,10,19,10,40,10,125,183,10,10,22,56,10,30,10,10,42,667,75,169,10,10,10,190,339,10,10,153,10,10,10,79,70,77,10,10,157,159,15,88,10,381,61,10,10,61,10,10,10,42,49,49,72,60,10,10,88,12,100,31,295,10,10,10,121,10,10,42,10,10,26,10,10,60,68,346,10,24,10,240,30,10,245,10,10,42,21,10,10,10,65,26,143,10,58,150,10,67,19,24,10,113,56,10,300,60,10,75,180,63,17,84,171,10,220,28,162,35,10,243,90,68,10,10,10,567,10,83,157,75,77,38,10,54,164,220,65,114,86,15,10,35,10,123,144,86,10,95,10,72,14,17,10,10,10,1037,141,51,141,10,151,10,107,10,38,10,15,104,10,261,10,79,47,650,10,93,120,10,77,10,10,10,127,77,84,90,10,10,468,151,10,120,38,10,10,118,56,10,208,10,56,171,104,68,10,10,10,10,10,10,10,42,189,10,14,10,12,40,10,65,240,1251,10,150,215,68,10,58,10,275,10,54,10,173,28,49,139,199,10,10,307,10,10,123,10,10,63,10,136,10,10,10,166,10,10,10,109,58,162,26,10,10,10,10,1304,10,10,83,91,501,10,95,10,1185,10,24,79,178,10,75,10,10,266,10,10,42,10,399,35,28,10,853,45,141,194,10,10,47,67,10,208,12,10,10,10,10,70,136,10,33,2284,56,436,10,173,56,10,56,185,42,10,10,10,63,10,989,10,106,104,14,22,413,10,83,56,10,369,10,10,10,31,22,104,10,10,19,28,10,10,10,56,10,10,17,436,10,1019,10,58,10,93,116,10,150,10,10,56,10,72,10,10,10,83,10,28,127,10,45,10,10,10,173,26,106,10,68,100,10,10,109,164,53,75,56,10,58,134,83,455,107,10,10,125,116,235,10,22,10,666,88,1517,319,1231,10,148,10,10,10,10,134,75,109,10,162,93,10,10,15,250,98,10,10,75,17,10,24,10,70,10,10,143,109,173,10,26,227,139,38,10,84,10,10,10,245,341,10,337,10,10,150,35,15,10,90,300,22,10,10,10,24,10,10,10,51,137,88,75,303,10,10,10,10,314,10,10,10,72,10,10,10,83,10,93,148,10,10,265,265,616,10,28,10,10,116,10,10,42,314,10,10,141,44,213,91,22,83,61,10,40,10,10,150,335,10,21,462,10,10,10,10,98,31,1351,441,17,10,10,60,22,252,10,10,553,54,10,381,10,10,49,45,77,49,348,109,289,10,44,10,100,47,10,500,98,291,44,10,10,326,10,10,413,337,330,10,102,132,240,83,70,86,429,CMD
10,65,10,10,10,49,423,101,10,10,182,23,30,10,218,173,183,10,273,114,12,132,10,79,78,10,203,10,95,40,10,200,21,157,88,568,55,92,137,10,29,158,88,74,10,90,32,22,140,147,82,89,10,71,541,45,179,96,23,206,10,53,137,57,10,59,108,218,487,66,86,147,205,258,82,10,10,194,122,136,345,103,220,13,10,538,41,10,624,13,134,10,149,328,214,71,87,10,215,60,17,56,185,328,12,42,117,436,10,103,11,209,10,10,73,52,32,24,10,99,79,146,10,239,239,10,85,10,10,67,10,53,16,326,88,351,111,42,116,248,32,107,91,51,139,94,469,10,261,10,367,106,670,122,171,148,217,10,165,229,32,391,10,23,40,10,57,10,70,231,78,145,54,10,40,48,73,49,10,16,126,10,271,10,32,80,57,87,655,73,81,266,88,101,10,61,94,49,10,175,26,13,10,519,120,107,10,874,98,89,40,67,81,189,102,36,81,71,10,10,63,66,77,143,140,24,86,10,181,65,667,404,28,76,143,10,10,40,197,76,139,10,68,25,160,46,23,336,141,10,266,72,406,198,10,73,49,10,170,26,119,77,297,10,125,172,133,49,10,90,10,100,460,10,345,854,10,331,81,342,184,422,54,10,49,49,216,118,139,133,52,10,195,86,154,182,132,10,212,10,10,412,107,177,86,98,55,11,83,96,10,564,60,10,38,138,117,56,230,47,39,118,159,10,16,93,63,84,59,66,97,65,85,204,88,102,275,131,10,62,31,367,374,116,97,10,11,67,79,263,595,143,268,449,160,10,12,169,186,10,121,58,129,352,80,10,57,114,63,73,272,174,119,10,122,71,10,122,118,10,14,191,39,10,75,106,120,57,89,86,44,31,106,424,373,10,294,192,195,16,1553,153,137,10,179,126,10,10,246,2465,10,166,37,10,420,10,71,38,139,543,145,224,95,79,10,10,10,172,1060,10,474,90,145,15,126,116,162,114,13,56,188,118,172,56,974,77,169,209,256,10,145,411,21,358,45,555,10,45,98,120,259,10,60,102,62,10,45,64,16,34,72,10,10,140,120,153,10,10,10,179,75,101,42,177,10,10,186,10,206,11,73,61,179,22,156,98,10,10,137,16,31,273,70,10,197,167,290,10,15,10,79,236,135,10,240,159,163,10,154,737,3224,54,32,112,199,51,99,10,99,365,555,152,177,302,214,71,122,62,240,218,10,190,10,10,300,332,195,73,116,117,196,25,355,10,92,380,209,10,248,199,123,10,494,10,163,192,14,26,10,284,55,1035,205,10,144,10,10,10,313,172,16,10,246,124,169,874,125,209,1117,395,165,187,1522,10,1108,188,17,116,102,61,454,10,120,57,57,112,228,10,286,10,10,216,91,114,10,63,38,49,174,38,60,130,365,82,27,24,138,138,32,211,88,58,71,10,69,200,10,137,159,180,193,644,141,62,1676,99,207,65,186,204,10,144,10,3318,437,64,54,91,108,130,10,104,29,557,10,10,21,114,155,135,10,356,10,196,98,281,21,100,98,104,228,258,585,237,10,10,605,101,79,265,210,120,182,130,190,713,38,1128,131,682,124,92,10,10,57,194,2512,111,164,209,61,72,38,25,10,10,10,936,10,43,169,62,311,130,206,988,138,21,221,636,10,1188,78,10,367,10,140,213,152,93,128,673,54,188,92,162,10,10,63,171,10,182,267,99,24,489,121,133,148,172,10,67,35,95,10,10,70,68,10,117,10,40,310,421,302,301,342,492,37,941,290,10,10,10,176,10,204,98,59,89,44,10,356,1148,92,10,113,15,10,830,1953,209,157,404,35,591,77,285,678,10,72,10,76,10,71,32,65,10,130,48,20,27,142,10,38,32,10,10,15,62,77,10,10,191,50,244,49,120,367,93,124,171,10,110,10,119,123,74,206,10,10,402,10,10,28,342,CMD
10,10,10,10,10,280,1714,10,256,328,31,89,16,17,320,10,403,184,166,145,199,172,67,10,10,10,136,10,10,161,70,62,10,744,127,782,203,254,179,10,10,68,10,43,352,35,10,121,11,233,10,82,158,50,518,172,10,10,10,110,10,64,47,257,20,40,209,230,407,154,179,274,94,346,10,317,71,10,115,10,10,10,65,100,10,25,31,52,121,155,10,10,85,329,10,293,422,10,10,127,10,242,10,431,10,179,10,359,70,125,10,10,10,208,331,154,131,283,122,10,10,10,73,10,10,10,49,113,253,642,247,10,283,107,830,10,10,10,352,199,56,227,160,47,113,32,187,157,202,10,406,10,10,158,71,269,452,206,10,505,115,10,434,251,167,61,130,26,158,325,61,265,115,95,10,10,10,10,94,10,10,10,220,10,85,175,365,1080,1395,154,10,924,29,440,224,10,301,10,10,151,110,10,37,58,10,115,260,322,185,20,95,211,116,10,40,203,37,10,10,136,130,10,241,10,115,53,233,151,10,40,671,68,53,224,214,10,10,61,10,10,10,10,155,23,146,10,10,203,445,52,226,82,10,419,86,10,98,130,10,40,26,104,526,26,370,10,28,157,10,365,10,86,92,10,104,244,10,403,64,10,10,188,61,158,79,10,179,10,10,10,10,47,10,20,10,139,103,10,469,205,19,134,190,10,302,52,79,209,10,145,70,47,10,58,10,10,10,203,10,10,83,44,10,53,38,58,157,175,290,17,10,62,10,22,22,10,59,19,10,64,10,58,67,38,20,10,73,10,142,62,10,10,74,10,320,10,10,337,10,10,394,10,14,131,77,19,74,233,52,38,10,10,10,10,100,10,199,118,10,448,178,10,137,158,10,28,205,247,10,55,10,119,10,10,565,106,226,77,38,11,815,10,10,101,70,10,14,10,256,917,10,280,10,110,127,2909,35,10,128,10,67,10,10,70,10,95,217,10,284,52,223,44,47,10,653,76,10,179,155,20,10,88,335,10,23,10,25,55,161,10,94,254,25,26,10,206,10,10,271,218,46,10,428,304,10,10,37,134,454,10,85,217,10,145,43,302,257,1064,38,130,49,91,124,142,10,28,55,173,10,10,196,52,181,64,206,16,10,10,212,116,128,10,212,10,329,95,61,10,119,71,92,202,10,74,10,10,70,10,140,65,146,10,10,103,107,73,10,10,46,412,38,38,80,287,10,103,127,80,10,41,196,218,184,11,301,445,10,10,253,169,40,10,61,10,109,10,424,10,101,163,250,10,418,10,10,10,71,119,10,10,115,735,292,26,184,478,10,10,137,121,59,10,26,13,341,1335,64,10,58,599,10,250,1164,179,244,47,89,10,10,83,693,10,127,56,148,61,635,10,68,166,10,1017,37,92,10,152,184,83,10,26,137,68,10,71,29,221,161,10,277,58,10,10,10,187,10,164,314,10,196,10,10,217,146,131,1193,10,361,125,10,41,89,10,101,2736,437,35,124,71,128,20,10,157,44,569,10,127,244,10,34,10,127,140,142,290,272,16,350,250,119,71,10,244,148,350,10,10,85,208,10,770,70,10,10,133,38,14,58,10,182,217,28,148,82,232,31,161,239,953,14,10,10,10,107,10,179,10,10,580,10,184,254,98,461,55,232,1515,98,13,187,2156,10,74,10,10,10,10,158,10,329,238,10,10,251,95,10,74,10,10,10,10,10,196,82,110,31,413,10,10,10,166,768,28,127,10,10,166,95,20,94,10,10,10,40,440,113,134,10,100,20,10,10,136,10,383,10,194,17,10,26,31,85,17,10,176,85,194,10,19,113,665,1053,10,10,10,74,506,10,629,737,10,62,10,58,152,335,296,10,274,10,146,230,56,839,10,10,125,31,10,10,103,104,494,43,89,10,59,151,10,134,40,139,10,40,151,10,227,10,380,10,10,10,419,46,67,10,239,CMD
100,249,29,10,10,480,13131,10,37,10,56,40,29,10,30,173,236,97,10,10,654,235,147,10,297,10,156,84,49,97,125,10,251,18,56,595,16,32,10,10,54,32,164,10,179,214,36,121,34,120,110,10,10,10,230,83,47,149,189,250,330,29,59,77,23,10,10,10,298,40,88,12,10,167,10,10,10,10,10,10,10,98,110,10,10,58,45,56,151,30,99,14,133,340,83,15,15,10,10,20,60,37,152,10,158,10,42,163,10,38,10,1364,22,202,308,10,69,94,10,100,144,73,135,697,10,10,10,10,102,133,103,10,97,220,266,197,204,10,230,10,15,10,81,35,10,10,70,10,20,29,86,10,1832,45,10,10,210,10,10,277,50,239,42,109,43,72,912,122,60,90,326,76,22,91,112,40,10,10,93,90,10,77,456,10,107,116,164,10,1041,10,19,1925,135,81,10,64,10,46,10,22,10,25,10,124,77,10,10,233,84,43,117,162,137,298,36,10,164,10,40,10,50,136,10,126,10,10,10,127,36,88,316,177,38,335,41,109,669,246,562,284,37,10,52,95,112,27,200,468,218,55,10,56,10,80,55,23,333,161,10,181,55,114,218,10,251,24,36,10,10,298,205,10,10,10,80,179,27,139,10,10,63,89,68,165,33,10,10,43,113,55,71,10,143,84,28,137,21,10,10,183,10,10,74,10,184,10,51,23,37,10,10,314,27,10,19,10,16,88,10,154,137,10,614,10,94,129,60,402,10,10,169,55,109,10,10,204,24,164,72,64,48,289,201,96,31,18,11,10,10,49,340,10,117,173,10,3208,102,10,17,10,74,54,10,102,207,60,10,244,10,85,128,118,24,12,112,10,10,115,51,123,10,89,140,23,82,11,69,29,10,108,10,385,46,10,168,10,19,10,17,44,628,22,73,10,18,150,72,222,321,2047,415,134,36,49,10,10,122,19,84,11,24,180,10,10,10,75,196,10,391,35,403,42,10,10,10,25,10,23,46,10,187,52,64,10,124,91,76,100,47,16,10,77,10,65,10,121,10,10,61,150,10,10,10,133,10,10,63,10,10,10,11,28,10,45,10,155,50,581,10,65,28,46,73,102,10,52,16,47,170,50,227,23,10,126,17,69,10,10,10,48,36,70,157,10,111,138,321,10,22,28,30,68,108,10,61,90,58,25,128,308,10,10,49,10,50,149,244,83,10,49,10,10,27,324,89,374,96,55,177,21,86,10,36,10,61,239,30,189,192,89,160,10,147,10,20,128,10,10,149,23,18,10,283,10,206,10,80,55,10,171,186,334,131,10,10,166,10,10,74,250,10,18,10,96,112,1016,10,34,21,115,78,127,56,87,78,19,67,200,109,34,491,10,57,10,10,67,113,86,28,36,20,45,10,40,160,21,10,144,59,98,34,32,96,32,105,10,138,61,1229,115,78,10,10,31,239,10,47,10,150,135,69,422,314,64,227,10,10,55,84,62,10,10,80,3522,10,10,19,64,47,16,607,133,65,376,20,10,10,12,10,10,103,192,78,139,614,40,16,19,37,49,179,57,237,161,122,10,72,10,281,98,49,10,10,40,122,10,227,10,43,594,103,101,10,10,204,14,10,10,112,10,10,148,73,85,174,10,21,206,10,10,747,21,87,61,10,697,54,10,10,10,80,372,10,10,271,10,115,10,83,78,10,414,151,76,10,15,10,9003,62,81,208,208,116,76,84,571,10,82,85,261,33,10,130,139,28,163,85,122,152,126,38,78,130,10,121,10,120,36,22,50,10,131,31,61,22,111,130,126,62,19,10,51,36,10,141,10,51,442,125,30,984,10,190,271,102,10,81,307,181,10,10,10,10,56,10,30,108,114,152,32,168,96,10,10,10,81,10,10,10,10,93,219,10,21,21,52,25,10,351,69,31,253,156,158,10,108,179,76,268,190,10,289,10,82,10,11,CMD
10,62,54,10,10,1108,3482,10,74,10,413,1296,122,10,490,143,114,145,177,113,3512,153,56,707,218,183,10,10,10,15,34,10,269,161,18,354,114,101,184,390,167,169,115,46,83,260,297,110,150,166,10,96,100,13,216,56,128,173,116,256,64,17,170,232,1049,75,116,136,541,181,90,30,14,156,56,10,44,23,56,102,84,304,60,153,10,10,130,10,26,10,92,10,54,1015,55,85,46,24,66,66,40,287,68,10,120,1306,69,373,15,21,10,298,10,75,115,813,83,323,75,69,131,10,449,1019,16,10,10,10,53,99,10,13,92,345,119,288,10,54,47,80,182,86,13,269,10,409,105,558,142,79,10,88,10,10,283,139,145,10,864,137,38,10,75,67,211,10,1099,95,60,181,365,118,218,39,29,99,103,275,10,132,49,79,643,10,63,319,200,145,2942,10,592,1430,189,1292,102,67,102,49,439,14,1518,132,433,741,143,26,10,10,77,127,77,75,101,111,213,10,11,221,10,134,56,10,10,194,539,30,335,94,10,1593,135,1039,212,287,98,10,10,466,10,1191,10,10,61,35,10,49,361,455,30,54,207,43,83,68,33,105,38,71,103,1252,98,40,157,1157,304,128,106,63,10,105,10,158,185,115,136,10,10,330,28,10,144,241,190,612,10,26,33,122,10,10,96,96,234,10,139,138,98,10,312,150,173,207,10,94,10,50,55,430,98,342,205,832,14,15,41,112,67,41,57,29,135,67,43,10,215,115,95,473,88,495,410,10,205,16,28,10,10,66,124,72,264,220,10,196,67,635,10,19,55,10,245,175,135,10,73,10,20,115,90,15,187,416,10,179,18,118,41,45,56,70,122,120,10,54,109,50,273,79,35,10,207,307,114,477,10,1253,145,73,146,28,541,74,73,433,173,10,10,33,126,100,74,10,84,18,646,149,10,188,665,13,543,17,111,101,10,311,106,33,10,264,66,201,147,981,19,108,166,716,15,10,116,10,126,76,10,46,71,209,52,13,201,237,141,119,294,823,196,242,10,24,40,611,168,2113,10,108,10,10,44,10,204,450,324,197,10,10,10,10,66,45,133,220,351,103,26,73,66,24,130,152,71,134,29,10,10,55,142,67,25,1815,10,17,10,558,40,10,60,10,23,24,83,40,36,2583,461,90,92,256,52,42,10,156,228,10,1055,10,96,10,336,388,18,33,293,52,147,27,3148,158,21,41,10,10,10,342,10,49,37,10,106,178,10,103,44,647,427,237,10,181,10,39,28,447,502,10,262,360,27,132,137,196,10,37,952,111,221,37,10,176,49,238,46,54,13,96,10,10,205,10,206,307,265,49,10,696,202,8306,105,284,357,219,188,143,57,10,324,128,56,187,10,145,1176,10,176,78,111,162,10,10,118,10,76,861,122,42,134,81,141,41,77,10,343,19,192,70,29,201,437,92,10,437,153,213,56,50,10,42,11,54,92,143,87,57,169,10,10,254,10,104,153,35,103,354,10,2201,963,124,52,68,97,173,683,26,150,10,66,10,317,109,166,109,1381,215,10,10,58,107,67,10,10,98,43,86,274,111,362,978,166,1804,37,410,383,10,10,100,13,22,820,58,68,10,498,172,71,10,158,192,186,10,74,104,10,10,45,97,122,10,61,194,24,16,1337,112,254,115,152,10,138,47,107,291,3611,10,73,10,1118,10,210,10,35,817,102,10,195,123,33,55,1198,60,107,462,3637,320,494,109,877,226,10,2204,20,344,10,117,10,10,10,119,18,58,61,103,81,10,240,10,145,37,197,10,67,10,10,30,41,10,24,22,113,148,725,283,124,24,213,29,133,120,10,294,58,577,872,103,216,10,54,315,94,392,251,584,77,10,60,159,28,29,52,884,60,23,224,10,91,23,10,17,69,10,10,319,31,172,1409,154,50,115,10,45,424,25,188,189,171,36,10,49,159,96,43,37,10,474,10,387,10,86,CMD
148,66,148,10,10,238,1613,91,178,178,71,255,10,10,183,10,10,309,10,236,346,10,65,10,10,112,10,10,10,10,92,10,10,143,50,486,10,10,89,168,141,10,357,10,88,99,156,10,122,10,308,10,10,70,10,10,10,255,35,10,108,107,91,10,194,134,10,18,10,36,159,41,10,10,10,10,92,10,10,10,10,10,10,175,143,10,49,37,10,158,10,10,10,10,99,184,10,194,10,239,131,55,10,165,239,10,10,10,255,73,10,121,194,101,518,68,129,243,10,235,48,10,10,92,10,10,10,10,10,10,235,10,10,161,105,10,10,53,310,374,101,135,33,10,10,13,213,10,10,10,10,10,1531,31,163,110,10,48,10,145,167,10,106,10,10,429,42,25,14,77,10,10,10,207,10,14,10,20,10,140,112,10,113,10,373,10,10,53,1403,129,61,2329,99,386,10,317,10,159,88,158,61,121,10,10,87,52,10,330,36,57,10,154,72,71,10,10,32,10,14,10,10,99,61,10,105,50,10,398,10,10,263,773,10,237,28,10,3161,10,10,141,19,10,29,10,10,258,146,212,614,217,10,12,10,429,78,111,10,274,10,10,107,59,179,10,164,10,10,127,10,10,111,10,21,579,84,144,10,10,10,126,10,10,10,10,10,134,417,109,10,10,10,84,10,29,211,10,14,10,57,415,10,13,160,10,41,10,53,45,188,320,10,10,179,10,10,10,148,280,10,204,10,10,10,10,163,100,161,142,47,88,10,36,27,77,106,10,26,56,10,63,117,10,154,10,43,10,10,206,131,10,10,28,74,26,452,41,192,415,415,91,10,10,10,10,53,227,112,29,37,125,10,10,10,41,31,89,48,10,10,79,134,10,10,10,70,10,67,160,284,10,10,10,10,10,159,97,44,10,130,10,47,10,127,15,10,10,10,10,335,874,824,10,10,369,10,1377,213,10,24,10,31,10,50,99,10,45,316,10,10,10,10,124,106,10,10,10,118,10,198,10,119,10,246,10,363,10,75,79,218,10,103,10,54,75,10,10,78,15,317,31,10,10,10,608,643,10,248,10,10,10,90,79,10,10,10,10,101,710,10,111,10,10,10,63,10,10,49,172,10,15,10,10,10,19,127,10,10,10,10,149,10,27,164,10,37,10,72,10,13,74,198,10,124,10,10,228,10,10,10,10,10,10,10,10,10,91,10,10,10,10,10,219,66,43,10,10,10,193,10,87,281,10,10,10,10,136,191,272,313,13,10,10,10,10,10,10,86,84,10,80,10,753,475,10,10,32,112,10,154,85,19,125,105,334,10,10,555,10,10,10,10,10,102,285,191,5352,25,110,96,176,95,10,97,102,190,70,10,10,52,87,45,107,10,41,10,208,476,96,10,10,25,148,10,10,319,10,71,241,289,10,79,176,89,10,10,10,10,10,115,10,10,318,10,63,82,321,255,10,35,10,10,48,10,10,472,138,19,10,103,136,88,10,92,469,373,148,190,10,10,22,342,10,14,354,10,248,10,307,710,10,239,90,103,449,10,10,71,10,10,10,10,10,10,10,10,10,175,10,10,62,10,86,10,376,283,176,486,352,10,1040,10,22,67,10,164,68,268,10,226,10,10,164,10,25,200,10,99,39,10,10,214,137,237,29,90,377,1042,10,180,10,10,10,10,10,491,10,44,10,32,52,24,10,10,10,53,101,10,10,10,100,10,10,130,141,250,250,10,28,10,17,10,49,10,10,10,94,10,10,348,10,10,10,10,770,10,10,10,591,238,10,10,10,270,98,10,10,10,2224,10,16,115,10,10,195,282,10,653,295,10,10,10,10,79,10,145,10,27,182,10,51,42,642,253,363,51,70,95,306,64,10,113,10,10,42,10,138,137,43,10,10,10,136,73,188,43,10,248,125,393,172,44,10,213,10,10,74,322,273,99,136,26,170,142,10,201,59,CMD
10,27,61,505,10,278,10,57,92,54,251,10,10,614,10,196,10,10,10,57,196,10,10,69,158,10,193,10,139,46,278,10,34,10,189,10,390,81,10,111,10,185,390,10,274,10,10,19,10,69,10,177,10,200,610,10,347,10,166,254,791,77,10,189,81,10,475,10,177,10,10,30,54,641,301,10,100,347,305,123,100,231,19,204,10,475,119,10,2151,204,11,10,10,366,84,10,131,92,382,10,10,10,266,729,1374,10,671,10,428,84,401,10,293,390,513,278,200,10,10,119,297,115,10,10,10,363,96,92,46,189,69,10,10,84,10,10,652,65,196,10,181,196,10,235,10,108,10,10,200,77,158,169,10,142,10,10,494,10,10,270,111,61,96,34,92,131,10,10,729,30,10,10,84,10,393,212,158,11,185,10,10,10,10,10,27,10,10,10,10,359,10,10,10,10,42,111,10,50,366,10,34,111,10,10,10,10,23,753,10,65,196,10,15,10,420,10,270,10,278,10,10,359,10,10,10,10,10,10,10,10,1065,10,10,10,10,10,10,10,509,10,10,463,10,131,10,10,115,193,10,154,10,154,10,10,92,127,10,46,131,54,10,111,69,10,10,34,10,27,235,359,7109,10,104,822,92,2174,494,177,332,254,10,54,19,10,10,208,10,10,10,127,10,223,208,131,166,10,10,30,10,579,27,200,447,718,10,46,10,166,115,61,10,10,142,10,10,10,10,15,10,92,10,142,641,285,146,10,212,10,10,173,10,169,10,100,243,115,359,235,169,50,154,366,100,57,10,69,127,266,181,10,227,10,10,162,177,10,617,10,73,135,10,38,335,10,154,10,88,10,378,10,69,10,131,10,10,339,308,10,100,10,10,10,10,34,11,96,30,10,505,10,10,220,10,173,10,50,10,111,10,57,189,146,10,10,10,459,285,100,142,1270,343,92,10,10,227,10,11,127,10,69,10,359,127,10,15,10,10,10,216,235,4692,324,38,131,359,10,10,208,10,1432,10,88,420,10,339,27,281,10,108,10,10,38,111,10,131,10,10,10,405,10,10,297,10,10,77,247,54,108,270,737,30,10,100,10,10,10,10,401,10,10,127,10,50,158,2332,158,10,10,185,15,297,10,274,10,10,223,10,679,10,177,84,10,1521,10,123,10,251,274,10,490,38,10,10,173,61,10,177,1216,239,10,19,30,10,10,10,10,10,10,154,289,289,629,10,10,335,305,111,10,142,146,208,223,30,10,10,10,200,34,262,84,10,10,81,10,23,571,459,108,50,169,10,65,10,10,768,10,115,10,10,111,73,10,10,10,10,123,92,529,10,10,115,10,10,19,10,10,173,243,10,10,10,139,1575,92,258,10,10,247,10,34,10,482,92,193,88,10,571,212,10,104,10,281,127,285,281,11,10,254,305,61,10,77,154,644,10,10,10,193,420,795,185,119,108,10,19,10,10,10,10,61,10,10,42,293,5368,127,718,34,200,10,54,10,10,2846,10,23,10,10,30,10,10,10,181,42,196,10,69,567,548,69,135,10,254,10,81,339,212,177,169,10,30,46,10,10,88,10,10,10,494,46,10,115,10,92,19,50,494,10,61,10,10,10,10,10,243,42,567,173,10,10,193,10,10,281,235,10,10,532,154,34,347,10,10,10,10,482,142,61,10,10,10,10,10,111,10,482,15,10,10,92,10,42,227,115,166,1185,92,88,173,10,10,285,10,10,65,16000,10,10,27,235,193,208,142,567,10,10,15,10,10,498,490,247,10,10,556,324,10,239,10,10,10,123,10,212,23,154,10,196,10,196,10,150,19,239,285,10,38,10,10,10,10,312,10,6132,10,10,10,10,10,146,154,409,10,111,231,254,10,10,34,200,10,10,432,10,413,10,61,517,150,38,181,10,10,10,343,10,189,23,10,10,81,10,10,10,10,10,104,10,10,10,77,10,10,10,61,722,CMD
10,10,10,652,339,1275,4992,10,176,40,47,35,10,10,188,122,10,56,10,108,1276,39,10,10,374,10,30,23,10,44,56,10,101,395,48,907,20,90,214,41,27,49,16,10,10,36,10,101,36,126,149,114,186,16,10,73,10,591,36,227,10,10,133,56,408,47,10,205,349,109,110,178,97,369,10,308,115,10,22,10,10,10,99,80,10,10,113,10,22,22,42,10,135,384,28,206,42,58,45,79,23,10,61,10,151,188,113,10,107,87,10,285,102,83,305,27,19,285,101,167,141,10,256,101,62,10,10,10,117,151,10,42,10,460,10,47,10,10,10,184,71,53,36,127,16,10,148,81,128,181,10,18,3100,61,111,106,322,10,10,180,70,10,160,108,37,10,62,214,133,204,10,186,10,16,51,124,115,110,10,10,187,56,940,10,64,145,254,222,1310,68,117,534,23,375,10,64,65,100,10,10,10,25,10,311,58,31,10,64,10,116,15,35,68,466,70,67,10,10,629,83,174,10,119,55,30,10,10,126,10,85,41,10,10,266,38,10,3873,175,10,160,10,10,179,21,44,120,10,479,435,206,10,66,12,214,10,10,421,10,23,10,15,10,169,10,220,49,28,54,10,51,10,10,139,30,10,21,10,100,18,10,10,333,73,131,39,10,135,125,154,145,75,10,144,214,134,20,89,65,170,627,31,10,144,15,10,10,15,226,10,171,10,129,53,54,12,10,10,29,10,45,335,75,10,10,140,120,139,341,1059,10,10,161,345,61,62,10,10,44,10,151,10,54,68,10,37,10,90,10,96,10,301,75,64,10,252,46,47,120,131,10,10,10,10,102,13,72,10,159,10,44,10,10,55,14,10,10,62,16,10,93,158,597,519,10,10,10,102,105,12,10,32,79,215,61,620,88,66,300,62,12,75,91,246,42,62,31,10,235,265,486,527,206,18,10,57,4191,36,55,49,16,10,10,10,168,10,406,45,10,10,16,462,46,80,10,10,62,30,59,13,10,38,57,127,10,10,94,10,10,269,41,16,222,83,21,10,18,10,39,103,24,10,374,48,50,16,10,57,89,64,10,158,254,10,70,106,100,24,488,110,169,139,84,31,80,10,79,106,91,10,10,10,10,10,143,136,23,10,10,162,10,124,10,62,10,10,441,61,10,15,42,10,21,205,174,10,46,10,10,196,19,133,47,10,144,12,23,18,10,10,49,51,85,21,452,40,10,66,10,10,93,77,56,10,44,458,394,10,10,70,10,87,40,285,10,53,200,24,36,10,126,84,118,486,10,61,116,10,90,10,93,55,155,13,185,13,202,15,32,16,239,10,31,16,192,59,5445,29,22,10,344,16,139,36,93,161,10,10,93,72,35,220,10,127,191,64,175,10,55,99,67,10,160,10,33,547,57,140,87,64,146,110,61,99,231,10,40,10,159,106,226,88,13,10,56,179,22,10,10,149,36,76,33,127,10,289,10,41,74,44,108,11,72,10,10756,301,85,68,45,153,10,10,10,10,10,20,10,37,10,567,25,120,65,10,107,28,99,10,167,10,68,68,13,10,328,11,68,133,20,10,709,10,47,20,11,14,38,10,10,120,2293,10,37,59,27,83,10,10,157,10,10,46,145,10,30,139,10,10,10,10,125,616,39,436,10,132,864,590,36,174,240,10,10,10,10,318,10,72,10,89,230,168,441,30,92,10,10,10,10,65,35,10,295,296,53,10,348,10,186,75,10,38,63,10,10,10,65,10,10,10,123,10,10,10,295,210,81,10,430,172,10,10,90,224,10,36,117,11,708,41,33,118,51,18,109,10,10,10,265,10,265,1813,14,76,10,488,186,10,516,531,71,25,123,30,377,36,92,10,326,14,19,209,45,10,19,10,105,25,88,31,10,24,283,421,307,10,10,189,19,314,51,10,10,10,10,10,82,430,339,27,288,10,376,101,10,140,217,CMD
123,10,10,10,10,86,417,10,10,92,22,10,11,107,54,10,335,10,61,81,413,10,95,310,10,639,38,10,10,10,45,10,400,122,10,206,74,93,13,333,560,10,81,115,171,38,65,229,54,10,10,276,85,85,422,10,43,68,78,10,201,97,10,161,633,38,10,30,10,92,31,80,10,10,10,197,211,331,26,10,106,62,10,58,10,35,43,118,153,51,35,250,51,72,294,86,92,10,10,144,382,700,10,112,32,1351,135,10,77,146,10,375,10,10,26,91,141,220,10,10,41,152,199,166,320,10,104,16,127,10,10,10,187,100,96,493,94,10,176,46,48,87,127,66,10,106,172,28,10,10,408,95,502,44,21,10,108,10,10,253,10,64,1195,46,67,491,441,399,55,66,10,10,177,10,45,140,261,261,174,181,134,10,10,10,10,214,10,292,302,243,92,226,10,331,42,235,10,152,98,144,10,1439,10,186,102,33,127,10,108,103,163,10,10,124,44,13,154,57,10,87,223,10,136,10,93,10,10,195,10,71,150,453,65,452,136,10,10,10,10,306,10,10,112,10,10,10,394,10,118,32,10,83,58,262,118,133,10,159,217,55,121,76,75,10,76,278,68,10,10,36,60,10,10,300,192,58,80,302,10,10,156,252,87,10,107,86,10,187,26,143,91,151,97,10,83,12,118,10,75,245,213,88,10,10,55,62,10,320,157,202,313,10,10,10,108,10,318,10,10,63,63,137,552,10,35,281,71,249,10,83,10,14,140,86,10,103,10,10,67,10,213,16,10,43,26,452,50,42,71,10,433,10,214,10,10,10,74,469,236,92,124,66,98,24,10,121,126,10,143,106,268,40,78,10,77,232,120,147,10,171,10,46,134,121,10,82,34,10,10,10,50,574,46,203,10,10,161,10,10,10,10,10,58,76,35,10,10,10,260,2220,258,235,369,10,106,10,137,10,10,172,40,360,56,333,10,115,93,10,33,10,356,16,52,205,310,91,60,10,131,152,10,217,10,156,10,10,61,368,10,212,60,10,86,141,10,76,10,172,10,402,10,10,489,235,204,10,12,117,25,262,434,239,10,10,60,127,88,10,83,61,30,32,112,17,10,46,58,65,61,121,171,35,53,53,87,10,10,10,71,10,10,91,10,10,50,123,10,172,10,87,335,180,155,125,132,112,32,10,30,425,65,20,152,97,10,3566,537,481,10,434,10,76,70,243,10,10,10,106,161,10,10,139,51,10,423,201,10,67,137,65,231,12,141,10,10,57,298,164,87,16,311,73,175,93,10,10,10,387,65,179,67,30,137,10,135,57,25,10,66,249,83,140,50,10,10,6050,10,10,177,10,127,310,118,135,10,106,122,147,10,116,461,10,142,10,36,282,422,10,10,193,601,272,190,48,91,104,111,11,189,143,45,161,67,274,389,1432,10,113,10,10,60,262,53,10,103,190,131,130,88,117,150,389,61,125,10,10,135,46,175,10,21,126,571,2379,62,10,54,85,105,14,499,74,100,10,213,10,10,393,538,175,250,331,11,179,46,105,131,10,10,83,10,64,10,293,97,17,765,10,452,293,170,10,10,10,10,24,460,125,47,28,120,85,118,216,10,66,237,10,71,73,28,255,10,10,102,14,152,195,10,66,315,106,469,11,134,10,63,45,157,10,10,1164,10,83,190,23,40,10,10,334,129,162,10,95,10,10,10,10,60,151,107,314,145,85,273,382,10,166,10,274,45,256,10,10,10,55,34,48,55,46,189,10,215,488,123,10,10,366,10,1296,10,226,201,157,180,191,10,130,157,45,10,17,212,171,175,117,10,96,10,338,2217,10,32,65,42,76,23,281,313,10,10,10,135,98,15,81,27,10,34,27,400,125,311,11,45,73,54,10,76,23,116,183,10,55,64,10,247,175,335,320,10,10,166,246,10,145,332,81,10,10,80,185,68,102,185,10,CMD
10,10,260,36,10,93,576,292,98,10,10,10,140,10,452,10,365,283,424,87,567,61,23,164,23,10,770,38,567,74,258,46,10,10,93,10,456,164,200,27,10,222,207,10,46,10,166,10,102,266,452,454,271,298,369,14,395,81,149,102,418,202,130,85,136,158,226,119,401,19,251,61,228,198,10,207,113,213,228,10,241,121,222,10,226,10,10,29,849,10,140,10,160,10,491,198,151,362,219,74,10,87,10,448,96,10,10,10,151,228,83,10,10,350,51,25,435,117,10,10,10,10,10,10,431,10,192,213,72,578,113,219,341,296,162,10,266,10,10,70,10,138,10,10,232,10,427,10,61,158,10,151,10,599,303,10,155,10,89,211,10,427,10,10,32,10,10,10,185,333,140,10,10,266,209,343,25,10,10,10,81,81,10,55,70,348,19,10,2549,10,96,10,192,390,204,228,194,153,136,283,10,57,10,491,125,125,10,2863,179,46,29,72,10,10,10,93,298,12,10,10,113,298,288,12,10,1099,21,10,401,10,328,155,29,213,183,10,10,83,10,10,542,74,269,578,10,183,10,49,395,330,204,10,158,10,10,145,10,104,316,202,179,113,337,10,10,241,10,10,10,10,2927,96,196,140,375,10,10,104,128,140,388,194,153,104,424,10,72,155,10,10,10,192,74,249,273,177,320,10,10,10,19,478,266,625,55,91,49,10,10,10,21,288,10,10,10,72,655,147,10,166,10,64,10,10,339,382,168,164,49,108,10,100,10,264,10,10,10,10,10,356,187,435,226,29,10,10,128,76,10,134,230,183,196,271,324,14,303,535,283,96,10,10,279,185,113,661,64,228,123,290,322,175,106,10,437,155,108,108,192,10,70,10,10,10,14,10,72,10,17,10,10,44,145,132,10,55,100,115,85,140,111,1112,91,123,10,162,10,10,10,2391,21,209,14,143,57,10,32,70,162,371,313,341,10,10,179,10,143,10,486,10,1364,207,209,117,491,149,106,85,10,10,36,10,213,10,286,10,249,254,96,10,128,177,166,926,10,209,10,352,316,10,23,10,106,557,10,10,10,89,10,815,217,10,106,32,358,177,392,749,151,170,177,356,204,256,10,10,132,119,164,14,456,10,10,10,57,10,10,10,10,10,288,115,183,10,546,10,1588,87,10,337,467,40,140,602,732,190,55,10,91,602,168,158,247,10,10,10,10,10,266,10,243,49,166,10,121,10,59,10,286,10,106,143,145,72,1182,493,452,239,358,179,123,143,85,10,12,10,70,239,70,10,10,10,439,10,303,254,72,23,294,279,72,969,136,343,49,10,10,10,222,155,81,10,134,10,10,1891,151,10,1234,664,170,226,151,158,10,226,10,10,10,10,14,10,10,89,74,10,499,149,266,3110,44,10,183,245,224,46,100,279,377,70,10,83,113,83,10,36,10,303,72,19,151,42,241,93,185,260,10,10,194,10,34,10,10,10,3992,516,288,113,200,143,187,89,10,4631,10,217,192,1486,179,10,484,79,38,209,10,10,64,1855,10,10,202,450,44,542,36,478,72,10,140,10,36,288,578,548,76,10,928,10,66,10,168,456,412,66,621,1554,132,10,10,10,10,10,10,234,10,10,55,254,254,68,91,770,123,465,570,10,10,283,10,301,913,230,358,305,303,237,38,10,10,10,74,10,10,64,474,10,155,322,74,10,224,286,10,352,140,85,10,10,162,10,10,482,27,119,10,16000,10,196,10,254,10,10,70,76,247,55,192,168,72,262,10,128,311,10,625,10,350,548,166,753,10,200,108,305,369,200,337,456,10,76,10,125,251,198,373,339,239,228,580,646,2382,217,123,822,354,1041,42,125,790,170,104,10,232,10,198,91,10,10,10,27,10,10,1300,10,510,168,145,217,196,151,283,10,102,187,121,204,10,10,629,10,10,10,10,10,10,10,111,10,209,10,166,362,46,10,301,194,CMD
331,91,124,453,121,1659,5752,445,232,105,436,10,96,1584,10,10,409,636,188,248,4480,94,190,127,160,851,127,10,10,118,2442,22,10,10,10,1872,290,10,132,304,752,85,276,10,804,10,105,10,107,33,196,10,10,80,768,165,475,27,69,10,436,110,85,190,495,110,472,10,10,10,27,60,193,10,320,10,35,257,10,199,326,66,10,19,22,627,10,94,193,948,10,10,10,799,49,10,27,116,129,127,63,273,10,10,5332,210,904,755,49,10,10,10,265,102,30,218,10,10,2840,149,10,74,94,10,10,10,22,99,10,146,10,384,74,10,27,342,1192,365,265,10,215,33,519,10,10,271,1009,370,522,143,94,1440,16,550,10,10,229,13,105,60,10,58,392,124,80,295,118,10,33,10,10,226,246,152,237,273,212,193,10,10,179,276,60,10,201,190,403,1399,727,10,10,10,22,257,212,179,116,4143,276,60,88,35,688,10,41,44,1133,82,129,116,10,340,190,431,116,10,304,384,10,403,10,221,132,49,1009,290,235,10,11,237,10,27,810,10,318,2516,10,10,44,138,10,1664,44,229,141,30,224,10,10,298,1053,85,10,177,10,38,10,10,395,146,10,94,10,472,13,71,74,88,221,406,10,10,58,483,10,116,373,10,10,22,215,44,10,116,210,116,80,10,204,188,348,199,154,74,10,102,10,517,10,326,10,10,1006,10,221,63,88,218,179,102,304,88,279,10,94,41,10,11,177,60,30,77,10,298,508,99,10,44,102,279,10,306,157,10,41,82,207,110,96,58,10,66,10,412,345,517,154,326,13,10,10,102,1308,10,82,10,602,10,160,10,58,165,749,779,417,96,10,24,10,1518,10,58,10,2339,41,10,138,2447,376,58,49,304,1106,318,199,10,10,19,436,52,163,127,19,221,1225,306,340,171,10,212,10,10,10,10,185,470,771,10,10,10,141,138,315,221,10,10,10,10,33,207,10,923,10,271,1139,30,10,10,10,1042,10,91,10,121,779,55,124,10,813,10,49,105,1161,105,483,10,185,10,10,954,160,10,96,506,10,30,257,66,10,276,11,276,1487,1205,138,10,10,10,10,683,30,143,10,625,47,10,10,10,82,10,210,373,190,10,879,10,138,10,71,118,10,47,276,177,10,10,10,10,10,373,60,105,1526,2168,10,10,74,118,10,445,121,10,88,22,243,10,10,10,10,287,41,77,224,71,55,320,10,165,282,943,13,586,10,38,10,10,10,10,116,10,177,10,129,295,10,107,85,10,10,10,10,141,124,1587,708,298,376,10,63,10,271,113,298,91,10,10,69,116,10,10,10,157,135,110,188,10,22,622,10,91,229,160,10,376,71,544,96,66,113,10,398,107,141,116,10,24,10,389,154,10,10,721,403,171,323,10,1028,483,10,478,224,401,564,218,273,10,10,420,420,210,677,10,10,10,423,257,121,163,605,2826,143,85,304,760,730,10,171,19,10,10,10,44,71,74,35,160,561,268,82,196,10,107,149,5794,265,141,10,63,121,168,10,91,403,10,10,30,10,367,188,113,10,10,10,472,10,10,143,118,10,10,232,113,10,10,99,389,10,10,1974,348,10,10,10,177,69,96,10,10,323,82,107,589,82,10,94,99,10,154,157,10,196,91,10,10,721,10,10,10,265,10,641,55,10,149,10,1020,1050,10,10,572,10,674,10,392,10,254,210,10,10,1178,80,10,63,10,318,290,10,10,201,19,10,423,165,10,10,10,730,177,528,179,129,10,157,442,10,354,10,132,10,149,835,10,10,10,489,514,10,10,226,10,10,10,10,196,10,10,10,326,10,107,10,920,218,177,226,282,94,10,10,10,10,141,10,16000,10,2021,224,10,10,691,19,10,10,340,127,10,10,24,262,301,107,10,44,578,10,237,2903,179,633,146,174,10,10,486,315,10,1070,395,356,10,199,10,10,52,10,10,94,71,655,10,539,16,41,96,10,2027,CMD
10,123,123,667,283,1370,11132,182,156,237,81,10,159,895,153,166,397,156,10,52,1009,87,42,26,91,19,133,10,52,10,97,10,91,10,16,10,10,35,10,45,10,205,143,104,231,10,71,35,244,10,10,10,10,218,719,10,758,65,188,237,657,133,10,123,55,113,338,10,550,10,10,283,52,341,159,78,39,10,10,10,104,240,270,29,10,52,10,10,218,10,10,48,52,338,293,10,10,10,71,10,52,286,16,10,944,10,58,10,172,10,10,231,166,351,130,71,10,10,315,78,10,29,182,10,126,306,39,10,146,309,10,299,16,198,10,10,745,65,10,10,113,188,71,48,10,42,10,100,325,58,410,192,237,104,10,10,32,32,159,309,97,309,237,169,133,61,10,159,10,10,10,45,10,10,263,146,104,97,205,42,10,10,159,22,71,10,74,10,61,10,10,6879,91,10,10,10,87,55,10,39,10,94,10,10,71,55,364,1559,94,10,325,10,61,237,10,159,227,156,687,10,338,10,32,10,123,10,10,120,10,10,10,42,10,10,74,10,10,10,179,10,48,136,45,169,179,19,488,10,341,237,185,126,58,10,10,169,91,253,179,10,104,22,10,10,146,153,10,68,110,387,328,10,10,491,10,446,68,247,162,136,10,10,10,10,10,205,58,10,68,205,10,71,117,146,16,91,10,84,410,192,10,169,48,10,16,29,146,16,218,159,10,123,10,10,10,126,39,71,10,126,39,10,266,104,78,10,10,270,45,10,257,52,10,35,104,45,126,97,65,97,22,198,42,237,68,71,94,113,81,10,78,97,442,563,227,10,397,10,143,133,146,78,231,117,182,10,10,10,97,10,10,280,61,10,10,10,266,10,315,65,29,110,97,74,10,10,10,10,32,10,107,361,10,13,550,39,10,192,10,143,214,10,16,19,42,485,227,84,32,800,58,963,10,146,126,2171,10,10,10,10,42,1094,55,22,273,55,143,22,74,10,10,218,113,48,276,26,123,123,960,10,97,10,420,175,208,10,48,61,140,10,10,117,126,48,58,208,13,10,29,110,10,107,162,260,478,10,58,10,10,696,19,10,10,10,10,10,10,413,87,120,91,126,16,10,888,74,10,94,87,16,755,107,42,136,68,10,10,153,10,10,10,172,10,10,299,19,10,10,130,172,423,10,10,42,175,107,10,673,175,218,501,169,10,107,120,42,10,10,81,16,126,638,84,52,10,10,71,113,257,107,140,214,10,10,10,10,10,10,107,117,10,42,65,514,26,35,338,10,140,182,407,58,10,26,10,175,81,68,10,169,253,579,10,10,227,172,10,260,110,214,22,10,10,107,10,289,117,97,10,10,172,65,872,94,140,123,10,149,84,185,10,68,10,32,32,78,605,19,126,68,10,94,10,201,126,227,68,257,286,214,140,10,205,384,543,65,10,322,862,755,52,16,175,13,240,10,87,97,10,214,26,123,10,328,286,32,10,153,42,10,231,143,10,761,10,149,10,10,55,10,10,185,61,10,107,10,55,10,10,10,10,10,143,19,107,10,97,143,231,10,97,81,120,10,136,289,10,10,547,283,10,10,10,39,120,35,537,10,123,78,10,117,65,10,10,198,172,113,61,10,78,10,13,205,459,416,10,182,371,71,367,74,19,130,10,192,29,10,10,104,10,126,42,84,10,283,136,10,10,10,42,130,74,130,237,1012,10,19,55,10,10,361,10,10,10,4017,10,10,162,364,100,71,10,156,10,227,52,133,10,276,543,10,10,10,547,201,10,227,65,10,10,32,10,140,94,71,231,302,10,97,10,175,338,61,413,10,68,10,10,10,2796,214,133,4317,10,156,266,10,10,10,107,10,10,690,260,39,35,29,299,312,218,78,26,387,100,234,68,10,81,10,110,257,156,10,74,439,276,42,140,78,195,10,10,10,10,42,104,270,136,10,296,312,16,10,263,439,CMD
10,10,97,10,10,10,336,164,10,10,262,77,97,10,327,199,268,20,120,10,267,23,10,127,81,10,115,63,10,10,76,157,10,201,64,639,10,97,92,10,152,175,10,53,10,223,102,29,92,201,10,10,10,64,460,60,50,439,14,182,235,109,34,10,183,10,10,68,395,62,80,81,157,149,10,10,10,10,61,10,69,10,82,119,10,167,31,10,55,10,159,109,159,289,76,172,98,64,205,86,14,406,10,336,148,10,33,335,61,89,10,54,10,96,91,62,200,270,10,77,10,17,10,10,10,10,10,64,26,127,10,84,72,207,427,317,264,10,259,14,10,16,156,89,230,10,197,41,69,52,110,10,1220,48,139,70,20,323,10,287,145,231,87,73,207,10,10,135,109,251,205,252,67,10,10,74,10,39,106,254,72,90,154,95,84,68,68,243,479,63,124,14128,50,299,129,60,228,10,83,128,10,148,10,52,48,138,176,755,153,143,177,107,14,542,10,103,53,10,504,27,36,81,10,60,10,33,65,308,29,10,174,482,114,153,10,10,496,143,10,1376,10,10,223,105,10,10,147,206,199,86,272,62,251,112,15,88,273,199,10,14,122,131,185,10,149,32,20,89,10,10,67,184,242,10,125,10,10,76,10,135,10,228,111,10,35,103,230,52,172,68,112,120,10,169,10,136,116,10,111,197,35,130,44,765,296,16,74,136,24,63,21,242,99,91,139,53,10,68,10,120,79,163,264,10,10,135,267,15,122,61,10,32,101,10,10,52,78,169,17,442,10,210,53,194,10,10,10,43,10,184,121,10,238,48,10,221,25,10,89,10,59,10,41,10,10,138,10,10,10,82,214,119,21,10,27,118,200,224,17,218,10,232,266,70,138,35,103,10,10,101,40,173,10,212,324,122,41,64,70,69,1764,152,273,130,10,10,10,866,228,1777,723,287,144,10,55,5629,98,10,139,41,10,33,10,10,200,10,148,10,90,10,50,50,53,101,184,97,10,32,80,63,150,10,160,174,26,462,131,197,14,62,10,129,248,10,10,81,10,74,212,193,10,10,10,196,384,10,89,10,355,27,158,62,10,36,162,84,86,797,51,63,22,33,137,39,10,10,125,61,20,23,10,27,126,239,160,88,10,10,187,61,169,10,160,10,112,286,202,39,72,77,10,48,154,79,10,95,15,10,59,10,911,40,10,10,16,139,178,52,13,10,10,63,91,349,101,10,10,31,10,24,10,10,10,45,506,251,89,58,107,279,68,50,308,10,82,282,48,10,98,10,130,239,489,10,62,10,53,26,129,270,186,889,40,183,10,20,10,10,193,193,10,10,160,537,106,12722,54,92,17,135,58,10,203,10,221,184,71,73,145,10,259,10,24,13,10,183,271,10,10,38,16,73,119,10,10,10,42,165,15,10,10,10,107,178,74,32,46,122,474,229,103,10,92,74,67,168,10,10,73,112,41,297,333,71,1333,410,74,106,109,108,39,86,32,1056,10,10,21,103,110,35,259,106,10,234,98,152,96,100,440,79,34,105,10,167,267,10,120,31,35,192,10,10,39,277,76,10,712,705,10,98,10,86,77,10,80,275,112,275,10,1387,41,10,10,10,178,10,471,157,139,42,10,82,41,106,125,10,116,371,10,53,10,172,204,33,99,1105,917,10,93,10,40,19,10,10,514,10,10,10,10,93,114,1882,371,10,10,10,10,575,10,134,10,276,116,10,35,620,10,205,187,105,434,130,102,10,10,91,19,10,10,116,60,10,140,207,10,50,157,263,10,10,10,10,140,174,10,216,67,174,11,90,153,57,10,33,98,10,355,412,381,130,1595,124,196,314,39,10,234,709,141,10,10,1059,73,10,175,120,110,57,12,49,160,10,179,10,78,76,10,10,10,10,88,156,10,166,10,10,182,97,215,124,49,10,478,216,10,188,220,163,10,143,68,25,109,294,171,210,CMD
239,88,99,10,10,60,653,57,10,10,10,10,50,10,53,103,36,10,80,65,459,182,79,219,124,81,207,67,352,104,176,238,293,285,16,659,241,18,106,335,102,92,146,32,226,10,37,55,163,85,134,10,10,50,404,85,320,183,170,42,99,170,46,141,486,42,216,10,210,119,115,10,10,111,39,10,10,10,35,23,135,74,70,43,42,42,47,155,328,37,42,10,92,376,40,113,84,10,10,62,42,452,10,285,185,57,96,187,34,50,10,132,50,14,146,21,99,18,115,76,10,77,10,35,152,96,20,195,66,182,10,30,24,220,114,10,131,48,23,180,51,10,81,69,16,48,181,97,73,109,48,103,2136,65,192,10,77,10,69,165,42,256,147,10,56,31,10,10,58,140,10,154,33,127,10,79,61,77,41,70,88,71,229,276,42,846,62,133,3230,89,97,32,159,429,10,10,10,45,53,105,38,127,10,265,51,10,26,443,85,64,66,103,101,47,73,10,40,124,10,107,142,53,122,185,38,93,112,26,15,173,149,35,112,360,65,10,10,251,272,354,158,10,63,28,10,129,355,400,86,168,130,67,106,82,63,47,10,169,80,34,45,60,146,10,43,92,161,90,10,10,158,97,10,10,144,768,10,174,79,88,56,103,341,72,95,109,574,61,10,54,37,113,105,53,121,130,88,10,29,176,66,173,174,14,94,177,42,253,62,10,125,277,22,10,121,229,248,75,143,32,64,62,10,10,103,28,53,194,22,23,128,205,80,10,47,47,16,83,121,10,60,218,10,112,31,19,52,77,17,87,591,93,10,10,10,39,96,26,152,10,32,109,171,174,68,10,84,78,59,510,116,127,186,87,17,323,96,55,97,10,41,164,10,207,10,107,91,238,87,10,77,160,47,174,195,229,55,87,109,34,10,10,62,47,81,179,10,10,299,31,28,195,32,75,56,136,10,119,10,154,25,68,268,130,10,74,10,90,63,149,1387,50,60,31,28,112,98,10,19,509,43,309,380,10,473,10,506,128,10,10,16,353,54,152,10,54,10,79,130,106,27,1147,293,1302,10,182,40,32,10,325,171,133,10,88,86,84,51,143,239,69,10,10,10,116,10,110,60,23,133,115,180,14,78,145,70,47,10,10,66,10,72,37,22,10,85,228,231,116,41,235,78,54,155,10,63,25,131,115,294,216,174,10,50,76,37,111,208,24,17,147,284,10,108,186,131,158,23,42,119,387,64,178,182,63,284,159,275,17,109,103,50,93,81,10,41,263,10,71,56,48,102,66,306,217,10,10,10,10,10,261,28,41,69,10,165,92,46,10,286,208,123,10,24,482,91,2694,56,12,10,70,20,133,103,10,10,51,19,112,52,34,987,10,136,32,56,10,223,38,13,322,13,10,81,120,10,47,18,149,382,10,121,78,114,88,10,24,10,79,10,10,82,325,10,75,114,33,13,235,47,103,145,10,102,47,3466,108,250,66,13,16,76,50,10,1158,10,36,10,159,10,245,385,88,10,304,10,111,74,342,10,216,32,266,10,10,14,130,10,10,15,28,17,69,145,10,78,805,329,588,192,73,149,10,10,39,266,13,27,10,76,84,10,22,10,48,84,63,10,32,106,151,31,214,10,57,20,23,105,217,10,32,362,25,64,74,182,1560,139,108,14,60,10,1272,10,10,99,215,38,224,75,99,10,443,10,99,78,54,10,10,68,13,10,300,50,88,65,971,10,317,63,23,31,25,10,56,162,10,77,102,100,11,10,22,280,10,270,10,118,381,13,10,10,74,115,29,71,96,177,152,47,77,100,80,147,225,165,149,133,167,11,385,767,84,53,173,23,126,79,78,469,174,10,10,73,29,60,10,59,40,72,64,10,39,56,53,10,10,20,10,38,221,31,82,10,66,31,109,22,71,31,33,38,10,66,68,10,135,157,112,10,15,65,285,81,402,43,69,DMD
16,84,47,10,10,86,891,193,93,58,27,42,10,26,97,81,470,10,517,67,644,161,33,200,123,338,132,158,10,52,10,10,324,317,10,687,30,96,162,266,697,57,22,10,91,10,122,81,167,87,128,104,571,92,633,232,212,142,151,23,10,10,62,123,745,52,10,288,185,172,10,105,10,32,33,10,643,10,145,59,132,59,18,227,10,10,67,50,186,10,92,10,137,54,44,157,48,20,69,255,10,905,183,10,205,735,10,472,81,230,10,295,67,116,221,31,171,10,10,56,98,55,76,2620,331,10,104,10,122,253,10,10,150,33,226,366,61,11,254,211,109,65,47,47,155,870,246,148,335,10,17,63,677,10,406,69,523,10,140,11,44,251,795,10,71,194,34,45,16,119,10,130,10,283,10,78,10,45,52,10,191,28,49,303,83,759,10,133,571,10,101,10,120,162,116,25,18,528,232,107,15,1386,235,437,101,31,10,654,174,22,64,128,50,70,208,71,204,139,10,142,138,10,117,142,34,27,217,10,10,340,663,39,242,1060,32,198,10,12,347,10,36,10,108,10,353,10,272,426,295,10,455,99,44,73,23,118,80,53,90,74,110,122,312,10,310,167,348,70,10,10,58,155,51,10,288,42,67,340,128,34,89,283,585,161,44,50,588,129,65,102,10,601,2216,120,158,165,413,10,10,120,102,526,180,53,223,10,67,150,61,107,421,389,36,10,186,143,212,77,10,50,84,114,564,10,10,25,59,362,94,33,90,490,80,94,59,814,57,136,272,27,124,61,10,141,47,10,56,57,84,45,736,21,10,10,293,10,10,18,17,10,10,33,342,373,25,10,10,142,19,73,179,126,27,10,10,10,151,10,140,65,167,135,75,454,10,10,42,173,123,10,33,284,81,220,43,80,88,20,143,23,10,13,86,177,54,10,10,10,10,236,331,11,65,138,43,10,10,23,10,253,34,10,324,175,120,53,310,68,29,317,1424,105,97,73,128,120,189,96,26,73,16,80,10,23,832,10,448,202,114,118,101,184,10,68,10,10,10,127,10,538,129,880,917,401,275,10,262,10,40,95,116,10,196,357,82,177,46,14,43,225,91,28,78,10,10,26,32,68,10,10,225,220,43,33,392,49,5296,137,140,10,103,138,48,482,274,135,467,54,37,10,24,103,110,10,136,16,88,10,229,335,230,101,93,62,171,117,381,360,103,628,10,135,136,100,292,125,90,77,156,1125,145,144,242,96,130,244,139,10,181,10,137,82,229,10,75,369,205,88,173,363,234,10,346,10,10,98,16,10,212,1427,20,27,137,10,185,456,239,10,247,371,202,388,10,264,207,385,177,431,52,274,109,442,129,10,10,160,71,10,26,133,1885,10,118,65,22,10,663,12,180,10,30,113,53,176,10,122,137,18,91,110,79,50,312,52,74,278,289,200,10,107,10,2166,86,66,30,135,80,175,122,136,55,44,148,17,229,171,10,62,10,10,58,154,10,3020,569,120,145,34,191,54,638,139,101,10,98,11,10,10,64,200,193,185,56,67,10,87,10,10,10,123,166,145,122,10,87,1188,494,377,157,139,117,10,17,61,250,10,425,10,79,89,10,59,10,16,203,105,10,16,98,185,62,343,222,194,198,587,517,596,10,212,1489,82,339,71,220,10,126,50,32,177,10,1010,255,10,119,87,405,76,198,493,144,169,23,154,10,79,10,10,116,97,10,31,415,147,35,663,28,227,10,252,10,294,10,275,147,10,84,31,106,65,10,10,242,10,199,107,218,202,43,216,26,42,52,10,129,10,192,262,138,171,110,367,231,38,10,201,29,403,51,390,2823,41,35,397,24,367,66,312,411,277,22,430,109,196,26,53,435,133,110,10,210,83,124,83,339,10,25,14,30,94,31,46,10,141,10,144,151,29,121,63,175,219,10,47,68,202,350,147,10,107,63,536,54,201,194,10,DMD
58,76,67,10,10,49,53,46,10,10,28,39,19,10,137,10,218,90,161,10,59,149,25,76,112,10,88,96,241,20,10,10,171,10,75,224,88,29,79,26,345,114,17,10,10,10,26,10,116,132,10,52,104,61,10,41,165,271,145,98,73,30,10,186,645,41,218,36,334,77,46,54,31,181,75,10,557,35,26,21,89,18,86,37,71,72,59,48,371,10,17,10,10,140,10,45,10,10,41,25,29,1007,90,63,10,10,82,127,10,20,10,404,27,10,153,14,104,34,10,32,106,10,10,10,92,21,99,48,10,13,10,27,10,215,96,133,10,25,50,93,38,61,90,42,35,67,47,104,35,16,10,23,843,10,145,13,105,10,10,77,10,107,10,63,58,36,40,60,10,140,10,112,12,100,83,17,61,81,79,33,66,86,217,136,25,146,34,49,10,10,10,10,99,125,10,78,13,55,42,29,10,12,10,183,36,12,10,24,39,71,10,64,86,10,194,10,64,94,10,59,79,10,87,84,10,22,210,26,15,24,39,12,10,145,55,18,10,104,317,352,25,10,56,10,10,37,126,270,138,10,200,77,95,98,56,43,50,50,43,33,53,62,236,10,118,52,87,47,26,36,10,131,10,12,10,279,10,75,42,17,837,151,284,89,11,10,277,85,46,42,13,285,183,12,88,68,40,10,26,59,111,227,165,10,10,46,33,82,43,10,18,238,10,10,339,10,41,109,25,15,110,37,10,10,10,64,10,419,47,10,44,41,133,10,23,165,10,135,50,31,46,118,24,100,37,10,33,53,66,71,391,10,10,10,106,10,10,61,37,132,18,40,107,41,10,10,10,142,10,54,131,100,21,13,10,25,76,35,211,65,10,229,46,69,13,10,10,39,28,61,39,161,61,58,132,21,50,123,48,24,20,10,153,11,19,110,10,10,116,63,635,112,10,54,26,10,10,24,23,80,16,12,96,104,10,66,10,64,199,78,832,10,178,129,68,26,41,10,38,123,53,13,10,77,291,10,171,122,244,40,17,183,69,26,66,143,10,85,174,10,204,594,10,138,59,10,27,25,19,10,58,157,77,111,10,41,10,23,290,22,10,16,42,58,10,72,56,68,30,35,10,10,49,47,60,39,10,10,79,27,99,34,32,10,60,99,29,22,16,33,39,204,101,10,10,114,60,10,111,85,112,13,102,15,97,10,76,78,40,10,110,10,48,139,151,119,41,21,71,231,22,47,33,21,371,75,138,10,66,32,102,18,136,10,28,261,131,257,125,124,10,35,257,358,47,57,44,10,59,312,19,10,10,65,10,104,17,10,184,73,125,10,10,337,87,562,55,269,10,150,64,67,22,10,48,67,35,13,10,48,1149,10,13,46,10,19,297,10,113,10,11,10,132,80,82,46,10,74,71,112,74,76,123,19,10,27,57,83,10,106,19,85,69,32,27,103,141,31,93,84,52,69,57,19,1057,117,33,41,10,60,40,37,10,242,10,79,10,53,39,240,88,128,73,40,40,83,14,33,14,17,58,140,70,10,23,189,10,100,10,126,127,78,123,10,10,14,135,10,10,118,10,10,10,10,74,10,90,10,40,91,56,55,10,15,102,68,10,49,84,121,10,155,10,51,70,250,203,176,10,50,73,83,117,12,62,72,17,10,37,33,10,421,42,33,10,29,64,66,62,198,79,79,54,96,48,14,10,10,122,73,10,164,10,93,10,125,10,55,280,17,10,134,10,52,387,46,135,13,138,69,35,85,113,10,100,10,174,178,99,10,10,15,43,10,74,10,79,61,53,150,32,39,112,47,72,18,89,349,12,94,1170,81,42,10,41,10,10,222,106,10,48,261,59,40,10,46,10,79,64,10,137,10,35,13,33,26,28,10,32,10,34,21,10,49,50,78,52,10,49,56,156,10,10,10,10,10,88,136,10,14,23,73,14,10,36,13,DMD
10,10,32,115,10,110,12636,45,167,10,10,147,17,363,69,10,32,89,10,28,609,87,10,126,47,568,10,108,171,67,10,10,10,67,10,502,54,10,60,87,10,95,117,10,10,10,10,50,80,10,63,10,10,10,10,154,73,156,10,54,128,10,10,13,341,10,10,10,67,13,130,10,56,204,52,10,10,39,84,113,10,10,10,10,10,10,10,10,10,139,10,404,10,474,28,34,65,10,10,167,10,739,47,56,269,34,241,132,10,10,32,10,10,10,206,17,41,198,10,13,150,30,10,2502,10,10,10,100,143,276,47,10,63,117,97,134,10,10,10,250,10,10,10,32,84,230,10,215,54,65,78,130,1397,10,424,295,10,10,126,10,10,82,191,52,10,10,147,10,21,156,110,10,26,13,10,56,10,106,69,10,10,108,80,10,10,208,369,10,594,10,10,10,10,169,10,10,108,293,67,41,10,121,10,289,54,10,10,211,10,10,76,93,97,100,10,80,69,60,10,45,10,100,10,10,32,39,43,17,10,150,91,10,10,184,10,10,50,10,152,10,10,10,87,115,265,10,250,180,34,71,32,115,84,10,10,73,10,10,161,10,56,10,300,10,130,32,184,54,10,17,95,32,10,15,34,21,10,10,60,43,10,341,63,56,100,32,10,23,10,10,126,26,443,41,10,50,10,180,10,263,10,10,165,10,21,10,10,128,21,10,45,104,54,10,47,58,143,34,65,10,39,10,10,10,10,10,58,191,313,10,10,65,10,15,10,278,15,10,200,34,139,311,10,10,13,50,102,32,52,73,167,134,100,10,402,10,250,10,10,161,67,10,132,95,182,206,10,28,10,10,102,41,19,30,21,10,10,76,43,117,89,10,10,100,169,10,10,32,32,163,10,71,10,10,10,10,10,21,63,10,163,36,10,97,87,154,78,10,147,10,10,10,10,10,10,10,10,106,121,10,50,10,41,30,252,130,87,32,10,87,924,10,10,10,161,113,34,78,19,32,10,15,337,60,10,41,10,15,10,154,182,104,10,193,10,17,10,26,19,169,10,54,102,10,143,10,139,32,21,10,78,10,10,10,71,10,30,10,10,73,95,10,10,124,10,39,78,47,10,21,119,10,23,258,93,10,10,10,10,91,150,10,47,10,208,1377,76,184,17,119,23,10,10,76,326,10,10,69,84,26,10,84,10,10,10,10,10,10,89,97,10,158,10,10,10,10,10,10,36,352,10,204,60,10,239,39,224,152,10,10,10,19,10,10,39,10,10,10,10,19,10,52,563,237,10,10,47,21,78,143,21,13,10,119,82,10,167,10,10,10,52,10,10,842,10,1756,32,52,39,156,10,10,10,93,10,10,10,102,82,30,10,78,156,67,15,10,158,52,10,45,10,602,56,121,117,10,15,45,73,10,73,10,87,10,10,537,95,10,10,10,119,496,10,10,76,69,10,10,32,10,73,10,10,21,78,10,106,45,10,106,10,52,10,7084,10,10,106,117,71,110,10,10,10,10,10,69,113,63,30,10,10,82,26,65,10,10,10,10,56,104,23,10,10,134,10,348,485,10,52,1127,10,10,10,95,130,23,441,10,10,36,10,13,10,10,97,30,10,10,10,36,10,10,561,193,10,193,43,10,10,10,420,10,36,113,10,10,50,10,73,106,10,147,10,10,36,10,428,10,10,217,10,10,71,10,30,93,10,10,10,26,117,350,763,43,10,32,10,10,10,10,10,104,63,237,73,10,106,65,150,248,100,73,95,10,258,10,10,10,102,10,10,84,10,10,104,63,10,348,174,119,36,10,198,10,154,119,10,1049,89,10,10,10,289,515,65,187,10,280,10,250,10,10,10,10,265,126,10,276,10,10,10,32,10,10,10,10,84,80,71,10,10,60,26,10,10,10,10,10,585,124,10,639,10,10,15,10,10,10,10,17,39,10,10,10,65,200,DMD
259,17,138,10,10,10,267,10,10,148,10,10,44,10,10,10,336,10,196,10,459,10,96,82,10,103,10,10,149,10,136,10,10,10,224,10,99,10,67,10,10,10,107,190,157,10,10,26,57,10,15,10,10,10,263,42,67,10,15,10,449,155,10,80,817,10,10,10,10,103,10,10,142,10,65,307,10,10,21,10,240,107,69,10,10,21,76,10,44,10,10,130,311,65,10,10,10,240,10,73,48,332,23,384,344,10,10,10,28,149,10,215,19,10,384,159,211,178,251,10,10,413,10,10,10,10,138,92,209,10,10,34,10,10,292,563,365,10,10,10,10,92,96,10,10,49,10,117,10,211,40,10,10,10,10,21,10,10,10,10,73,10,530,10,13,263,10,405,169,10,10,10,80,71,10,10,138,82,155,80,196,71,10,10,10,246,249,84,10,130,10,10,13,373,146,126,55,188,10,194,10,149,296,10,211,32,10,10,10,10,13,10,84,10,10,340,10,10,10,10,67,10,10,10,10,10,148,161,194,19,615,124,10,10,10,10,10,10,10,10,10,10,10,80,10,10,296,10,10,376,459,88,10,182,105,10,10,19,163,10,10,10,263,10,19,10,10,136,10,10,24,10,10,173,10,74,42,126,10,24,399,10,263,10,10,78,10,186,10,132,10,53,824,10,10,328,10,10,92,171,10,10,182,10,10,161,65,276,309,10,40,10,274,10,105,10,582,10,90,124,10,10,10,10,23,169,10,153,667,10,10,824,184,242,107,448,10,10,80,196,26,51,10,10,65,10,165,10,121,10,10,10,21,10,82,10,351,232,251,10,10,10,15,161,10,174,10,10,123,46,165,10,10,10,10,121,10,11,34,10,90,10,28,151,432,10,10,10,10,115,10,196,10,109,10,107,48,121,80,10,92,10,10,76,36,10,48,10,10,10,107,99,213,10,26,10,186,140,88,10,10,36,40,86,10,10,10,10,10,107,1532,138,76,10,284,105,103,157,38,123,10,10,36,10,10,10,96,10,10,155,57,19,10,10,10,10,10,176,10,10,248,10,10,234,184,136,211,207,10,859,294,10,10,10,11,10,124,274,73,53,10,10,42,10,10,59,98,74,165,10,305,10,149,128,10,138,1682,10,163,10,10,38,23,10,10,10,63,10,10,967,382,10,10,319,10,49,36,10,10,10,149,176,10,230,10,10,32,311,10,234,10,51,10,10,74,30,94,10,192,1297,10,10,10,167,10,10,273,10,80,10,101,36,10,10,10,10,115,10,167,209,10,13,26,290,10,111,10,13,219,265,67,194,10,519,10,249,276,10,103,10,10,10,10,10,10,10,10,286,38,10,157,46,10,30,28,96,10,10,10,48,30,267,69,10,109,10,446,71,10,10,10,73,15,10,369,36,134,207,61,267,74,51,10,73,10,138,10,399,42,10,65,882,10,10,138,278,380,10,199,10,15,10,10,10,690,10,338,10,49,11,292,10,10,665,26,10,151,82,92,88,199,10,10,10,396,10,10,405,190,10,36,240,196,444,10,96,10,10,10,192,32,10,10,10,51,1420,659,10,251,1034,10,10,10,36,138,10,309,10,67,10,55,163,215,69,10,42,10,132,199,82,146,278,46,10,10,551,230,10,10,10,861,10,519,10,10,10,271,296,17,392,10,1026,10,315,10,10,223,10,228,544,74,10,42,10,10,173,10,10,10,76,267,190,171,117,301,669,10,69,10,10,71,199,151,10,10,48,69,186,10,84,394,78,46,10,384,10,10,10,10,10,10,253,330,23,165,30,21,10,213,10,10,23,36,73,51,10,1699,10,10,121,232,57,10,10,67,738,10,692,380,128,57,63,186,205,10,126,44,159,10,76,176,224,10,28,117,130,74,10,92,194,117,69,40,267,10,10,811,142,10,430,10,10,278,334,10,10,663,10,10,171,169,161,132,10,349,161,DMD
344,82,51,10,10,76,282,10,10,10,91,126,128,10,235,115,316,231,10,117,1020,119,145,10,305,616,219,243,130,57,215,177,135,251,24,510,103,10,155,379,38,50,10,76,10,88,93,78,188,114,81,190,10,158,188,220,78,129,10,295,10,228,49,196,129,158,344,177,365,96,147,87,21,162,35,10,10,92,110,87,252,167,178,176,105,103,287,379,1270,124,70,10,10,10,112,153,158,107,143,484,73,425,83,10,10,367,39,386,45,10,84,10,10,10,17,76,86,109,10,79,134,62,216,2242,10,10,10,164,98,573,10,304,111,174,219,318,10,63,185,382,73,120,29,41,101,54,569,57,50,256,103,157,412,145,10,1026,344,20,152,680,172,338,1528,87,48,10,216,110,10,240,10,302,19,133,10,10,362,50,92,13,139,51,256,115,202,373,609,228,4188,49,264,14502,39,1087,88,72,138,122,84,34,27,112,10,318,102,69,10,1446,90,53,204,57,19,10,40,10,152,95,10,107,211,31,148,199,116,65,93,256,76,147,143,580,169,1298,74,10,35,188,379,262,424,10,97,10,830,140,10,102,263,20,212,62,171,68,114,35,29,210,173,10,17,50,69,128,169,10,180,68,10,10,76,382,725,243,266,512,10,63,166,43,10,234,358,251,10,10,390,67,10,17,107,16,63,10,45,79,101,10,226,150,64,136,10,10,182,109,10,60,10,223,27,360,31,120,39,68,224,185,463,82,69,10,134,10,79,10,10,190,831,86,10,59,65,10,10,34,105,70,311,337,54,164,133,58,76,97,10,38,10,45,10,124,163,119,299,48,74,324,334,26,159,10,41,10,110,153,261,77,79,273,96,148,327,10,300,95,67,131,10,10,278,10,73,144,199,494,10,152,38,167,10,13,153,252,263,163,24,139,96,68,17,425,131,117,815,117,13,74,310,680,119,10,158,35,21,278,247,32,49,271,111,10,168,159,10,62,59,199,300,10,129,79,10,391,96,206,26,107,31,133,129,110,133,166,10,152,285,76,185,10,10,253,29,1699,10,229,10,125,153,365,10,1116,439,574,10,148,202,59,100,10,144,10,452,221,172,55,10,524,10,395,579,10,10,10,10,74,200,134,163,333,10,162,44,13,122,92,10,10,145,46,82,114,149,35,602,259,697,121,53,40,122,210,147,10,387,10,97,10,209,296,73,10,10,40,115,54,948,377,40,207,10,10,206,348,153,360,45,15,212,49,126,10,49,34,381,321,140,10,173,114,153,136,152,10,178,329,10,197,197,262,91,10,527,92,10,53,17,55,53,256,93,1005,139,81,149,10,122,10,169,436,115,10,10,10,469,1632,74,978,67,205,149,63,414,83,157,92,10,130,251,86,546,201,264,103,83,92,783,64,206,10,10,532,21,105,10,74,81,96,401,237,97,209,157,55,11,1149,548,176,1208,10,504,297,10,81,10,129,133,10,138,124,141,74,150,129,1374,160,26,96,68,107,84,148,256,5258,856,154,112,25,325,98,262,55,36,147,76,67,74,101,200,10,133,334,30,48,379,218,95,10,10,10,148,96,10,268,16,728,329,2782,482,2406,178,54,10,209,381,69,54,296,105,55,10,249,181,287,114,149,141,237,79,210,30,63,270,294,167,10,10,261,10,102,2536,70,126,119,10,389,200,160,192,926,20,10,150,10,2271,10,638,10,219,1970,237,68,29,84,43,10,457,90,31,382,78,283,2248,135,59,766,10,381,73,320,48,304,134,190,10,10,15,83,295,10,10,10,155,562,105,24,278,371,57,237,10,10,106,10,70,162,10,154,224,10,122,10,297,439,10,10,868,121,231,319,100,36,73,10,109,452,10,1286,174,987,38,10,167,185,92,138,34,484,10,16,237,149,39,10,349,10,10,10,79,30,79,381,372,130,74,10,209,77,2591,51,69,164,10,10,10,133,376,162,62,25,84,507,102,505,207,21,DMD
